,Event,Section,round,color,Oponent USCF,Oponent name,Rating,Result
2,THANKSGIVING OPEN,OPEN,2,B,17191145,RICHARD PARK,Unr. => 1300 (R),W
3,LADDER,LADDER,7,,15459235,ANDRE RAMON MCNEIL,Unr. => 1300 (R),W
4,LADDER,LADDER,1,,15220382,MANSUMEET SINGH,Unr. => 1431 (R),W
5,THE BILL WRIGHT SAINT LOUIS OPEN,U2000,1,,15155903,BRENT BUTLER,Unr. => 815 (R),W
6,2012 NATIONAL K-12 GRADE CHAMPIONSHIPS,8,1,,14954640,JOSHUA MATTHEW LEE,Unr. => 608 (R),W
7,3RD ANNUAL THANKSGIVING OPEN,MERGEU1800,6,,15021154,BRUCE BRAIK,Unr. => 1692 (R),W
8,LADDER DAY SATURDAY!,LADDER,3,,13717866,JASON PATRICK TODARO,Unr. => 862 (R),W
9,LADDER DAY SATURDAY!,LADDER,4,,13717866,JASON PATRICK TODARO,Unr. => 862 (R),W
10,LADDER DAY SATURDAY!,LADDER,5,,13717866,JASON PATRICK TODARO,Unr. => 862 (R),W
11,LADDER DAY SATURDAY!,LADDER,6,,14953604,RAH'KHEME PRYOR,Unr. => 103 (R),W
12,LADDER DAY SATURDAY!,LADDER,7,,14953604,RAH'KHEME PRYOR,Unr. => 103 (R),W
13,2012 GATEWAY SPRING OPEN,9TH AND 8TH AND UNDER,5,W,14860342,CORTEZ SNIPES,Unr. => 386 (R),W
2,CHESS CLUB LADDER,NONAME,1,,14687248,MATTHEW C CURTIS,288 => 284 (R),W
3,CHESS CLUB LADDER,NONAME,2,,14687248,MATTHEW C CURTIS,288 => 284 (R),W
2,LADDER DAY SATURDAY!,LADDER,3,,13717866,JASON PATRICK TODARO,323 => 323 (R),W
2,CHESS CLUB LADDER,LADDER,1,,14946085,TIMOTHY PAUL BAUR,443 => 443 (R),W
3,LADDER DAY SATURDAY!,LADDER,9,,14780986,JAMES CECIL HERRON,422 => 366 (R),W
4,2012 GATEWAY SPRING OPEN,9TH AND 8TH AND UNDER,1,B,14570042,JAMES A GRIFFIN,430 => 464 (R),L
2,CHESS CLUB LADDER,LADDER,6,,14056370,NICHOLAS HANRAHAN,520 => 519 (R),W
3,2012 GATEWAY BOARD TOURNAMENT,8TH AND UNDER,1,W,13933375,ISABEL T BRIELER,536 => 848 (R),W
4,LADDER DAY SATURDAY!,LADDER,1,,14525987,ASHWATH ELANGOVAN,511 => 509 (R),W
5,SEPTEMBER KNIGHTS,OPEN,4,,14860268,RONIT A KIRUMAKI,573 => 572 (R),W
6,LADDER,LADDER,3,,14549880,NICK KREITNER,533 => 531 (R),W
7,BACK TO SCHOOL BASH,OPEN,1,,14532654,ERIK ELY,558 => 573 (R),W
8,2012 NATIONAL HIGH SCHOOL CHAMPIONSHIP,K12U800,2,,14600064,ASHNA BANSAL,562 => 531 (R),W
9,2012 GATEWAY SPRING OPEN,9TH AND 8TH AND UNDER,3,W,14367388,AIDEN F REINHOLD,579 => 496 (R),W
2,2014 CLUB CHAMPIONSHIP,SECTION1,4,,12708488,GREG VANVALKENBURG,671 => 710 (R),W
3,WALDO ODAK OPEN,OPEN,1,,15197630,SUSHEN KOLAKALETI,663 => 662 (R),W
4,SAINT LOUIS DISTRICT CHAMPIONSHIP,SECTION1,1,,12708488,GREG VANVALKENBURG,690 => 686 (R),W
5,3RD ANNUAL BARBER NATL TMT OF K-8 STATE CHAMPS,BARBER,2,,13641853,SAWYER JOHN KENNEY,698 => 785 (R),W
6,2013 GATEWAY SPRING OPEN,8TH AND 9TH AND UNDER,4,W,15014995,NATHAN MITTENZWEY,615 => 796 (R),W
7,2013 GATEWAY ACTION TOURNAMENT,ACTION,1,W,14814191,JASON JIANG,657 => 692 (R),W
8,BON VOYAGE KEVIN,OPEN,5,,13455245,TATIANA K HOPPENS,610 => 608 (R),W
9,2012 GATEWAY BOARD TOURNAMENT,8TH AND UNDER,2,B,14549764,KENJI D SHERMAN,609 => 565 (R),W
10,SUMMER SLAM BASH,9TH-12TH,2,,14774585,JOEY D ALBERTSON,623 => 915 (R),L
11,SUMMER SLAM BASH,9TH-12TH,4,,14386462,HARRISON L GIMENEZ,603 => 765 (R),D
2,RATED GAMES,OPEN,3,B,31481563,ANDREW FANG,781 => 803 (R),W
3,LADDER DAY SATURDAY,GAMES,5,B,12708488,GREG VANVALKENBURG,710 => 737 (R),W
4,LADDER NIGHT,LADDER,1,,15184984,CHARLES PITT,779 => 789 (R),W
5,ROYAL RUMBLE BASH,OPEN,1,,14696827,DERIAN C RYKER,701 => 689 (R),W
6,2013 GATEWAY SPRING OPEN,8TH AND 9TH AND UNDER,1,B,14135846,RYAN DAVIS,795 => 786 (R),W
7,2013 GATEWAY ACTION TOURNAMENT,ACTION,2,B,14549853,MAULIK R PATEL,753 => 804 (R),W
8,2013 GATEWAY ACTION TOURNAMENT,ACTION,3,W,14788721,JASON C PUMMER,740 => 864 (R),W
9,2012 NEW ORLEANS OPEN SCHOLASTIC,K-8,2,,13943654,JAMES XIANG,737 => 741 (R),W
10,2012 NATIONAL K-12 GRADE CHAMPIONSHIPS,8,3,,13928003,NANDAN PATEL,797 => 808 (R),W
11,CHESS CLUB LADDER,LADDER,1,,14793873,BENJAMIN CHARLES CONOVER,796 => 796 (R),W
12,LADDER,LADDER,14,,12862388,JUSTIN MC CUISTION,732 => 832 (R),D
13,CCSCSL LADDER,LADDER,3,,14793873,BENJAMIN CHARLES CONOVER,796 => 796 (R),W
14,BACK TO SCHOOL BASH,OPEN,2,,14479986,CEDRIC Z BRUGES,795 => 760 (R),W
15,2012 NATIONAL HIGH SCHOOL CHAMPIONSHIP,K12U800,1,,14645114,JEFFERY M CARR,790 => 780 (R),L
16,2012 NATIONAL HIGH SCHOOL CHAMPIONSHIP,K12U800,4,,14120748,GIRI MOVVA,772 => 736 (R),W
17,2012 NATIONAL HIGH SCHOOL CHAMPIONSHIP,K12U800,5,,14523954,SAMANTHA TOBIAS,742 => 737 (R),L
18,2012 NATIONAL HIGH SCHOOL CHAMPIONSHIP,K12U800,6,,12917697,FLANNERY KATE EGGERS ALLISON,709 => 799 (R),L
2,SATURDAY RATED GAMES,GAMES,3,W,17003667,BENJI CHU,882 => 873 (R),W
3,LADDER DAY SATURDAY,GAMES,11,W,16370618,AUSTIN H WANG,874 => 899 (R),W
4,MAY KNIGHTS,EXTRA,1,,15428960,ROBERT BEEKMAN,891 => 891 (R),W
5,6TH ANNUAL THANKSGIVING OPEN,OPEN,1,,15327184,MARIO ROPER,893 => 893 (R),W
6,CCSCSL LADDER,LADDER,1,,15327184,MARIO ROPER,876 => 876 (R),W
7,NON-LADDER RATED GAMES,NON-LADDER,1,,15327184,MARIO ROPER,898 => 896 (R),W
8,NON-RATED LADDER GAMES,NON-LADDER,3,,15327184,MARIO ROPER,851 => 836 (R),W
9,NON LADDER RATED GAMES,NON-LADDER,2,,15184984,CHARLES PITT,846 => 847 (R),W
10,ROYAL RUMBLE BASH,OPEN,2,,14549737,NICKY TAGHERT,845 => 859 (R),W
11,2013 GATEWAY SPRING OPEN,8TH AND 9TH AND UNDER,3,B,14240253,PRATYUSH SONTHA,814 => 980 (R),L
12,2012 NATIONAL K-12 GRADE CHAMPIONSHIPS,8,5,,14516586,JUANANDRES VEGA,803 => 794 (R),W
13,LADDER DAY SATURDAY!,LADDER,6,,14316328,STEVE SCHUMAN,842 => 842 (R),W
14,2012 U.S. CLASS CHESS CHAMPIONSHIPS,CLASS E,5,,14160662,SINDHUJA UPPULURI,840 => 949 (R),W
15,LADDER,LADDER,1,,13717866,JASON PATRICK TODARO,862 => 862 (R),W
16,LADDER,LADDER,2,,13717866,JASON PATRICK TODARO,862 => 862 (R),W
17,BACK TO SCHOOL BASH,OPEN,3,,14317934,JONATHAN R GOLLAPUDI,895 => 913 (R),W
18,LADDER DAY SATURDAY,LADDER,5,,13678396,AKSHAY SRINIVASAN,821 => 871 (R),L
19,2012 NATIONAL HIGH SCHOOL CHAMPIONSHIP,K12U800,3,,14655105,ARI YONESHIGE,828 => 779 (R),W
20,LADDER,LADDER,3,,13522793,SAMUEL BRUCE BRUCE LEVINE,826 => 780 (R),W
2,2021 PATRICIA VOLLMER MEMORIAL,DFD,1,B,16847187,DUSTIN G MILLER,927 => 927 (R),W
3,THURSDAY CHESS MAGIC 07-03-2014,TCMOPEN,3,,13890335,SHAWN D BRADEN,962 => 963 (R),W
4,LADDER,LADDER,1,,14943524,AUGUST M MEYER,966 => 965 (R),W
5,LADDER,LADDDER,1,,12640271,DANIEL WEISZ,976 => 974 (R),W
6,2012 GATEWAY BOARD TOURNAMENT,8TH AND UNDER,3,W,13623312,MAX S BAKER,981 => 989 (R),W
7,BACK TO SCHOOL BASH,OPEN,4,,14561583,ELLISON GRACE VAN SCOY,973 => 971 (R),W
8,JUNE KNIGHTS,OPEN,3,,14866027,BENJAMIN PIROGOVSKY,940 => 917 (R),W
9,CLUB LADDER,LADDER,2,,14549654,DAVID KIM,961 => 1048 (R),L
10,LADDER,LADDER,1,,14549654,DAVID KIM,984 => 961 (R),D
11,LADDER,LADDER,2,,14549654,DAVID KIM,984 => 961 (R),W
12,LADDER DAY SATURDAY!,LADDER,1,,14777433,DMITRY MAKAROV,915 => 892 (R),L
13,2012 NATIONAL HIGH SCHOOL CHAMPIONSHIP,K12U800,7,,14555470,BRANDON RUTLAND,934 => 863 (R),L
14,CLUB LADDER,LADDER,2,,12640271,DANIEL WEISZ,969 => 977 (R),L
15,CLUB LADDER,LADDER,6,,14729148,JEFFREY SCHRANTZ,989 => 994 (R),L
16,2012 GATEWAY SPRING OPEN,9TH AND 8TH AND UNDER,4,B,14085198,THOMAS XIONG,991 => 957 (R),L
2,CHESTERFIELD SERIOUS SWISS - FEB 19,OPEN,3,B,30495540,EVAN Y JIN,1068 => 1096 (R),W
3,2020 STAFF CHAMPIONSHIP,OPEN,1,W,15467152,RYAN CHESTER,1044 => 1044 (R),W
4,2014 KNIGHTS CHAMPIONSHIP,CHAMP,1,,14829592,AIDAN JOHNSON,1028 => 1065 (R),W
5,LADDER,LADDER,2,,14085266,JONATHAN D LAKE,1007 => 1020 (R),W
6,STUDENT ACTION QUADS,QUAD 1,1,,14535366,HENRY MORRIS EDMONDS III,1090 => 1087 (R),W
7,2013 GATEWAY SPRING OPEN,8TH AND 9TH AND UNDER,2,W,13599305,ZACHARY MILLSAP,1063 => 1075 (R),W
8,2013 GATEWAY ACTION TOURNAMENT,ACTION,4,B,14535366,HENRY MORRIS EDMONDS III,1056 => 1074 (R),W
9,2013 GATEWAY CLASS TOURNAMENT,RATING 1000 AND UP,2,W,13933443,REID H DOCTOR,1043 => 1144 (R),W
10,2012 U.S. CLASS CHESS CHAMPIONSHIPS,CLASS E,2,,14730920,SHIVA R NAGIREDDY,1005 => 1001 (R),W
11,2012 U.S. CLASS CHESS CHAMPIONSHIPS,CLASS E,3,,14597378,BENJAMIN COAN,1048 => 1168 (R),W
12,KANSAS CITY OPEN,U1600,3,,13100001,FRED A. SMITH,1083 => 1084 (R),W
13,SUMMER SLAM BASH,9TH-12TH,3,,14549654,DAVID KIM,1048 => 1076 (R),L
14,LADDER,LADDER,1,,14525568,CHARLES ANDY PRIMM,1039 => 1055 (R),L
15,LADDER,LADDER,2,,14525568,CHARLES ANDY PRIMM,1039 => 1055 (R),L
2,JANUARY KNIGHTS 2025 STLCC,OPEN,2,W,31189381,PAUL AMIEL CUETO,1183 => 1172 (R),W
3,MEGAMIND G-30 CHAMPIONSHIP,OPEN,1,B,16370158,DAVID LIN,1144 => 1130 (R),W
4,SEPTEMBER KNIGHTS,OPEN,1,W,16179367,REX ZHU,1135 => 1192 (R),W
5,SUNDAY SPECTACULAR,OPEN,1,B,12620550,JAKE COHN,1104 => 1106 (R),W
6,26TH ANNUAL CHICAGO OPEN,OPEN,5,B,15737746,ESKANDAR SARAIE,1147 => 1205 (R),W
7,NON-LADDER RATED GAMES,NON-LADDER,1,,14829681,GRANT H JOHNSON,1118 => 1118 (R),W
8,SUSAN POLGAR WORLD OPEN FOR BOYS AN,U16,1,,14519538,SAIYOTHIN VONGPANYA,1146 => 1154 (R),W
9,COLUMBIA COLLEGE OPEN,H.S TOURNAMENT OF CHAMPIONS,1,W,15387796,TRISTAN D RICE,1107 => 1167 (R),W
10,COLUMBIA COLLEGE OPEN,H.S TOURNAMENT OF CHAMPIONS,3,W,13697238,ZANE EVAN DURANTE,1108 => 1149 (R),W
11,2-ON-2 TEAM CHAMPIONSHIP,CHAMP,1,,12648554,GREGORY J FUCHS,1148 => 1150 (R),W
12,STUDENT ACTION QUADS,QUAD 1,2,,14957848,AMIT KADAN,1163 => 1148 (R),W
13,2013 GATEWAY CLASS TOURNAMENT,RATING 1000 AND UP,4,B,13438037,OSCAR D LEWCZUK,1129 => 1175 (R),W
14,2012 NEW ORLEANS OPEN SCHOLASTIC,K-8,1,,14066774,CHARLIE WHEELOCK,1144 => 1184 (R),W
15,2012 GATEWAY BOARD TOURNAMENT,8TH AND UNDER,6,B,13678396,AKSHAY SRINIVASAN,1152 => 1213 (R),L
16,CHESS CLUB LADDER,LADDER,4,,14955616,JAMES IVY,1143 => 1377 (R),D
17,LADDER!,LADDER,3,,14307896,MIKE BUCKLEY,1170 => 1163 (R),W
18,LADDER,LADDER,4,,14162255,JAMES ELLIOTT,1162 => 1163 (R),W
19,LADDER,LADDER,5,,14162255,JAMES ELLIOTT,1162 => 1163 (R),D
20,2012 U.S. CLASS CHESS CHAMPIONSHIPS,CLASS E,1,,13382728,ROSS LYNN LEONE JR.,1165 => 1104 (R),W
21,2012 U.S. CLASS CHESS CHAMPIONSHIPS,CLASS E,4,,12780206,MATTHEW MINEAR,1115 => 1294 (R),L
22,CLEVELAND OPEN,UNDER 1300,4,,13498414,SUSANNA G ULRICH,1187 => 1228 (R),L
23,2012 SUPER TEAM CHAMPIONSHIP,OPEN,3,,13846787,DAVID DREVITS,1167 => 1139 (R),L
24,2012 SUPER TEAM CHAMPIONSHIP,OPEN,4,,14777433,DMITRY MAKAROV,1122 => 1112 (R),W
25,SUMMER SLAM BASH,9TH-12TH,1,,13933443,REID H DOCTOR,1161 => 1028 (R),W
26,LADDER,LADDER,3,,14690435,YIZHENG HE,1158 => 1138 (R),L
27,LADDER,LADDER,4,,14690435,YIZHENG HE,1158 => 1138 (R),W
28,LADDER DAY SATURDAY,LADDER,3,,14864963,CAMERON J MAYER,1161 => 700 (R),W
29,LADDER,LADDER,1,,14481222,MICHAEL SPINDEL,1184 => 1187 (R),L
30,LADDER,LADDER,10,,14162255,JAMES ELLIOTT,1185 => 1140 (R),W
31,LADDER,LADDER,11,,14162255,JAMES ELLIOTT,1185 => 1140 (R),L
2,LADDER DAY SATURDAY,GAMES,4,B,17265063,ADITHYA GANESH,1270 => 1244 (R),W
3,LADDER DAY SATURDAY,GAMES,3,B,30169760,HANK YAU,1225 => 1333 (R),W
4,LADDER DAY SATURDAY,GAMES,1,B,30045146,MS. DEVANSHI CHOWDADA,1241 => 1240 (R),W
5,SHOW ME CLASSIC,OPEN,1,W,12836985,BENJAMIN JAMES GONNELLA,1229 => 1211 (R),W
6,MEGAMIND G-30 CHAMPIONSHIP,OPEN,2,W,16963651,BENJAMIN FORSYTHE,1218 => 1258 (R),W
7,TWITTER IS FOR VAMPIRES,MKFTW,1,B,16444468,RON RAMEY,1204 => 1192 (R),W
8,2017 NORTH AMERICAN JUNIOR U20 CHAM,2017 NORTH AMERICAN JUNIOR U20,8,W,13606612,TEJES SRIVASTAVA,1257 => 1256 (R),W
9,MILLIONAIRE CHESS SATELLITE TOURNAM,OPEN,1,,12879381,HERSHEYTH AGGARWAL,1220 => 1245 (R),W
10,2014 WBO,OPEN,3,,12461289,MICHAEL SIMONS,1285 => 1283 (R),W
11,NON-LADDER RATED GAMES,NON LADDER,1,,14268755,ADAM BRYANT EUBANKS,1284 => 1283 (R),W
12,THE BILL WRIGHT SAINT LOUIS OPEN,OPEN,5,,15138826,PAUL FALBO,1231 => 1252 (R),W
13,LADDER,LADDER,3,,13933443,REID H DOCTOR,1229 => 1158 (R),W
14,LADDER,LADDER,4,,13933443,REID H DOCTOR,1229 => 1158 (R),W
15,LADDER,LADDER,5,,13933443,REID H DOCTOR,1229 => 1158 (R),W
16,ROYAL RUMBLE BASH,OPEN,3,,14934515,LIXIN ZHENG,1211 => 1219 (R),W
17,ROYAL RUMBLE BASH,OPEN,4,,14561583,ELLISON GRACE VAN SCOY,1241 => 1253 (R),W
18,SHOW-ME CLASSIC,OPEN,1,,13317033,XINLI SHELLY RODE,1251 => 1207 (R),W
19,2013 SUPER NATIONALS V,K8,7,,14065628,ANDREI POPA-SIMIL,1212 => 1159 (R),W
20,2013 GATEWAY ACTION TOURNAMENT,ACTION,5,W,14055952,ZHIZHANG J WEI,1268 => 1273 (R),W
21,2013 GATEWAY CLASS TOURNAMENT,RATING 1000 AND UP,1,B,13536703,OWEN O BITTING,1226 => 1309 (R),L
22,2013 GATEWAY CLASS TOURNAMENT,RATING 1000 AND UP,3,W,14947548,BEN M BOAZ,1275 => 1322 (R),W
23,CLEVELAND OPEN,UNDER 1300,1,,14319842,LUCAS GRISANTI,1281 => 1222 (R),W
24,CLEVELAND OPEN,UNDER 1300,2,,12889413,RICARDO MINIER,1261 => 1260 (R),D
25,CLEVELAND OPEN,UNDER 1300,3,,13624603,RYAN PALMISANO,1203 => 1204 (R),L
26,CLEVELAND OPEN,UNDER 1300,5,,14304456,NIKHIL SRIVASTAVA,1291 => 1221 (R),W
27,JUNE KNIGHTS,OPEN,4,,13359696,ADRIAN MARLEY-WEAVER,1213 => 1211 (R),W
28,2012 SUPER TEAM CHAMPIONSHIP,OPEN,2,,13986906,LEVI R GENT,1267 => 1233 (R),L
29,LADDER,LADDER,2,,13536703,OWEN O BITTING,1245 => 1347 (R),L
30,3'S ARE WILD EXTRAVAGANZA!,U1400,1,,12466524,GABRIEL ROQUE SISON,1225 => 1249 (R),L
31,3'S ARE WILD EXTRAVAGANZA!,U1400,3,,13536703,OWEN O BITTING,1283 => 1245 (R),L
32,LADDER,LADDER,4,,14162255,JAMES ELLIOTT,1241 => 1185 (R),L
33,LADDER,LADDER,5,,14162255,JAMES ELLIOTT,1241 => 1185 (R),L
34,LADDER,LADDER,6,,14162255,JAMES ELLIOTT,1241 => 1185 (R),W
2,2024 JEFFERSON CITY OPEN,OPEN,1,B,31789912,PETER BUSH,1365 => 1362 (R),W
3,LADDER DAY SATURDAY,GAMES,1,W,31457835,TODD FINE,1381 => 1382 (R),W
4,PRESIDENT'S DAY OPEN,OPEN,1,W,30045146,MS. DEVANSHI CHOWDADA,1343 => 1359 (R),W
5,JEFFERSON CITY OPEN,MMM,1,,30656612,JAMES LENIHAN,1316 => 1355 (R),W
6,THET LIVE11/12/22,HJSDHS,1,B,12795342,ROB PATRICK RUMBLE,1332 => 1355 (R),W
7,CHESS LIKE IT OUGHTA BE!!,OPEN,1,W,16530493,NAM DUC NGUYEN,1371 => 1411 (R),W
8,SEPTEMBER KNIGHTS,OPEN,4,B,16036253,NEWMAN SHEN,1387 => 1488 (R),W
9,SUNDAY SPECTACULAR,OPEN,2,W,16179367,REX ZHU,1352 => 1338 (R),W
10,JUNE KNIGHTS,OPEN,1,W,16094482,CELINA ZHOU,1386 => 1375 (R),W
11,OCTOBER KNIGHTS,OPEN,1,W,16277950,JASON LUNDHEIM,1328 => 1328 (R),W
12,"$1,000 NATIONAL CHESS DAY G-65 CHAM",OPEN,1,W,16381535,CRAIG ADAM GUSTAFSON,1377 => 1352 (R),W
13,THE 12-13-14 OPEN,OPEN,1,,15462615,KYLE NEESE,1368 => 1368 (R),W
14,COLUMBIA COLLEGE OPEN,H.S TOURNAMENT OF CHAMPIONS,4,B,14170962,BENJAMIN HART,1360 => 1414 (R),W
15,LADDER,LADDER,6,,12654519,PETER J IMMER,1375 => 1373 (R),W
16,LADDER,LADDER,7,,12654519,PETER J IMMER,1375 => 1373 (R),W
17,2014 CLUB CHAMPIONSHIP,SECTION1,2,,14467261,IRIS ZHOU,1381 => 1447 (R),W
18,SAINT LOUIS DISTRICT CHAMPIONSHIP,SECTION1,3,,12040910,DANIEL J TUTTLE,1386 => 1427 (R),W
19,SHOW-ME CLASSIC,OPEN,4,,12654519,PETER J IMMER,1342 => 1334 (R),W
20,2013 SUPER NATIONALS V,K8,2,,13824677,MARGO HELMKE,1303 => 1382 (R),W
21,2013 SUPER NATIONALS V,K8,3,,14134858,BINULA HANSAJA ILLUKPITIYA,1360 => 1377 (R),W
22,2013 GATEWAY SPRING OPEN,8TH AND 9TH AND UNDER,5,B,13972728,DIAMOND ABDUS-SHAKOOR,1329 => 1364 (R),L
23,SWISS MS. SWYS!,U1700,1,,14524502,ERIK TKACHENKO,1335 => 1292 (R),W
24,CHESS CLUB LADDER,LADDER,1,,14955616,JAMES IVY,1383 => 1403 (R),L
25,CHESS CLUB LADDER,LADDER,2,,14955616,JAMES IVY,1383 => 1403 (R),W
26,CHESS CLUB LADDER,LADDER,3,,14955616,JAMES IVY,1383 => 1403 (R),L
27,2012 GATEWAY BOARD TOURNAMENT,8TH AND UNDER,4,B,14055952,ZHIZHANG J WEI,1312 => 1315 (R),W
28,LADDER DAY SATURDAY!,LADDER,5,,20109653,LOREN A LENZEN,1361 => 1384 (R),L
29,LADDER DAY SATURDAY!,LADDER,11,,13519790,TYLER TOMPKINS,1336 => 1312 (R),W
30,CLUB LADDER,LADDER,1,,12787482,MATTHEW FLINT,1392 => 1399 (R),L
31,CLUB LADDER,LADDER,3,,12787482,MATTHEW FLINT,1392 => 1399 (R),L
32,SHOW-ME CLASSIC,OPEN,4,,13621321,TORIN HYLAN,1334 => 1296 (R),W
33,LADDER DAY SATURDAY,LADDER,6,,12916636,BEN SIMON,1331 => 1332 (R),L
2,2024 US OPEN WEEKEND SWISS,WEEKEND SWISS,1,W,14005441,HENROUX KRIGE SCHUTTE,1433 => 1432 (R),W
3,CHESS LIKE IT OUGHTA BE!!,OPEN,1,B,12682418,STEVEN RICHARD GOLDSCHMIDT,1400 => 1400 (R),W
4,LADDER DAY SATURDAY,GAMES,2,B,16745230,VIDHAT REDDY,1468 => 1502 (R),W
5,CHESTERFIELD SERIOUS SWISS - FEB 19,OPEN,1,B,12682418,STEVEN RICHARD GOLDSCHMIDT,1400 => 1400 (R),W
6,CHESTERFIELD SERIOUS SWISS - FEB 19,OPEN,2,W,30319854,MR. ISAAC DRAVEN TUNE,1479 => 1501 (R),W
7,LADDER DAY SATURDAY,GAMES,1,B,30582804,NATASHA MUHAMETZYANOVA,1452 => 1477 (R),W
8,JEFFERSON CITY OPEN,MMM,2,,12439156,STEVEN WAYNE CRANDALL,1400 => 1400 (R),W
9,2021 PATRICIA VOLLMER MEMORIAL,DFD,2,W,13082987,HENRY J VOLLMER,1437 => 1437 (R),W
10,NEW YEAR,NEW YEAR,1,W,13082987,HENRY J VOLLMER,1454 => 1439 (R),W
11,WINDY DAY,WINDY DAY,2,W,13082987,HENRY J VOLLMER,1473 => 1460 (R),W
12,WINDY DAY,WINDY DAY,3,B,17084925,RONDO HARRIS,1447 => 1433 (R),W
13,STATS PROJECT KOREAN,STATS PROJECT KOREAN,1,B,13082987,HENRY J VOLLMER,1471 => 1477 (R),W
14,RETURN OF THE DOUG,DFDF,2,B,15693017,JACOB SANDERS,1449 => 1522 (R),W
15,TOO MUCH DRAMA,DFD,3,W,17134956,JAMES A GRANDERSON,1487 => 1557 (R),W
16,SEPTEMBER KNIGHTS,OPEN,2,B,12560007,NEIL SCHECHTER,1483 => 1493 (R),W
17,NOVEMBER KNIGHTS,OPEN,1,B,16179325,NISCHAL ADA,1403 => 1415 (R),W
18,2015 DCC FIDE OPEN I,OPENI,1,,12402077,RAJIV DAS GAIHA,1487 => 1475 (R),W
19,SHOW-ME CLASSIC,OPEN,3,,15223643,MANIKANDAN JEYARAJAN,1425 => 1727 (R),L
20,LADDER,LADDER,4,,12560007,NEIL SCHECHTER,1415 => 1460 (R),L
21,NOVEMBER KNIGHTS,OPEN,1,,12892927,ANDREW STEVENS,1425 => 1528 (R),W
22,LADDER NIGHT,SECTION1,4,,14860268,RONIT A KIRUMAKI,1469 => 1482 (R),W
23,STUDENT ACTION QUADS,QUAD 1,3,,14860268,RONIT A KIRUMAKI,1465 => 1469 (R),W
24,LADDER NIGHT,LADDER,1,,14860268,RONIT A KIRUMAKI,1444 => 1465 (R),W
25,LADDER NIGHT,LADDER,2,,14860268,RONIT A KIRUMAKI,1473 => 1444 (R),W
26,LADDER NIGHT,LADDER,2,,14860268,RONIT A KIRUMAKI,1409 => 1473 (R),L
27,LADDER NIGHT,LADDER,3,,14860268,RONIT A KIRUMAKI,1409 => 1473 (R),L
28,2013 SUPER NATIONALS V,K8,6,,14223437,TEJAS KARUTURI,1431 => 1448 (R),L
29,LADDER NIGHT!,SECTION1,2,,12787482,MATTHEW FLINT,1451 => 1438 (R),D
30,LADDER NIGHT!,LADDER,4,,14524502,ERIK TKACHENKO,1414 => 1409 (R),W
31,SWISS MS. SWYS!,U1700,2,,12600187,TED C FISCHER,1441 => 1494 (R),D
32,SWISS MS. SWYS!,U1700,3,,20109653,LOREN A LENZEN,1421 => 1423 (R),W
33,3RD ANNUAL THANKSGIVING OPEN,MERGEU1800,4,,13498420,ANNE E ULRICH,1445 => 1410 (R),W
34,OCTOBER KNIGHTS,OPEN,2,,12787482,MATTHEW FLINT,1493 => 1475 (R),W
35,21ST MIDWEST CLASS CHAMPIONSHIPS,CLASS C,3,,12483582,THERON PLAINES,1485 => 1488 (R),W
36,SEPTEMBER KNIGHTS,OPEN,3,,12560007,NEIL SCHECHTER,1400 => 1447 (R),L
37,LADDER DAY SATURDAY!,LADDER,1,,12787482,MATTHEW FLINT,1456 => 1481 (R),L
38,LADDER DAY SATURDAY!,LADDER,2,,12787482,MATTHEW FLINT,1456 => 1481 (R),L
39,LADDER DAY SATURDAY!,LADDER,3,,12787482,MATTHEW FLINT,1456 => 1481 (R),L
40,LADDER,LADDER,2,,12787482,MATTHEW FLINT,1464 => 1456 (R),L
41,LADDER,LADDER,3,,12787482,MATTHEW FLINT,1464 => 1456 (R),W
42,AUGUST KNIGHTS,OPEN,5,,14894984,ASHOK S KIRUMAKI,1498 => 1694 (R),L
43,LADDER DAY SATURDAY!,LADDER,8,,11370918,ROYAL J EATON,1410 => 1379 (R),W
44,LADDER DAY SATURDAY!,LADDER,15,,12787482,MATTHEW FLINT,1444 => 1464 (R),L
45,LADDER DAY SATURDAY!,LADDER,16,,12787482,MATTHEW FLINT,1444 => 1464 (R),L
46,LADDER DAY SATURDAY!,LADDER,17,,12787482,MATTHEW FLINT,1444 => 1464 (R),L
47,CCSCSL LADDER,LADDER,1,,12939060,WILLIAM LOZANO,1410 => 1381 (R),L
48,CCSCSL LADDER,LADDER,2,,12939060,WILLIAM LOZANO,1410 => 1381 (R),W
49,KANSAS CITY OPEN,U1600,2,,14243081,ADAM P ALBRIGHT,1412 => 1400 (R),L
50,KANSAS CITY OPEN,U1600,4,,12704026,JOHN ROBERT REBHOLZ,1471 => 1449 (R),L
51,SHOW-ME CLASSIC,OPEN,3,,12040910,DANIEL J TUTTLE,1461 => 1434 (R),L
52,CLUB LADDER,LADDER,4,,12892927,ANDREW STEVENS,1402 => 1403 (R),L
53,CLUB LADDER,LADDER,5,,12892927,ANDREW STEVENS,1402 => 1403 (R),L
2,JANUARY KNIGHTS 2025 STLCC,OPEN,3,B,11326846,MICHAEL ABRON,1500 => 1542 (R),W
3,124TH ANNUAL U. S. OPEN CHESS CHAMP,MERGED,1,W,12656508,RAYMOND L ARCHER,1586 => 1556 (R),W
4,2024 JEFFERSON CITY OPEN,OPEN,2,W,12721917,TRENTON G CREWS,1579 => 1554 (R),W
5,LADDER DAY SATURDAY,GAMES,1,W,30557421,SPARSH PANJA,1549 => 1522 (R),W
6,LADDER DAY SATURDAY,GAMES,9,W,17265063,ADITHYA GANESH,1541 => 1540 (R),W
7,LADDER DAY SATURDAY,GAMES,12,B,30648342,BRENNAN BUNETIC,1589 => 1559 (R),W
8,LADDER DAY SATURDAY,GAMES,3,W,30648342,BRENNAN BUNETIC,1592 => 1606 (R),W
9,LADDER DAY SATURDAY,GAMES,1,B,30648342,BRENNAN BUNETIC,1579 => 1592 (R),W
10,PRESIDENT'S DAY OPEN,OPEN,2,B,16472723,ANGELLA ZHANG,1534 => 1530 (R),W
11,PRESIDENT'S DAY OPEN,OPEN,3,W,16175694,KYLE DAVID WEBER,1594 => 1597 (R),W
12,LADDER DAY SATURDAY,GAMES,1,B,30648342,BRENNAN BUNETIC,1503 => 1516 (R),W
13,SHOW ME CLASSIC,OPEN,2,B,11326846,MICHAEL ABRON,1507 => 1500 (R),W
14,2022 LONE STAR OPEN CHAMPIONSHIPS,OPEN MERGE,2,B,16782367,MAHIT S MALLIKARJUNAIAH,1520 => 1514 (R),W
15,WORLD PEACE,WORLD PEACE,1,B,11326846,MICHAEL ABRON,1512 => 1508 (R),W
16,MEGAMIND G-30 CHAMPIONSHIP,OPEN,3,B,17055997,JAY NABORN,1595 => 1568 (R),W
17,ARE WE INSIDE?,INSIDE?,1,B,11326846,MICHAEL ABRON,1532 => 1561 (R),W
18,RED RIVER OPEN,OPEN,1,W,16402601,PRESTON KOLOEN,1580 => 1625 (R),W
19,WINDY DAY,WINDY DAY,1,B,11326846,MICHAEL ABRON,1557 => 1583 (R),W
20,RETURN OF THE DOUG,DFDF,1,W,16563377,MICHAEL S KRAUS,1502 => 1496 (R),W
21,COBRA COORS COLLECTIVE,CCC,1,B,17134956,JAMES A GRANDERSON,1557 => 1539 (R),W
22,SATURDAY NIGHT FISH FRY AUGUST 2020,DFD,1,B,16370520,XANDER VAN HORN,1580 => 1658 (R),W
23,TWITTER IS FOR VAMPIRES,MKFTW,2,W,13082987,HENRY J VOLLMER,1530 => 1536 (R),W
24,TOO MUCH DRAMA,DFD,1,W,13082987,HENRY J VOLLMER,1548 => 1530 (R),W
25,WAKE UP RONDO,NO SLEEP,1,B,16370520,XANDER VAN HORN,1587 => 1604 (R),W
26,WAKE UP RONDO,NO SLEEP,3,W,13082987,HENRY J VOLLMER,1570 => 1548 (R),W
27,2020 STAFF CHAMPIONSHIP,OPEN,2,B,12916636,BEN SIMON,1547 => 1520 (R),W
28,2019 CITY CHAMP,OPEN,5,,14678120,ROBERT CARLSON,1551 => 1524 (R),W
29,CHESS LIKE IT OUGHTA BE!!,OPEN,2,B,16769937,EVAN CLAY KELLY,1511 => 1489 (R),W
30,SUNDAY SPECTACULAR,OPEN,3,B,15693017,JACOB SANDERS,1522 => 1488 (R),W
31,SUNDAY SPECTACULAR,OPEN,5,B,12458642,DENNIS G TAYLOR,1502 => 1509 (R),W
32,NOVEMBER KNIGHTS,OPEN,2,W,14829592,AIDAN JOHNSON,1531 => 1536 (R),W
33,2017 CITY OF CHICAGO CLASS-OPEN,OPEN,2,B,11451322,HENDERSON JOHNSON,1500 => 1500 (R),W
34,"$1,000 NATIONAL CHESS DAY G-65 CHAM",OPEN,2,B,15197630,SUSHEN KOLAKALETI,1558 => 1570 (R),D
35,"$1,000 NATIONAL CHESS DAY G-65 CHAM",OPEN,3,W,12458642,DENNIS G TAYLOR,1500 => 1500 (R),W
36,MAY WEEKEND FIDE,3-DAY 05052017,2,B,15803322,JACK NATHANIEL YANG,1541 => 1556 (R),W
37,10TH PHILADELPHIA INTERNATIONAL!,GM NORM!,4,W,16053847,ARYAMAN BHATIA,1555 => 1621 (R),W
38,2016 US JUNIOR OPEN,U21,1,W,13943832,PROKKAWN MAJUMDAR,1512 => 1460 (R),W
39,2015 SPICE CUP OPEN,OPEN,4,,15416134,MR. BENJAMIN EFFRON SHOYKHET,1576 => 1568 (R),W
40,COLUMBIA COLLEGE OPEN,HS TOURNAMENT OF CHAMPIONS,4,B,14170962,BENJAMIN HART,1549 => 1561 (R),L
41,SUSAN POLGAR WORLD OPEN FOR BOYS AN,U16,3,,13737414,MIHIR BAFNA,1570 => 1573 (R),W
42,AUGUST KNIGHTS,OPEN,1,,10137993,MANNY PRESICCI,1550 => 1543 (R),W
43,AUGUST KNIGHTS,OPEN,4,,14947548,BEN M BOAZ,1567 => 1570 (R),W
44,SHOW-ME CLASSIC,OPEN,1,,14723347,SEAN A MALONE,1506 => 1497 (R),W
45,LADDER DAY SATURDAY,LADDER,2,,14955616,JAMES IVY,1564 => 1560 (R),W
46,MARCH KNIGHTS,OPEN,1,,12892927,ANDREW STEVENS,1559 => 1543 (R),W
47,LADDER,LADDER,3,,14955616,JAMES IVY,1522 => 1491 (R),W
48,LADDER,LADDER,4,,14955616,JAMES IVY,1548 => 1528 (R),W
49,NOVEMBER KNIGHTS,OPEN,2,,14313506,DENNIS HOURCADE,1503 => 1566 (R),W
50,2-ON-2 TEAM CHAMPIONSHIP,CHAMP,3,,12805070,WILLIAM LEE LITTLE,1516 => 1556 (R),W
51,LADDER,LADDER,1,,14900910,HARPER EVAN SMITH,1581 => 1582 (R),W
52,22ND MIDWEST CLASS CHAMPIONSHIPS,EXPERT,3,,14519152,ABHYUDHAYA VENKAT,1506 => 1546 (R),L
53,NON-LADDER RATED GAMES,NON-LADDER,1,,12787482,MATTHEW FLINT,1569 => 1563 (R),W
54,114TH ANNUAL US OPEN - 2013,OPEN,2,,14968408,DAVE RAM MOHAN,1514 => 1507 (R),W
55,114TH ANNUAL US OPEN - 2013,OPEN,5,,14156335,FINN BUCK,1537 => 1530 (R),W
56,LADDER,LADDER,2,,14950385,DEREK N ROBERTS,1576 => 1553 (R),W
57,2013 SUPER NATIONALS V,K8,5,,13926728,AINESH BALAGA,1567 => 1649 (R),L
58,LADDER NIGHT!,SECTION1,1,,13633235,JUSTIN GM HULL,1581 => 1570 (R),W
59,FREEZING ROUND ROBIN,RR 1,2,,14313506,DENNIS HOURCADE,1504 => 1480 (R),W
60,LADDER NIGHT,LADDER,1,,13633235,JUSTIN GM HULL,1561 => 1548 (R),W
61,LADDER NIGHT,LADDER,1,,13633235,JUSTIN GM HULL,1537 => 1561 (R),L
62,CLUB LADDER,LADDER,1,,13633235,JUSTIN GM HULL,1583 => 1556 (R),W
63,CLUB LADDER,LADDER,4,,13633235,JUSTIN GM HULL,1583 => 1556 (R),W
64,CHAMPIONSHIP,CHAMP,3,,12737002,MAREK W ZIOLKOWSKI,1557 => 1516 (R),W
65,2012 NEW ORLEANS OPEN SCHOLASTIC,K-8,3,,14282654,JONATHAN WILSON,1550 => 1535 (R),W
66,2012 NEW ORLEANS OPEN SCHOLASTIC,K-8,4,,13738658,MILES J TISSERAND,1519 => 1508 (R),W
67,2012 GATEWAY BOARD TOURNAMENT,8TH AND UNDER,5,W,13068612,KETURAH J GADSON,1532 => 1538 (R),L
68,3RD ANNUAL THANKSGIVING OPEN,MERGEU1800,2,,13306514,WILLIAM J KERNS,1582 => 1571 (R),D
69,21ST MIDWEST CLASS CHAMPIONSHIPS,CLASS C,1,,12815504,MICHAEL DALE WISEMAN,1505 => 1442 (R),W
70,21ST MIDWEST CLASS CHAMPIONSHIPS,CLASS C,2,,14330563,ADRIAN MUI,1523 => 1573 (R),D
71,21ST MIDWEST CLASS CHAMPIONSHIPS,CLASS C,4,,12590508,ANTHONY C GASUNAS,1565 => 1567 (R),D
72,21ST MIDWEST CLASS CHAMPIONSHIPS,CLASS C,5,,12476396,VLADIMIR DJORDJEVIC,1532 => 1565 (R),L
73,LADDER,LADDER,2,,14957848,AMIT KADAN,1589 => 1480 (R),W
74,SAINT LOUIS DISTRICT CHAMPIONSHIP,OPEN,5,,13278415,NATHAN TU PHAN,1561 => 1539 (R),L
75,AUGUST KNIGHTS,OPEN,2,,12874466,ANDREW GEISELHART,1501 => 1500 (R),W
76,17TH BRADLEY OPEN,UNDER 2100,1,,12658428,RICHARD IL SANG CHANG,1553 => 1556 (R),L
2,JANUARY KNIGHTS 2025 STLCC,OPEN,4,W,30717906,FINN PAGLIARINI,1666 => 1680 (R),W
3,SAINT LOUIS CITY OPEN 2024- OPEN SE,OPEN SECTION,1,W,12893165,AARON BURTCH,1696 => 1691 (R),W
4,2024 JEFFERSON CITY OPEN,OPEN,4,W,30693096,JACK ZEITZ,1615 => 1605 (R),D
5,LADDER DAY SATURDAY,GAMES,2,B,30648342,BRENNAN BUNETIC,1626 => 1611 (R),W
6,LADDER DAY SATURDAY,GAMES,4,B,14274063,SENAD SMAJLAGIC,1698 => 1680 (R),W
7,LADDER DAY SATURDAY,GAMES,6,W,30546906,ANISH SUDDALA,1644 => 1656 (R),W
8,LADDER DAY SATURDAY,GAMES,4,W,16813582,FORREST YANG,1689 => 1666 (R),W
9,LADDER DAY SATURDAY,GAMES,10,B,31170439,MICHAEL MCKERNAN,1628 => 1657 (R),W
10,LADDER DAY SATURDAY,GAMES,1,W,30648342,BRENNAN BUNETIC,1601 => 1649 (R),W
11,JERRY SPANN MEMORIAL (OKLAHOMA STAT,CHAMPIONSHIP (OPEN),3,B,16738150,ELIZABETH BRADDY,1620 => 1782 (R),W
12,2022 PREMIER & AMATEUR,PREMIER,2,W,17093426,VICTOR MIGUEL ROMERO GUEVARA,1698 => 1686 (R),W
13,WINTER WONDERLAND EXTRAVAGANZA,OPEN,2,W,16071205,MAX XIANGYU XU,1604 => 1618 (R),W
14,2021 STAFF TOURNAMENT,OPEN,1,W,12483835,BARRY WOOD WALKER,1682 => 1626 (R),W
15,2021 STAFF TOURNAMENT,OPEN,2,B,15693017,JACOB SANDERS,1682 => 1670 (R),W
16,MEGAMIND G-30 CHAMPIONSHIP,OPEN,4,W,16190691,ALEKSANDRE SAKHELASHVILI,1695 => 1701 (R),W
17,TIRED SATURDAY,TIRED SATURDAY,1,W,16501145,ISAAC JEFFREY HAAR,1689 => 1703 (R),W
18,TIRED SATURDAY,TIRED SATURDAY,2,B,16162723,GAAYATHRI BINOJ,1640 => 1625 (R),W
19,NEW YEAR,NEW YEAR,2,B,16501145,ISAAC JEFFREY HAAR,1665 => 1646 (R),W
20,ARE WE INSIDE?,INSIDE?,2,W,16501145,ISAAC JEFFREY HAAR,1635 => 1665 (R),W
21,COBRA COORS COLLECTIVE,CCC,2,W,16370520,XANDER VAN HORN,1658 => 1662 (R),W
22,TOO MUCH DRAMA,DFD,2,B,16370520,XANDER VAN HORN,1604 => 1623 (R),W
23,US OPEN WEEKEND SWISS,US OPEN WEEKEND SWISS,1,B,16073381,ARON CHENG,1606 => 1713 (R),W
24,JUNE KNIGHTS,1800+,3,W,16093755,AYDEN HUANG,1664 => 1686 (R),W
25,APRIL KNIGHTS,1800+,3,W,14274063,SENAD SMAJLAGIC,1681 => 1786 (R),W
26,US OPEN WEEKEND SWISS,US OPEN WEEKEND SWISS,3,B,15197624,NAVEEN BALAKRISHNAN,1628 => 1631 (R),W
27,JUNE KNIGHTS,OPEN,2,B,12727489,ZUBIN CHANDRAN,1650 => 1649 (R),W
28,NOVEMBER KNIGHTS,OPEN,3,B,15623210,AARON Z LIN,1634 => 1649 (R),W
29,OCTOBER KNIGHTS,OPEN,2,B,10137993,MANNY PRESICCI,1630 => 1632 (R),W
30,OCTOBER KNIGHTS,OPEN,3,W,15623210,AARON Z LIN,1660 => 1676 (R),W
31,"$1,000 NATIONAL CHESS DAY G-65 CHAM",OPEN,4,W,14688310,BENJAMIN LIU,1609 => 1693 (R),W
32,ALS BENEFIT TOURNAMENT,OPEN,1,,12684082,ERIC HOFFNER,1608 => 1660 (R),W
33,2015 ILLINOIS OPEN,OPEN,1,,15024326,HERSH SINGH,1692 => 1697 (R),W
34,COLUMBIA COLLEGE OPEN,HS TOURNAMENT OF CHAMPIONS,1,W,13678396,AKSHAY SRINIVASAN,1654 => 1652 (R),W
35,COLUMBIA COLLEGE OPEN,HS TOURNAMENT OF CHAMPIONS,2,B,14947548,BEN M BOAZ,1670 => 1708 (R),D
36,THE 12-13-14 OPEN,OPEN,2,,14507624,KYLE MAYHUGH,1603 => 1578 (R),W
37,NATIONAL CHESS DAY PCC FALL OPEN,OPEN,1,,15141862,ARI J BLUFFSTONE,1602 => 1643 (R),W
38,2014 WBO,OPEN,2,,10273056,DAVID GUEHL,1638 => 1668 (R),W
39,2014 CASTLE CHESS GRAND PRIX,CLASS A,5,W,12559494,LEE MILLER,1639 => 1731 (R),W
40,SHOW-ME CLASSIC,OPEN,4,,13633235,JUSTIN GM HULL,1673 => 1699 (R),L
41,LADDER DAY SATURDAY!,LADDER,6,,13633235,JUSTIN GM HULL,1615 => 1649 (R),L
42,THE BILL WRIGHT SAINT LOUIS OPEN,OPEN,4,,12505842,DERRICK BARTOTTO,1637 => 1618 (R),W
43,LADDER,LADDER,5,,14900910,HARPER EVAN SMITH,1672 => 1648 (R),W
44,LADDER NIGHT,LADDER,2,,14860268,RONIT A KIRUMAKI,1666 => 1675 (R),D
45,LADDER NIGHT,LADDER,3,,14860268,RONIT A KIRUMAKI,1695 => 1666 (R),W
46,2-ON-2 TEAM CHAMPIONSHIP,CHAMP,2,,14531164,EMMANUEL PAXTON,1679 => 1712 (R),L
47,LADDER,LADDER,2,,13633235,JUSTIN GM HULL,1637 => 1676 (R),L
48,LADDER,LADDER,3,,13633235,JUSTIN GM HULL,1637 => 1676 (R),D
49,CCSCSL LADDER,LADDER,1,,13633235,JUSTIN GM HULL,1638 => 1647 (R),L
50,CCSCSL LADDER,LADDER,2,,13633235,JUSTIN GM HULL,1675 => 1638 (R),W
51,CCSCSL LADDER,LADDER,3,,13633235,JUSTIN GM HULL,1675 => 1638 (R),W
52,LADDER,LADDER,1,,13633235,JUSTIN GM HULL,1653 => 1675 (R),L
53,LADDER,LADDER,2,,13633235,JUSTIN GM HULL,1653 => 1675 (R),W
54,CCSCSL LADDER,LADDER,2,,13633235,JUSTIN GM HULL,1694 => 1684 (R),W
55,LADDER,LADDER,3,,14860268,RONIT A KIRUMAKI,1648 => 1616 (R),W
56,114TH ANNUAL US OPEN - 2013,OPEN,8,,13701697,FILIPP SHELOBOLIN,1611 => 1641 (R),W
57,LADDER NIGHT!,LADDER,6,,13633235,JUSTIN GM HULL,1686 => 1669 (R),W
58,LADDER,LADDER,3,,14843128,PRESTON SMITH,1696 => 1705 (R),L
59,NON-LADDER RATED GAMES,NON-LADDER,1,,12664377,MICHAEL J KUMMER,1674 => 1687 (R),L
60,NON-LADDER RATED GAMES,NON-LADDER,2,,12664377,MICHAEL J KUMMER,1674 => 1687 (R),W
61,NON-LADDER RATED GAMES,NON-LADDER,3,,14843128,PRESTON SMITH,1685 => 1696 (R),L
62,NON-LADDER RATED GAMES,NON-LADDER,4,,14843128,PRESTON SMITH,1685 => 1696 (R),W
63,LADDER NIGHT,LADDER,1,,14843128,PRESTON SMITH,1678 => 1685 (R),W
64,LADDER NIGHT,LADDER,4,,14843128,PRESTON SMITH,1678 => 1685 (R),D
65,SHOW-ME CLASSIC,OPEN,3,,14894984,ASHOK S KIRUMAKI,1656 => 1749 (R),L
66,LADDER NIGHT,SECTION1,1,,14843128,PRESTON SMITH,1656 => 1669 (R),W
67,LADDER NIGHT,SECTION1,2,,13633235,JUSTIN GM HULL,1692 => 1717 (R),L
68,LADDER NIGHT,LADDER,3,,14894984,ASHOK S KIRUMAKI,1677 => 1668 (R),L
69,RATED GAMES,GAMES,1,,14843128,PRESTON SMITH,1668 => 1656 (R),W
70,RATED GAMES,GAMES,2,,14843128,PRESTON SMITH,1668 => 1656 (R),W
71,RATED GAMES,GAMES,3,,14843128,PRESTON SMITH,1668 => 1656 (R),D
72,RATED GAMES,GAMES,4,,14843128,PRESTON SMITH,1668 => 1656 (R),W
73,RATED GAMES,GAMES,5,,14843128,PRESTON SMITH,1668 => 1656 (R),W
74,RATED GAMES,GAMES,6,,14843128,PRESTON SMITH,1668 => 1656 (R),L
75,LADDER  NIGHT,LADDER,1,,13633235,JUSTIN GM HULL,1674 => 1692 (R),L
76,LADDER NIGHT,LADDER,4,,13633235,JUSTIN GM HULL,1690 => 1674 (R),W
77,MARCH RATED GAMES,NON-LADDER,1,,14843128,PRESTON SMITH,1626 => 1648 (R),L
78,17TH ANNUAL MID-AMERICA OPEN,UNDER 1800,5,,13210650,ERIK NICKELS,1697 => 1710 (R),W
79,LADDER,LADDER,3,,14843128,PRESTON SMITH,1611 => 1631 (R),L
80,LADDER,LADDER,4,,14950385,DEREK N ROBERTS,1615 => 1576 (R),W
81,LADDER,LADDER,4,,14843128,PRESTON SMITH,1613 => 1623 (R),W
82,LADDER,LADDER,5,,14843128,PRESTON SMITH,1613 => 1623 (R),L
83,LADDER,LADDER,6,,14843128,PRESTON SMITH,1613 => 1623 (R),L
84,CLUB LADDER,LADDER,2,,14843128,PRESTON SMITH,1647 => 1613 (R),W
85,CLUB LADDER,LADDER,3,,14843128,PRESTON SMITH,1647 => 1613 (R),W
86,CLUB LADDER,LADDER,4,,14843128,PRESTON SMITH,1647 => 1613 (R),D
87,CLUB LADDER,LADDER,5,,14843128,PRESTON SMITH,1647 => 1613 (R),L
88,CLUB LADDER,LADDER,6,,14843128,PRESTON SMITH,1647 => 1613 (R),W
89,CLUB LADDER,LADDER,7,,14843128,PRESTON SMITH,1647 => 1613 (R),W
90,LADDER,LADDDER,4,,14843128,PRESTON SMITH,1627 => 1647 (R),L
91,LADDER,LADDDER,5,,14843128,PRESTON SMITH,1627 => 1647 (R),L
92,LADDER,LADDDER,6,,14843128,PRESTON SMITH,1627 => 1647 (R),L
93,2012 NEW ORLEANS OPEN,U1800,1,,13700913,KYLE J HECKER,1610 => 1671 (R),L
94,2012 NEW ORLEANS OPEN,U1800,2,,12840610,RAMON TAGORDA,1691 => 1689 (R),W
95,2012 NEW ORLEANS OPEN,U1800,3,,13949298,DEREK PLANCHET,1655 => 1646 (R),D
96,2012 NEW ORLEANS OPEN,U1800,4,,13732287,JOHN KIRK LANING JR.,1664 => 1645 (R),W
97,2012 NEW ORLEANS OPEN SCHOLASTIC,K-8,5,,13703405,ELI M KARP,1679 => 1669 (R),D
98,LADDER,LADDER,4,,14843128,PRESTON SMITH,1637 => 1596 (R),L
99,LADDER,LADDER,5,,14843128,PRESTON SMITH,1637 => 1596 (R),W
100,LADDER,LADDER,6,,14843128,PRESTON SMITH,1637 => 1596 (R),W
101,LADDER,LADDER,7,,14843128,PRESTON SMITH,1637 => 1596 (R),L
102,LADDER,LADDER,8,,14843128,PRESTON SMITH,1637 => 1596 (R),W
103,LADDER,LADDER,10,,14843128,PRESTON SMITH,1637 => 1596 (R),W
104,LADDER,LADDER,11,,14843128,PRESTON SMITH,1637 => 1596 (R),W
105,LADDER,LADDER,12,,14843128,PRESTON SMITH,1637 => 1596 (R),L
106,LADDER,LADDER,13,,14843128,PRESTON SMITH,1637 => 1596 (R),W
107,LADDER,LADDER,14,,14843128,PRESTON SMITH,1637 => 1596 (R),L
108,LADDER,LADDER,15,,14843128,PRESTON SMITH,1637 => 1596 (R),W
109,2012 NATIONAL K-12 GRADE CHAMPIONSHIPS,8,6,,13667072,ADRIAN TITUS ANDREESCU,1686 => 1652 (R),W
110,LADDER,LADDER,1,,14843128,PRESTON SMITH,1618 => 1644 (R),L
111,LADDER,LADDER,2,,14843128,PRESTON SMITH,1618 => 1644 (R),W
112,LADDER DAY SATURDAY!,LADDER,2,,14843128,PRESTON SMITH,1660 => 1618 (R),L
113,LADDER DAY SATURDAY!,LADDER,3,,14843128,PRESTON SMITH,1660 => 1618 (R),W
114,LADDER DAY SATURDAY!,LADDER,7,,14843128,PRESTON SMITH,1660 => 1618 (R),W
115,CHESS CLUB LADDER,LADDER,4,,14843128,PRESTON SMITH,1652 => 1660 (R),L
116,CHESS CLUB LADDER,LADDER,5,,14843128,PRESTON SMITH,1652 => 1660 (R),L
117,CHESS CLUB LADDER,LADDER,6,,14843128,PRESTON SMITH,1652 => 1660 (R),L
118,$5 SATELLITE,1799-1400,2,,14647848,JASON ZHANG,1676 => 1618 (R),L
119,CHESS CLUB LADDER,LADDER,2,,12408167,JAMES SPALDING,1685 => 1663 (R),W
120,CHESS CLUB LADDER,LADDER,4,,14843128,PRESTON SMITH,1644 => 1643 (R),W
121,CHESS CLUB LADDER,LADDER,5,,14843128,PRESTON SMITH,1644 => 1643 (R),L
122,CHESS CLUB LADDER,LADDER,6,,14843128,PRESTON SMITH,1644 => 1643 (R),L
123,CHESS CLUB LADDER,LADDER,1,,14843128,PRESTON SMITH,1633 => 1644 (R),D
124,CHESS CLUB LADDER,LADDER,2,,14843128,PRESTON SMITH,1633 => 1644 (R),L
125,CHESS CLUB LADDER,LADDER,3,,14843128,PRESTON SMITH,1633 => 1644 (R),L
126,LADDER,LADDER,4,,14843128,PRESTON SMITH,1631 => 1633 (R),L
127,LADDER,LADDER,5,,14843128,PRESTON SMITH,1631 => 1633 (R),L
128,LADDER,LADDER,6,,14843128,PRESTON SMITH,1631 => 1633 (R),W
129,LADDER DAY SATURDAY!,LADDER,3,,14843128,PRESTON SMITH,1637 => 1631 (R),D
130,CLUB LADDER,LADDER,2,,14843128,PRESTON SMITH,1658 => 1637 (R),W
131,CLUB LADDER,LADDER,3,,14843128,PRESTON SMITH,1658 => 1637 (R),L
132,CLUB LADDER,LADDER,4,,14843128,PRESTON SMITH,1658 => 1637 (R),D
133,CLUB LADDER,LADDER,5,,14843128,PRESTON SMITH,1658 => 1637 (R),L
134,CLUB LADDER,LADDER,6,,14843128,PRESTON SMITH,1658 => 1637 (R),L
135,CLUB LADDER,LADDER,7,,14843128,PRESTON SMITH,1658 => 1637 (R),W
136,LADDER,LADDER,1,,14843128,PRESTON SMITH,1677 => 1652 (R),W
137,2-ON-2 TEAM CHAMPIONSHIP,CHAMP,4,,14439534,CLARK ZHANG BERRY,1635 => 1638 (R),L
138,CHESS CLUB LADDER,LADDER,1,,14843128,PRESTON SMITH,1692 => 1677 (R),L
139,CHESS CLUB LADDER,LADDER,2,,14843128,PRESTON SMITH,1692 => 1677 (R),L
140,CHESS CLUB LADDER,LADDER,3,,14843128,PRESTON SMITH,1692 => 1677 (R),W
141,SAINT LOUIS DISTRICT CHAMPIONSHIP,OPEN,2,,13633235,JUSTIN GM HULL,1645 => 1594 (R),W
142,CHESS CLUB LADDER,LADDER,3,,14843128,PRESTON SMITH,1666 => 1660 (R),L
143,CHESS CLUB LADDER,LADDER,4,,14843128,PRESTON SMITH,1666 => 1660 (R),D
144,AUGUST KNIGHTS,OPEN,4,,12583287,WILLIAM THOMPSON,1600 => 1600 (R),W
145,LADDER,LADDER,4,,14843128,PRESTON SMITH,1683 => 1653 (R),L
146,LADDER,LADDER,5,,14843128,PRESTON SMITH,1683 => 1653 (R),W
147,LADDER DAY SATURDAY!,LADDER,14,,14843128,PRESTON SMITH,1680 => 1683 (R),L
148,CCSCSL LADDER,LADDER,8,,14843128,PRESTON SMITH,1672 => 1680 (R),D
149,CCSCSL LADDER,LADDER,9,,14843128,PRESTON SMITH,1672 => 1680 (R),L
150,CCSCSL LADDER,LADDER,10,,14843128,PRESTON SMITH,1672 => 1680 (R),L
151,CCSCSL LADDER,LADDER,14,,14843128,PRESTON SMITH,1672 => 1680 (R),L
152,CCSCSL LADDER,LADDER,15,,14843128,PRESTON SMITH,1672 => 1680 (R),L
153,CCSCSL LADDER,LADDER,16,,14843128,PRESTON SMITH,1672 => 1680 (R),L
154,CCSCSL LADDER,LADDER,5,,14843128,PRESTON SMITH,1699 => 1672 (R),W
155,CCSCSL LADDER,LADDER,6,,14843128,PRESTON SMITH,1699 => 1672 (R),L
156,CCSCSL LADDER,LADDER,7,,14843128,PRESTON SMITH,1699 => 1672 (R),L
157,17TH BRADLEY OPEN,UNDER 2100,4,,13335710,TAL PUHOV,1646 => 1622 (R),W
158,SHOW-ME CLASSIC,OPEN,1,,12542730,STEVEN D EVANS,1618 => 1576 (R),W
159,LADDER,LADDER,5,,14843128,PRESTON SMITH,1644 => 1661 (R),L
160,LADDER,LADDER,6,,14843128,PRESTON SMITH,1644 => 1661 (R),L
161,LADDER DAY SATURDAY!,LADDER,1,,14843128,PRESTON SMITH,1653 => 1641 (R),L
162,LADDER DAY SATURDAY!,LADDER,2,,14843128,PRESTON SMITH,1653 => 1641 (R),L
163,CCSCSL LADDER,LADDER,8,,14843128,PRESTON SMITH,1607 => 1586 (R),L
164,CCSCSL LADDER,LADDER,9,,14843128,PRESTON SMITH,1607 => 1586 (R),L
165,CCSCSL LADDER,LADDER,10,,14843128,PRESTON SMITH,1607 => 1586 (R),L
166,CLUB LADDER,LADDER,2,,14864900,AKALPIT K GADRE,1691 => 1735 (R),L
2,STLCC EDWARD JONES OPEN 2025,OPEN,1,W,16309330,SUJAY SURESHKUMAR,1741 => 1737 (R),W
3,STLCC AUTUMN OPEN 2024,OPEN,1,W,30546906,ANISH SUDDALA,1761 => 1727 (R),W
4,METRO CLASS CHAMPIONSHIP 2024,OPEN SECTION (FIDE RATED),1,B,16309330,SUJAY SURESHKUMAR,1757 => 1709 (R),W
5,2024 JEFFERSON CITY OPEN,OPEN,3,B,13482910,CHRISTOPHER CARL SHELTON,1755 => 1779 (R),L
6,SHOW ME CLASSIC 2024,OPEN SECTION (FIDE RATED),1,B,16971170,MAHENDRA LAVANUR,1796 => 1838 (R),W
7,SHOW ME CLASSIC 2024,OPEN SECTION (FIDE RATED),3,B,12893165,AARON BURTCH,1700 => 1741 (R),W
8,CHESS LIKE IT OUGHTA BE!!,OPEN,2,W,13600428,DIWAKAR RANA,1708 => 1700 (R),W
9,CHESS LIKE IT OUGHTA BE!!,OPEN,3,B,14452644,OLIVER DUSK RUBENSTEIN,1769 => 1781 (R),W
10,LADDER DAY SATURDAY,GAMES,5,W,16813582,FORREST YANG,1751 => 1760 (R),W
11,MISSOURI CLASS CHAMPIONSHIPS 2023,MASTER/EXPERT,2,W,16880986,OLIVER RANA,1799 => 1767 (R),W
12,LADDER DAY SATURDAY,GAMES,6,B,14274063,SENAD SMAJLAGIC,1783 => 1805 (R),W
13,JEFFERSON CITY OPEN,MMM,3,,12608190,MIKE CLARK,1706 => 1682 (R),W
14,2022 MISSOURI OPEN,OPEN,1,W,12689068,SEAN MICHAEL BAKER,1768 => 1761 (R),W
15,JERRY SPANN MEMORIAL (OKLAHOMA STAT,CHAMPIONSHIP (OPEN),2,B,16742108,RAHUL PAI,1780 => 1877 (R),W
16,2022 PREMIER & AMATEUR,PREMIER,3,B,30061847,LINCOLN FLYNN PETERS,1777 => 1784 (R),W
17,SHOW ME CLASSIC,OPEN,3,W,30061847,LINCOLN FLYNN PETERS,1777 => 1777 (R),W
18,THANKSGIVING OPEN,OPEN,2,B,16179331,PRATEEK R NEMMALI,1776 => 1922 (R),D
19,$5 SATELLITE,OPEN,1,B,16190705,IOVANE SAKHELASHVILI,1754 => 1745 (R),W
20,ARE WE INSIDE?,INSIDE?,3,B,12475158,THOMAS GAUL,1738 => 1750 (R),W
21,2019 KNIGHTS CHAMPIONSHIP,THE PEOPLE'S CHAMPIONSHIP,1,B,14274063,SENAD SMAJLAGIC,1728 => 1734 (R),W
22,SAINT LOUIS DISTRICT CHAMPIONSHIP,CHAMPIONSHIP,1,W,16179325,NISCHAL ADA,1769 => 1764 (R),W
23,65TH ANNUAL IOWA OPEN,IOWA OPEN MERGED,3,B,15689891,ABHYUDAYA SHUKLA,1742 => 1753 (R),W
24,120TH ANNUAL US OPEN - 2019,U.S. OPEN,1,W,12632928,MICHAEL F SCHULTE,1788 => 1712 (R),W
25,MAY KNIGHTS,1800+,2,B,16093755,AYDEN HUANG,1724 => 1713 (R),W
26,SEPTEMBER KNIGHTS,OPEN,3,W,16111031,ALEX ZHANG,1702 => 1716 (R),W
27,119TH ANNUAL US OPEN - 2018,U.S. OPEN,1,B,15631341,MADELINE L WEBER,1700 => 1663 (R),W
28,PREMIER & AMATEUR,PREMIER,3,W,14694643,LIAM HEREFORD,1749 => 1747 (R),W
29,NOVEMBER KNIGHTS,OPEN,4,W,15201162,ANDREW TEH,1743 => 1755 (R),W
30,MARSHALL SUNDAY G45,OPEN,1,B,12174110,LARRY D SOSNA,1774 => 1782 (R),W
31,THURSDAY ACTION!,THURSDAY ACTION!,4,B,12879733,JOEL FAGLIANO,1793 => 1791 (R),W
32,10TH PHILADELPHIA INTERNATIONAL!,GM NORM!,2,W,15466651,PINYI HU,1700 => 1788 (R),L
33,ALS BENEFIT TOURNAMENT,OPEN,2,,14765507,RYAN DEERING,1707 => 1713 (R),W
34,MILLIONAIRE CHESS SATELLITE TOURNAM,OPEN,4,,12304880,PAUL J GODDARD,1794 => 1765 (R),W
35,2015 DCC FIDE OPEN I,OPENI,3,,14009658,BENJAMIN VINCENT FRENKEL,1754 => 1816 (R),D
36,6TH ANNUAL THANKSGIVING OPEN,OPEN,5,,10838894,SERDAR AYKENT,1796 => 1804 (R),W
37,LADDER DAY SATUDAY!,LADDER,1,,14843128,PRESTON SMITH,1712 => 1657 (R),W
38,LADDER DAY SATUDAY!,LADDER,2,,14843128,PRESTON SMITH,1712 => 1657 (R),W
39,LADDER DAY SATUDAY!,LADDER,5,,14843128,PRESTON SMITH,1712 => 1657 (R),W
40,2014 CASTLE CHESS GRAND PRIX,CLASS A,1,W,13789634,NAGARAJ R BHAGWAT,1765 => 1772 (R),W
41,2014 CASTLE CHESS GRAND PRIX,CLASS A,3,W,14030747,VIGNESH SEKAR,1782 => 1783 (R),W
42,LADDER,LADDER,3,,14900910,HARPER EVAN SMITH,1793 => 1815 (R),L
43,SHOW-ME CLASSIC,OPEN,2,,14894984,ASHOK S KIRUMAKI,1779 => 1820 (R),L
44,LADDER,LADDER,5,,14843128,PRESTON SMITH,1794 => 1783 (R),W
45,LADDER,LADDER,7,,14274063,SENAD SMAJLAGIC,1719 => 1711 (R),W
46,LADDER,LADDER,8,,12787482,MATTHEW FLINT,1721 => 1713 (R),W
47,LADDER,LADDER,9,,14900910,HARPER EVAN SMITH,1734 => 1783 (R),L
48,CLUB LADDER,LADDER,1,,12882812,BRADLEY HERBST,1792 => 1782 (R),W
49,MARCH KNIGHTS,OPEN,2,,14860268,RONIT A KIRUMAKI,1768 => 1856 (R),L
50,LADDER,LADDER,8,,14274063,SENAD SMAJLAGIC,1723 => 1741 (R),L
51,LADDER,LADDER,9,,14860268,RONIT A KIRUMAKI,1771 => 1767 (R),W
52,LADDER,LADDER,10,,14860268,RONIT A KIRUMAKI,1771 => 1767 (R),D
53,LADDER,LADDER,11,,14274063,SENAD SMAJLAGIC,1723 => 1741 (R),W
54,NON-RATED LADDER GAMES,NON-LADDER,2,,14274063,SENAD SMAJLAGIC,1733 => 1723 (R),W
55,CCSCSL LADDER,LADDER,1,,14274063,SENAD SMAJLAGIC,1755 => 1733 (R),W
56,CCSCSL LADDER,LADDER,2,,14274063,SENAD SMAJLAGIC,1755 => 1733 (R),W
57,NON-LADDER RATED GAMES,NON-LADDER,2,,14860268,RONIT A KIRUMAKI,1773 => 1794 (R),L
58,2014 CLUB CHAMPIONSHIP,SECTION1,5,,10838894,SERDAR AYKENT,1786 => 1802 (R),D
59,LADDER NIGHT,LADDER,6,,13633235,JUSTIN GM HULL,1725 => 1748 (R),L
60,LADDER,LADDER,1,,13633235,JUSTIN GM HULL,1737 => 1724 (R),W
61,LADDER,LADDER,2,,14843128,PRESTON SMITH,1772 => 1809 (R),W
62,LADDER,LADDER,6,,14274063,SENAD SMAJLAGIC,1777 => 1749 (R),W
63,LADDER,LADDER,7,,14274063,SENAD SMAJLAGIC,1777 => 1749 (R),W
64,WALDO ODAK OPEN,OPEN,3,,12502941,VERNON MAYHALL SOUTHERLAND JR.,1721 => 1780 (R),L
65,WALDO ODAK OPEN,OPEN,4,,12616509,DAVID SAYLER,1734 => 1706 (R),W
66,4TH ANNUAL THANKSGIVING OPEN,OPEN,4,,14531164,EMMANUEL PAXTON,1719 => 1712 (R),D
67,LADDER NIGHT,LADDER,4,,14860268,RONIT A KIRUMAKI,1760 => 1819 (R),L
68,LADDER NIGHT,LADDER,1,,13633235,JUSTIN GM HULL,1730 => 1704 (R),W
69,LADDER NIGHT,LADDER,2,,13633235,JUSTIN GM HULL,1730 => 1704 (R),W
70,LADDER,LADDDER,4,,13633235,JUSTIN GM HULL,1723 => 1730 (R),L
71,LADDER NIGHT,SECTION1,1,,12930752,BRIAN JERAULD,1745 => 1733 (R),W
72,LADDER,LADDER,1,,14843128,PRESTON SMITH,1759 => 1739 (R),W
73,CCSCSL LADDER,LADDER,1,,14843128,PRESTON SMITH,1733 => 1759 (R),L
74,LADDER,LADDER,5,,14843128,PRESTON SMITH,1751 => 1733 (R),W
75,LADDER,LADDER,1,,13633235,JUSTIN GM HULL,1713 => 1694 (R),W
76,LADDER,LADDER,2,,13633235,JUSTIN GM HULL,1713 => 1694 (R),W
77,LADDER,LADDER,6,,12930752,BRIAN JERAULD,1741 => 1730 (R),W
78,LADDER,LADDER,2,,12930752,BRIAN JERAULD,1760 => 1741 (R),W
79,LADDER,LADDER,5,,14843128,PRESTON SMITH,1762 => 1747 (R),L
80,LADDER,LADDER,11,,14854286,MICHAEL J TABRIZ,1797 => 1764 (R),W
81,LADDER,LADDER,3,,14843128,PRESTON SMITH,1724 => 1762 (R),D
82,LADDER,LADDER,6,,12930752,BRIAN JERAULD,1762 => 1779 (R),L
83,LADDER NIGHT,SECTION1,7,,13633235,JUSTIN GM HULL,1700 => 1686 (R),W
84,LADDER NIGHT,SECTION1,1,,14843128,PRESTON SMITH,1705 => 1741 (R),W
85,LADDER NIGHT,SECTION1,3,,12930752,BRIAN JERAULD,1793 => 1754 (R),W
86,LADDER NIGHT,SECTION1,5,,14274063,SENAD SMAJLAGIC,1796 => 1778 (R),W
87,LADDER NIGHT,LADDER,2,,14274063,SENAD SMAJLAGIC,1784 => 1796 (R),L
88,RATED GAMES,GAMES,7,,12664377,MICHAEL J KUMMER,1702 => 1674 (R),W
89,LADDER NIGHT,LADDER,1,,12930752,BRIAN JERAULD,1777 => 1762 (R),W
90,LADDER NIGHT,LADDER,5,,14274063,SENAD SMAJLAGIC,1791 => 1802 (R),L
91,THE BILL WRIGHT SAINT LOUIS OPEN,U2000,3,,13278415,NATHAN TU PHAN,1759 => 1731 (R),W
92,LADDER NIGHT,LADDER,1,,12930752,BRIAN JERAULD,1795 => 1777 (R),W
93,LADDER NIGHT!,SECTION1,4,,14274063,SENAD SMAJLAGIC,1776 => 1788 (R),L
94,LADDER NIGHT!,LADDER,3,,12930752,BRIAN JERAULD,1750 => 1795 (R),L
95,FREEZING ROUND ROBIN,RR 1,6,,12824925,JESSE GRAY JONES,1750 => 1774 (R),L
96,17TH ANNUAL MID-AMERICA OPEN,UNDER 1800,1,,14796427,MOHAMMADREZA HAJIARBABI,1785 => 1865 (R),L
97,17TH ANNUAL MID-AMERICA OPEN,UNDER 1800,2,,11041019,RANDY GIMINEZ,1742 => 1700 (R),W
98,17TH ANNUAL MID-AMERICA OPEN,UNDER 1800,3,,10337623,RICK LUTZKE,1788 => 1767 (R),W
99,17TH ANNUAL MID-AMERICA OPEN,UNDER 1800,4,,14570194,MICAH LOSEE,1797 => 1796 (R),D
100,LADDER,LADDER,1,,12930752,BRIAN JERAULD,1759 => 1743 (R),W
101,LADDER NIGHT,LADDER,2,,12930752,BRIAN JERAULD,1749 => 1759 (R),L
102,METRO CLASS CHAMPIONSHIPS,CLASS B,1,,14894984,ASHOK S KIRUMAKI,1761 => 1727 (R),D
103,METRO CLASS CHAMPIONSHIPS,CLASS B,2,,14864900,AKALPIT K GADRE,1711 => 1686 (R),W
104,METRO CLASS CHAMPIONSHIPS,CLASS B,3,,14878214,JAMES OSLICA,1756 => 1764 (R),W
105,CHESS CLUB LADDER,LADDER,2,,12541355,BEHROOZ VAKIL,1792 => 1781 (R),D
106,CLUB LADDER,LADDER,8,,14508963,TIANLU PENG,1795 => 1803 (R),L
107,2012 NEW ORLEANS OPEN,U1800,5,,12735730,STUART W. COLLINS,1750 => 1738 (R),D
108,2012 NATIONAL K-12 GRADE CHAMPIONSHIPS,8,2,,14176605,BRIAN ARTHUR,1793 => 1803 (R),L
109,2012 NATIONAL K-12 GRADE CHAMPIONSHIPS,8,4,,13751616,AIDAN SOWA,1777 => 1786 (R),L
110,2012 NATIONAL K-12 GRADE CHAMPIONSHIPS,8,7,,13688544,LORING LAURETTI,1711 => 1710 (R),D
111,3RD ANNUAL THANKSGIVING OPEN,MERGEU1800,1,,11041019,RANDY GIMINEZ,1735 => 1783 (R),L
112,3RD ANNUAL THANKSGIVING OPEN,MERGEU1800,3,,13623437,MICHAEL HENSLEY,1747 => 1727 (R),W
113,3RD ANNUAL THANKSGIVING OPEN,MERGEU1800,5,,12314110,DENNIS E HUMPHRIES,1712 => 1700 (R),W
114,$5 SATELLITE,1799-1400,1,,12432626,D JACOB EVANS,1722 => 1731 (R),L
115,CHESS CLUB LADDER,LADDER,5,,12664377,MICHAEL J KUMMER,1738 => 1732 (R),L
116,LADDER,LADDER,2,,14274063,SENAD SMAJLAGIC,1799 => 1802 (R),L
117,2-ON-2 TEAM CHAMPIONSHIP,CHAMP,3,,14508963,TIANLU PENG,1756 => 1764 (R),L
118,CHESS CLUB LADDER,LADDER,7,,14274063,SENAD SMAJLAGIC,1796 => 1799 (R),L
119,LADDER DAY SATURDAY!,LADDER,1,,14508963,TIANLU PENG,1749 => 1756 (R),L
120,LADDER DAY SATURDAY!,LADDER,2,,14508963,TIANLU PENG,1749 => 1756 (R),L
121,LADDER DAY SATURDAY!,LADDER,4,,14843128,PRESTON SMITH,1713 => 1692 (R),W
122,LADDER DAY SATURDAY!,LADDER,5,,14843128,PRESTON SMITH,1713 => 1692 (R),L
123,LADDER,LADDER,1,,14843128,PRESTON SMITH,1703 => 1713 (R),L
124,LADDER,LADDER,2,,14843128,PRESTON SMITH,1703 => 1713 (R),L
125,LADDER,LADDER,3,,14843128,PRESTON SMITH,1703 => 1713 (R),L
126,SEPTEMBER KNIGHTS,OPEN,1,,12509526,MR. ROSS M DEVILBISS,1736 => 1719 (R),W
127,SAINT LOUIS DISTRICT CHAMPIONSHIP,OPEN,4,,13760474,ZACHARY LANDON SCHUH,1720 => 1711 (R),L
128,CCSCSL LADDER,LADDER,7,,12664377,MICHAEL J KUMMER,1751 => 1753 (R),L
129,CCSCSL LADDER,LADDER,1,,12664377,MICHAEL J KUMMER,1753 => 1751 (R),L
130,17TH BRADLEY OPEN,UNDER 2100,5,,12570654,MARC NOLAN,1714 => 1702 (R),L
131,CLUB LADDER,LADDER,1,,12664377,MICHAEL J KUMMER,1752 => 1753 (R),L
132,LADDER,LADDER,1,,12664377,MICHAEL J KUMMER,1751 => 1752 (R),L
133,LADDER,LADDER,7,,12664377,MICHAEL J KUMMER,1751 => 1752 (R),L
134,LADDER,LADDER,8,,12664377,MICHAEL J KUMMER,1774 => 1751 (R),L
135,LADDER,LADDER,9,,12664377,MICHAEL J KUMMER,1774 => 1751 (R),L
136,CLUB LADDER,LADDER,1,,12664377,MICHAEL J KUMMER,1773 => 1774 (R),L
137,CLUB LADDER,LADDER,3,,12664377,MICHAEL J KUMMER,1773 => 1774 (R),L
2,STLCC EDWARD JONES OPEN 2025,OPEN,5,W,16727955,SEAN GAO,1893 => 1898 (R),W
3,STLCC GATEWAY OPEN 2024,OPEN,1,B,16813582,FORREST YANG,1866 => 1874 (R),W
4,STLCC GATEWAY OPEN 2024,OPEN,4,W,16727955,SEAN GAO,1861 => 1903 (R),D
5,STLCC AUTUMN OPEN 2024,OPEN,2,B,16727955,SEAN GAO,1840 => 1861 (R),W
6,METRO CLASS CHAMPIONSHIP 2024,OPEN SECTION (FIDE RATED),5,B,16813582,FORREST YANG,1829 => 1867 (R),D
7,2024 US OPEN WEEKEND SWISS,WEEKEND SWISS,2,B,30151794,HAYUL LIM,1815 => 1798 (R),W
8,STEVE BANGE MEMORIAL 2024,OPEN SECTION (FIDE RATED),1,B,16880986,OLIVER RANA,1866 => 1846 (R),W
9,SHOW ME CLASSIC 2024,OPEN SECTION (FIDE RATED),4,W,16813582,FORREST YANG,1814 => 1802 (R),W
10,SHOW ME CLASSIC 2024,OPEN SECTION (FIDE RATED),5,B,30598551,ALVIN HE,1887 => 1901 (R),W
11,CHESS LIKE IT OUGHTA BE!!,OPEN,4,W,16079945,VAUGHN WAMPOLE,1833 => 1840 (R),W
12,PRESIDENT'S DAY OPEN,OPEN,4,B,16698696,VIDYUTH KAMESH,1884 => 1887 (R),W
13,LADDER DAY SATURDAY,GAMES,8,W,16285567,SUDEEP VADDERAJU,1812 => 1808 (R),W
14,JEFFERSON CITY OPEN,MMM,4,,14216728,JONATHAN D CANNON,1893 => 1890 (R),W
15,2022 MISSOURI OPEN,OPEN,2,B,13016090,JARED ANTHONY BRAY,1880 => 1873 (R),W
16,JERRY SPANN MEMORIAL (OKLAHOMA STAT,CHAMPIONSHIP (OPEN),1,W,12044640,M PAUL COVINGTON,1800 => 1800 (R),D
17,JERRY SPANN MEMORIAL (OKLAHOMA STAT,CHAMPIONSHIP (OPEN),4,W,16036253,NEWMAN SHEN,1851 => 1927 (R),W
18,SAINT LOUIS MASTER LAB II,DOUBLE ROUND ROBIN,2,B,16963494,KAREN HOSHINO,1889 => 1877 (R),W
19,SAINT LOUIS MASTER LAB II,DOUBLE ROUND ROBIN,7,W,16963494,KAREN HOSHINO,1889 => 1877 (R),W
20,WINTER WONDERLAND EXTRAVAGANZA,OPEN,1,B,16735206,VINEETHREDDY THATIPARTHI,1869 => 1925 (R),L
21,WINTER WONDERLAND EXTRAVAGANZA,OPEN,3,B,16963494,KAREN HOSHINO,1880 => 1876 (R),W
22,MISSOURI CLASS CHAMPIONSHIPS,MASTER/EXPERT,3,W,13016090,JARED ANTHONY BRAY,1847 => 1855 (R),W
23,MISSOURI CLASS CHAMPIONSHIPS,MASTER/EXPERT,4,B,16735206,VINEETHREDDY THATIPARTHI,1851 => 1869 (R),W
24,THANKSGIVING OPEN,OPEN,5,B,14593437,MR. JEREMIAH BUENGER,1856 => 1877 (R),W
25,$5 SATELLITE,OPEN,3,B,16963494,KAREN HOSHINO,1889 => 1895 (R),W
26,JERRY SPANN MEMORIAL - 53RD ANNUAL,OPEN,2,W,10384681,CHRISTOPHER KEVIN DOOLEY,1868 => 1850 (R),W
27,JERRY SPANN MEMORIAL - 53RD ANNUAL,OPEN,3,B,15409954,MAXWELL HAMPTON BARNES,1875 => 1884 (R),W
28,2021 MISSOURI STATE CHAMPIONSHIP,OPEN,1,W,12492135,BRIAN M RUDE,1863 => 1878 (R),W
29,RED RIVER OPEN,OPEN,2,B,16068470,OSCAR AO WANG,1830 => 1840 (R),W
30,STATS PROJECT KOREAN,STATS PROJECT KOREAN,2,W,12930752,BRIAN JERAULD,1809 => 1816 (R),W
31,2019 CLUB CHAMPIONSHIP,CHAMPIONSHIP,3,W,15157586,ARJUN PURI,1898 => 1909 (R),D
32,2019 KNIGHTS CHAMPIONSHIP,THE PEOPLE'S CHAMPIONSHIP,2,W,12778463,ALEKSEY KAZAKEVICH,1886 => 1887 (R),W
33,OCTOBER KNIGHTS,1800+,1,B,16093755,AYDEN HUANG,1871 => 1846 (R),D
34,13TH ANNUAL SPICE CUP OPEN,OPEN,8,W,10286433,DR. GEORGE KVAKOVSZKY,1822 => 1822 (R),W
35,SEPTEMBER KNIGHTS,1800+,3,W,16093755,AYDEN HUANG,1898 => 1901 (R),W
36,65TH ANNUAL IOWA OPEN,IOWA OPEN MERGED,1,B,12475158,THOMAS GAUL,1812 => 1777 (R),W
37,PREMIER & AMATEUR,PREMIER,2,W,16442373,ANJANEYA SRIPATHY RAO,1893 => 1912 (R),W
38,BILL WRIGHT SAINT LOUIS OPEN,OPEN,1,W,15900121,BENSON SCHEXNAYDRE,1853 => 1878 (R),W
39,APRIL KNIGHTS,1800+,2,B,16111031,ALEX ZHANG,1884 => 1878 (R),W
40,MONDAY NIGHT STRONG SWISS,1800+,2,B,15206848,AKO HEIDARI,1879 => 1879 (R),W
41,JUNE KNIGHTS,OPEN,3,W,14688310,BENJAMIN LIU,1811 => 1804 (R),W
42,JUNE KNIGHTS,OPEN,4,B,15206848,AKO HEIDARI,1874 => 1881 (R),W
43,2017 KNIGHTS CHAMPIONSHIP,INVITATIONAL,1,W,10125715,DANIEL J CORYEA,1800 => 1852 (R),L
44,HOLIDAY BASH,OPEN,1,B,12546617,STEVEN D BANGE,1836 => 1835 (R),W
45,SPECIAL ACTION!,SPECIAL ACTION!,1,B,13939752,BENJI WEINSTEIN,1880 => 1881 (R),W
46,MAY WEEKEND FIDE,3-DAY 05052017,1,W,12701935,PROSPERO LUGO,1875 => 1876 (R),W
47,THURSDAY ACTION 5042017,THURSDAY ACTION 5042017,1,W,12793987,ANTHONY KOZIKOWSKI,1894 => 1909 (R),W
48,MARSHALL SATURDAY G60,OPEN,1,B,14755914,JOSHUA LUO,1873 => 1869 (R),W
49,THURSDAY ACTION!,THURSDAY ACTION!,1,W,15961118,JOSEPH R DE VILLA,1810 => 1775 (R),W
50,117TH ANNUAL US OPEN - 2016,U.S. OPEN,1,B,13743471,DON WEBSTER,1863 => 1825 (R),W
51,117TH ANNUAL US OPEN - 2016,U.S. OPEN,6,W,14672670,CLAIRE CAO,1857 => 1888 (R),W
52,10TH PHILADELPHIA INTERNATIONAL!,GM NORM!,3,B,14878413,VASANTA WETTASINHA,1872 => 1874 (R),W
53,10TH PHILADELPHIA INTERNATIONAL!,GM NORM!,6,W,13743863,BENJAMIN LU,1882 => 1868 (R),W
54,$5 SATELLITE FOR THANKSGIVING OPEN,1800+,1,,12839801,DANNY MACHUCA,1833 => 1909 (R),L
55,$5 SATELLITE FOR THANKSGIVING OPEN,1800+,2,,12541355,BEHROOZ VAKIL,1880 => 1869 (R),W
56,FRIENDSHIP GAMES,OPEN,3,,15466651,PINYI HU,1880 => 1859 (R),W
57,FRIENDSHIP GAMES,OPEN,8,,14235446,BRANDON O'NEIL,1819 => 1793 (R),W
58,43RD ANNUAL WORLD OPEN!,UNDER 2000,1,W,14938331,ANIL KUMAR MARTHI,1891 => 1894 (R),W
59,43RD ANNUAL WORLD OPEN!,UNDER 2000,2,B,12931378,SAMUEL WARANCH,1807 => 1852 (R),W
60,43RD ANNUAL WORLD OPEN!,UNDER 2000,5,W,12688571,LUCAS REVELLON,1899 => 1918 (R),W
61,MISSOURI CLASS CHAMPIONSHIPS,MASTER,2,B,12724236,JASON JOSEPH CLARK,1842 => 1838 (R),W
62,2015 LONE STAR OPEN,OPEN,3,W,13814891,CAISSA PALANG,1892 => 1926 (R),L
63,2015 DCC FIDE OPEN I,OPENI,4,,14049991,QIYU JOE HAN,1840 => 1843 (R),W
64,DECEMBER GAMES,STANDARD,2,,12760395,JOSEPH FRENCH,1891 => 1917 (R),L
65,DECEMBER GAMES,STANDARD,3,,12760395,JOSEPH FRENCH,1891 => 1917 (R),W
66,DECEMBER GAMES,STANDARD,4,,12760395,JOSEPH FRENCH,1891 => 1917 (R),L
67,2014 KNIGHTS CHAMPIONSHIP,CHAMP,3,,15470615,THALIA CERVANTES,1888 => 1882 (R),W
68,THE 12-13-14 OPEN,OPEN,3,,12760395,JOSEPH FRENCH,1865 => 1891 (R),L
69,THE 12-13-14 OPEN,OPEN,4,,12541355,BEHROOZ VAKIL,1814 => 1816 (R),W
70,NON-LADDER RATED GAMES,NON-LADDER,2,,12760395,JOSEPH FRENCH,1893 => 1865 (R),L
71,NON-LADDER RATED GAMES,NON-LADDER,3,,12760395,JOSEPH FRENCH,1893 => 1865 (R),W
72,NON-LADDER RATED GAMES,NON-LADDER,4,,12760395,JOSEPH FRENCH,1893 => 1865 (R),W
73,NON-LADDER RATED GAMES,NON-LADDER,5,,12760395,JOSEPH FRENCH,1893 => 1865 (R),W
74,NON-LADDER RATED GAMES,NON-LADDER,6,,12760395,JOSEPH FRENCH,1893 => 1865 (R),W
75,NON-LADDER RATED GAMES,NON-LADDER,7,,12760395,JOSEPH FRENCH,1893 => 1865 (R),W
76,6TH ANNUAL THANKSGIVING OPEN,OPEN,3,,12897405,LEO POPPANTE,1881 => 1864 (R),W
77,SUSAN POLGAR WORLD OPEN FOR BOYS AN,U16,5,,13949428,RISHI TARUN NARAYANAN,1888 => 1904 (R),D
78,AUGUST KNIGHTS,OPEN,2,,10125715,DANIEL J CORYEA,1803 => 1800 (R),W
79,ACTION QUAD JULY 28TH,CLASS A2,1,,14653287,SAMRUG NARAYANAN,1850 => 1904 (R),L
80,ACTION QUAD JULY 28TH,CLASS A2,2,,10321557,PETER D GISSELQUIST,1882 => 1871 (R),D
81,LADDER DAY SATUDAY!,LADDER,3,,12545119,ALBERT D HOWLETT,1872 => 1867 (R),W
82,2014 CASTLE CHESS GRAND PRIX,CLASS A,2,B,14431522,GEORGE YE,1804 => 1871 (R),L
83,2014 CASTLE CHESS GRAND PRIX,CLASS A,4,B,14034385,ALEXANDER R HEMMAT,1809 => 1816 (R),W
84,NON-LADDER RATED GAMES,MAY GAMES,5,,14860268,RONIT A KIRUMAKI,1878 => 1873 (R),L
85,LADDER DAY SATURDAY!,LADDER,2,,14843128,PRESTON SMITH,1826 => 1814 (R),W
86,LADDER,LADDER,1,,14860268,RONIT A KIRUMAKI,1832 => 1814 (R),W
87,LADDER,LADDER,1,,14843128,PRESTON SMITH,1804 => 1793 (R),W
88,LADDER DAY SATURDAY,LADDER,1,,14843128,PRESTON SMITH,1814 => 1804 (R),W
89,MARCH KNIGHTS,OPEN,5,,12724236,JASON JOSEPH CLARK,1867 => 1913 (R),D
90,LADDER,LADDER,1,,14843128,PRESTON SMITH,1831 => 1822 (R),W
91,LADDER,LADDER,2,,14843128,PRESTON SMITH,1831 => 1822 (R),D
92,6TH ANNUAL METRO SAINT LOUIS CLASS,CLASS A,2,,12846935,RYAN POLSKY,1854 => 1843 (R),W
93,SWISS MS. SWYS!,OPEN,3,,14612073,JONATHAN PATRICK SCHRANTZ,1865 => 1907 (R),L
94,2013 KNIGHTS CHAMPIONSHIP,SECTION1,1,,11246770,RODNEY VAUGHN,1888 => 1832 (R),W
95,2013 KNIGHTS CHAMPIONSHIP,SECTION1,2,,14894984,ASHOK S KIRUMAKI,1852 => 1838 (R),L
96,4TH ANNUAL THANKSGIVING OPEN,OPEN,3,,12612828,MATT HOSLER,1875 => 1874 (R),L
97,NOVEMBER KNIGHTS,OPEN,3,,14860268,RONIT A KIRUMAKI,1819 => 1831 (R),W
98,LADDER NIGHT,SECTION1,2,,12724236,JASON JOSEPH CLARK,1854 => 1846 (R),W
99,CCSCSL LADDER,LADDER,2,,12724236,JASON JOSEPH CLARK,1836 => 1854 (R),L
100,MISSOURI OPEN CHAMPIONSHIP,OPEN,3,W,12740678,JOSEPH F WOJCIK,1892 => 1851 (R),W
101,MISSOURI OPEN CHAMPIONSHIP,OPEN,5,B,14510393,JACK EASTON,1850 => 1846 (R),W
102,LADDER,LADDER,6,,12724236,JASON JOSEPH CLARK,1816 => 1836 (R),L
103,CCSCSL LADDER,LADDER,5,,12740678,JOSEPH F WOJCIK,1876 => 1892 (R),L
104,LADDER,LADDER,2,,12724236,JASON JOSEPH CLARK,1823 => 1809 (R),W
105,8TH ANNUAL INDIANAPOLIS OPEN,U2100,4,,12932568,RICHARD MERCER,1809 => 1822 (R),L
106,114TH ANNUAL US OPEN - 2013,OPEN,6,,13999051,ADREAM LIANG,1873 => 1834 (R),D
107,RATED GAMES,GAMES,1,,12545119,ALBERT D HOWLETT,1858 => 1875 (R),L
108,LADDER,LADDER,1,,12545119,ALBERT D HOWLETT,1893 => 1904 (R),L
109,THE BILL WRIGHT SAINT LOUIS OPEN,U2000,2,,12846935,RYAN POLSKY,1861 => 1854 (R),D
110,THE BILL WRIGHT SAINT LOUIS OPEN,U2000,4,,12546617,STEVEN D BANGE,1881 => 1873 (R),W
111,LADDER NIGHT!,LADDER,5,,14274063,SENAD SMAJLAGIC,1832 => 1776 (R),W
112,LADDER NIGHT!,LADDER,6,,14274063,SENAD SMAJLAGIC,1832 => 1776 (R),W
113,FREEZING ROUND ROBIN,RR 1,3,,10125715,DANIEL J CORYEA,1880 => 1889 (R),W
114,FREEZING ROUND ROBIN,RR 1,5,,11246770,RODNEY VAUGHN,1894 => 1879 (R),L
115,LADDER,LADDER,6,,14274063,SENAD SMAJLAGIC,1820 => 1831 (R),L
116,LADDER NIGHT,LADDER,3,,14274063,SENAD SMAJLAGIC,1813 => 1820 (R),L
117,LADDER NIGHT,LADDER,2,,14274063,SENAD SMAJLAGIC,1818 => 1813 (R),W
118,LADDER NIGHT,LADDER,4,,14274063,SENAD SMAJLAGIC,1818 => 1813 (R),L
119,CLUB LADDER,LADDER,2,,14274063,SENAD SMAJLAGIC,1845 => 1827 (R),W
120,CHAMPIONSHIP,CHAMP,4,,10125715,DANIEL J CORYEA,1897 => 1901 (R),L
121,CHAMPIONSHIP,CHAMP,5,,14274063,SENAD SMAJLAGIC,1859 => 1845 (R),L
122,CHESS CLUB LADDER,LADDER,4,,14508963,TIANLU PENG,1828 => 1811 (R),W
123,CHESS CLUB LADDER,LADDER,5,,14508963,TIANLU PENG,1828 => 1811 (R),L
124,CHESS CLUB LADDER,LADDER,7,,14508963,TIANLU PENG,1828 => 1811 (R),L
125,CHESS CLUB LADDER,LADDER,1,,14410148,YOMI TOBA,1872 => 1926 (R),L
126,LADDER!,LADDER,1,,12541355,BEHROOZ VAKIL,1812 => 1820 (R),L
127,LADDER!,LADDER,2,,12541355,BEHROOZ VAKIL,1812 => 1820 (R),L
128,OCTOBER KNIGHTS,OPEN,3,,10125715,DANIEL J CORYEA,1866 => 1869 (R),L
129,OCTOBER KNIGHTS,OPEN,4,,11246770,RODNEY VAUGHN,1828 => 1852 (R),L
130,LADDER DAY SATURDAY!,LADDER,2,,12541355,BEHROOZ VAKIL,1825 => 1812 (R),D
131,CLUB LADDER,LADDER,1,,14612073,JONATHAN PATRICK SCHRANTZ,1819 => 1823 (R),L
132,SEPTEMBER KNIGHTS,OPEN,2,,12304880,PAUL J GODDARD,1853 => 1846 (R),L
133,SAINT LOUIS DISTRICT CHAMPIONSHIP,OPEN,3,,12846935,RYAN POLSKY,1858 => 1851 (R),L
134,CHESS CLUB LADDER,LADDER,2,,14274063,SENAD SMAJLAGIC,1807 => 1811 (R),L
135,CHESS CLUB LADDER,LADDER,5,,14274063,SENAD SMAJLAGIC,1807 => 1811 (R),L
136,17TH BRADLEY OPEN,UNDER 2100,2,,13957393,ARTHUR TANG,1832 => 1820 (R),L
137,17TH BRADLEY OPEN,UNDER 2100,3,,10037093,THOMAS E HARTMAYER,1885 => 1869 (R),L
2,STLCC EDWARD JONES OPEN 2025,OPEN,2,B,14452644,OLIVER DUSK RUBENSTEIN,1963 => 1968 (R),D
3,33RD ANNUAL KINGS ISLAND OPEN,MAJOR SECTION!,2,B,16755503,NICHOLAS TIM BIZE,1970 => 1992 (R),W
4,2024 SPICE CUP,OPEN,7,W,17349625,ZACHARY HANKUN LIU,1976 => 2069 (R),W
5,METRO CLASS CHAMPIONSHIP 2024,OPEN SECTION (FIDE RATED),2,W,30598551,ALVIN HE,1935 => 1951 (R),W
6,124TH ANNUAL U. S. OPEN CHESS CHAMP,MERGED,2,B,10314402,GUY G HOFFMAN,1900 => 1900 (R),W
7,US OPEN THURSDAY QUADS,QUAD A,1,B,16378945,GNANADATTA RAMBHA,1937 => 1944 (R),D
8,2024 US OPEN WEEKEND SWISS,WEEKEND SWISS,4,B,12663277,PATRICK MCCARTNEY,1951 => 1944 (R),W
9,STEVE BANGE MEMORIAL 2024,OPEN SECTION (FIDE RATED),4,W,16093755,AYDEN HUANG,1965 => 1980 (R),L
10,SHOW ME CLASSIC 2024,OPEN SECTION (FIDE RATED),2,W,16285567,SUDEEP VADDERAJU,1949 => 1970 (R),L
11,2023 THANKSGIVING OPEN,OPEN,1,B,16093755,AYDEN HUANG,1978 => 2012 (R),D
12,2023 THANKSGIVING OPEN,OPEN,4,W,16138195,ABHINAV PULLABHOTLA,1977 => 2009 (R),W
13,LADDER DAY SATURDAY,GAMES,3,W,17324061,MATTHEW KENT PIKUS,1915 => 1973 (R),L
14,LADDER DAY SATURDAY,GAMES,6,B,16735206,VINEETHREDDY THATIPARTHI,1908 => 1906 (R),W
15,2023 BILL WRIGHT SAINT LOUIS OPEN,OPEN,1,B,16162723,GAAYATHRI BINOJ,1907 => 1904 (R),W
16,MISSOURI CLASS CHAMPIONSHIPS 2023,MASTER/EXPERT,1,B,16093755,AYDEN HUANG,1934 => 1932 (R),W
17,MISSOURI CLASS CHAMPIONSHIPS 2023,MASTER/EXPERT,5,W,16285567,SUDEEP VADDERAJU,1914 => 1907 (R),W
18,2022 SPICE CUP,OPEN,4,W,16438800,NIKASH VEMPARALA,1952 => 2084 (R),L
19,JEFFERSON CITY OPEN,MMM,7,,16735934,ANDREW SHATTUCK,1925 => 1898 (R),W
20,2022 THANKSGIVING OPEN,OPEN,1,B,13135370,WILLIAM JOSEPH NESHAM,1979 => 1941 (R),W
21,2022 PREMIER & AMATEUR,PREMIER,1,W,13699090,JORGE FLORES-RODRIGUEZ,1918 => 2101 (R),L
22,SHOW ME CLASSIC,OPEN,4,B,16336517,ANDREW LEWIS SHIMAN,1935 => 1938 (R),W
23,2022 BILL WRIGHT SAINT LOUIS OPEN,OPEN,1,W,13835291,MAX MATURA,1910 => 1897 (R),W
24,2022 BILL WRIGHT SAINT LOUIS OPEN,OPEN,4,B,15791966,ABINAV DINESH,1958 => 2002 (R),W
25,2022 LONE STAR OPEN CHAMPIONSHIPS,OPEN MERGE,4,B,30508057,ALOIS TADIWA CHIPFURTSE,1967 => 2073 (R),W
26,SAINT LOUIS MASTER LAB II,DOUBLE ROUND ROBIN,3,W,16735206,VINEETHREDDY THATIPARTHI,1934 => 1900 (R),W
27,SAINT LOUIS MASTER LAB II,DOUBLE ROUND ROBIN,4,B,16179331,PRATEEK R NEMMALI,1987 => 1999 (R),L
28,SAINT LOUIS MASTER LAB II,DOUBLE ROUND ROBIN,8,B,16735206,VINEETHREDDY THATIPARTHI,1934 => 1900 (R),W
29,SAINT LOUIS MASTER LAB II,DOUBLE ROUND ROBIN,9,W,16179331,PRATEEK R NEMMALI,1987 => 1999 (R),W
30,WORLD PEACE,WORLD PEACE,2,W,12617451,JEFFREY S VOLLMER,1934 => 1931 (R),W
31,JERRY SPANN MEMORIAL - 53RD ANNUAL,OPEN,1,W,12071920,DAVID W PHILLIPS,1914 => 1985 (R),L
32,14TH PHILADELPHIA INTERNATIONAL,PREMIER SECTION,2,W,15911335,ETHAN SU,1900 => 1933 (R),W
33,30TH CHICAGO OPEN,OPEN,2,W,12687514,PAUL ROYAL JR.,1911 => 1933 (R),W
34,MISSOURI GRAND CHAMPIONSHIP,MAJOR,9,B,12396445,ALEXANDER SHAFFER,1900 => 1900 (R),W
35,MISSOURISPRINGCHAMPIONSHIP,CHAMPIONSHIP,1,B,12071920,DAVID W PHILLIPS,1956 => 1930 (R),W
36,RED RIVER OPEN,OPEN,4,W,13478997,BARRETT WINCHELL,1939 => 1961 (R),W
37,STATS PROJECT KOREAN,STATS PROJECT KOREAN,3,B,12617451,JEFFREY S VOLLMER,1972 => 1972 (R),W
38,"DFW OPEN, AMATEUR AND NOVICE",DFWOPEN,1,B,14765507,RYAN DEERING,1923 => 1891 (R),W
39,THANKSGIVING OPEN,OPEN,1,W,12416678,ROBERT TARAS,1920 => 1885 (R),W
40,OCTOBER KNIGHTS,1800+,2,W,16111031,ALEX ZHANG,1930 => 1993 (R),L
41,2019 SAINT LOUIS MASTER LAB,INVITATIONAL,1,W,14524502,ERIK TKACHENKO,1993 => 2013 (R),D
42,SEPTEMBER KNIGHTS,1800+,1,W,14765507,RYAN DEERING,1922 => 1915 (R),W
43,65TH ANNUAL IOWA OPEN,IOWA OPEN MERGED,4,W,11332722,ROBERT LOUIS REYNOLDS,1975 => 2000 (R),W
44,120TH ANNUAL US OPEN - 2019,U.S. OPEN,2,B,12545943,IAN AIRD,1951 => 1914 (R),W
45,120TH ANNUAL US OPEN - 2019,U.S. OPEN,9,B,13880715,LUKE F TRIPLETT,1966 => 2057 (R),L
46,US OPEN WEEKEND SWISS,US OPEN WEEKEND SWISS,2,W,12407332,ERNEST E NIX,1901 => 1884 (R),W
47,PREMIER & AMATEUR,PREMIER,1,B,14467261,IRIS ZHOU,1991 => 1974 (R),W
48,2019 NORTH AMERICAN JUNIOR CHAMPIONSHIP,OPEN U20,1,B,14294898,AUSTIN CHUANG,1949 => 1913 (R),W
49,JUNE KNIGHTS,1800+,1,W,15841411,ASISH PANDA,1924 => 1930 (R),W
50,JUNE KNIGHTS,1800+,2,B,16111031,ALEX ZHANG,1920 => 1933 (R),W
51,2019 NATIONAL OPEN CHESS CHAMPIONSHIP,UNDER 2300,7,W,15161797,SHREYAS SANJAY NAYAK,1932 => 2106 (R),L
52,MAY KNIGHTS,1800+,1,W,16111031,ALEX ZHANG,1919 => 1923 (R),W
53,APRIL KNIGHTS,1800+,1,W,15206848,AKO HEIDARI,1909 => 1897 (R),W
54,CHESS LIKE IT OUGHTA BE!!,OPEN,3,W,15206848,AKO HEIDARI,1907 => 1909 (R),W
55,MONDAY NIGHT STRONG SWISS,1800+,1,W,14522223,NEIL S DESHPANDE,1939 => 1935 (R),W
56,119TH ANNUAL US OPEN - 2018,U.S. OPEN,2,W,15229575,ANKITH SHESHAPPA,1977 => 1936 (R),W
57,119TH ANNUAL US OPEN - 2018,U.S. OPEN,3,B,12687514,PAUL ROYAL JR.,1913 => 1898 (R),D
58,MONDAY NIGHT STRONG SWISS,1800+,2,B,14612073,JONATHAN PATRICK SCHRANTZ,1904 => 1894 (R),W
59,MONDAY NIGHT STRONG SWISS,1800+,4,W,15550803,LUKE SICONG YE,1973 => 1982 (R),D
60,PREMIER & AMATEUR,PREMIER,1,B,15416134,MR. BENJAMIN EFFRON SHOYKHET,1942 => 1962 (R),D
61,PREMIER & AMATEUR,PREMIER,5,W,14317934,JONATHAN R GOLLAPUDI,1945 => 2001 (R),L
62,HOLIDAY BASH,OPEN,2,W,14467261,IRIS ZHOU,1942 => 1953 (R),W
63,THANKSGIVING OPEN,OPEN,1,W,14231898,SI R LI,1913 => 1885 (R),W
64,AMATEUR & PREMIER,PREMIER,1,B,12612828,MATT HOSLER,1981 => 1988 (R),W
65,JULY FIDE WEEKEND,JULY FIDE WEEKEND,5,B,12510577,MATTHEW BOXER,1926 => 1968 (R),D
66,11TH PHILADELPHIA INTERNATIONAL!,2 GM NORMS!,9,B,16110111,V PRUDHVI KUMAR,1909 => 2105 (R),L
67,THURSDAY ACTION 5042017,THURSDAY ACTION 5042017,2,B,13745195,JONATHAN RITTER,1973 => 1968 (R),W
68,MARSHALL SUNDAY G45,OPEN,2,W,13696874,NICKLAS BRESKIN,1937 => 1934 (R),W
69,MARSHALL SATURDAY G60,OPEN,2,W,14557078,WESLEY HELLNER,1921 => 1922 (R),W
70,THURSDAY ACTION!,THURSDAY ACTION!,2,B,13745195,JONATHAN RITTER,1965 => 1981 (R),L
71,117TH ANNUAL US OPEN - 2016,U.S. OPEN,2,W,10061849,JEFFREY RYMUZA,1900 => 1900 (R),W
72,117TH ANNUAL US OPEN - 2016,U.S. OPEN,4,W,10348404,BRIAN C GLOVER,1915 => 1905 (R),W
73,117TH ANNUAL US OPEN - 2016,U.S. OPEN,5,B,14885268,KIRK GHAZARIAN,1944 => 1962 (R),L
74,117TH ANNUAL US OPEN - 2016,U.S. OPEN,7,B,10318637,DANIEL W VOJE,1941 => 1953 (R),W
75,DOUBLE DUEL DAY,DUAL,1,,12760395,JOSEPH FRENCH,1947 => 1926 (R),W
76,DOUBLE DUEL DAY,DUAL,2,,12760395,JOSEPH FRENCH,1947 => 1926 (R),L
77,DOUBLE DUEL DAY,DUAL,3,,12760395,JOSEPH FRENCH,1947 => 1926 (R),W
78,DOUBLE DUEL DAY,DUAL,5,,12760395,JOSEPH FRENCH,1947 => 1926 (R),W
79,DOUBLE DUEL DAY,DUAL,6,,12760395,JOSEPH FRENCH,1947 => 1926 (R),W
80,DOUBLE DUEL DAY,DUAL,7,,11518001,DWIGHT BEASLEY,1928 => 1914 (R),W
81,DOUBLE DUEL DAY,DUAL,8,,11518001,DWIGHT BEASLEY,1928 => 1914 (R),W
82,DOUBLE DUEL DAY,DUAL,9,,12760395,JOSEPH FRENCH,1947 => 1926 (R),W
83,DOUBLE DUEL DAY,DUAL,10,,12760395,JOSEPH FRENCH,1947 => 1926 (R),W
84,NON-LADDER RATED GAMES,STANDARD,1,,14900910,HARPER EVAN SMITH,1948 => 1938 (R),W
85,DOUBLE DUEL DAY,SECTION1,1,,11518001,DWIGHT BEASLEY,1934 => 1928 (R),W
86,DOUBLE DUEL DAY,SECTION1,2,,11518001,DWIGHT BEASLEY,1934 => 1928 (R),W
87,DOUBLE DUEL DAY,SECTION1,3,,11518001,DWIGHT BEASLEY,1934 => 1928 (R),L
88,DOUBLE DUEL DAY,SECTION1,4,,11518001,DWIGHT BEASLEY,1934 => 1928 (R),W
89,DOUBLE DUEL DAY,SECTION1,5,,12760395,JOSEPH FRENCH,1970 => 1947 (R),D
90,DOUBLE DUEL DAY,SECTION1,6,,12760395,JOSEPH FRENCH,1970 => 1947 (R),W
91,DOUBLE DUEL DAY,SECTION1,7,,12760395,JOSEPH FRENCH,1970 => 1947 (R),W
92,DOUBLE DUEL DAY,SECTION1,8,,12760395,JOSEPH FRENCH,1970 => 1947 (R),W
93,ALS BENEFIT TOURNAMENT,OPEN,4,,12933056,DRITAN NERHATI,1901 => 1952 (R),L
94,2015 ILLINOIS OPEN,OPEN,5,,15446725,RITHWIK MATHUR,1993 => 2017 (R),D
95,2015 HOUSTON SUMMER CHESS FESTIVAL,OPEN,2,W,13745958,RITIK VERMA,1932 => 1915 (R),W
96,2015 HOUSTON SUMMER CHESS FESTIVAL,OPEN,4,W,14793255,YANKE WANG,1945 => 1972 (R),L
97,2015 HOUSTON SUMMER CHESS FESTIVAL,OPEN,5,B,14932640,ATHARV SONAWANE,1957 => 1951 (R),W
98,43RD ANNUAL WORLD OPEN!,UNDER 2000,3,W,14257404,ANDY CAEN,1918 => 1957 (R),D
99,43RD ANNUAL WORLD OPEN!,UNDER 2000,4,B,14022780,KEVIN HUANG,1967 => 2030 (R),L
100,43RD ANNUAL WORLD OPEN!,UNDER 2000,6,B,14673296,DOUGLAS M MALCOLM,1941 => 1929 (R),W
101,43RD ANNUAL WORLD OPEN!,UNDER 2000,7,W,10040035,GEORGE OLTE,1911 => 1935 (R),W
102,43RD ANNUAL WORLD OPEN!,UNDER 2000,8,B,13701697,FILIPP SHELOBOLIN,1947 => 2045 (R),L
103,43RD ANNUAL WORLD OPEN!,UNDER 2000,9,W,14737573,KEVIN LIU,1961 => 1972 (R),D
104,NON-LADDER RATED GAMES,NON-LADDER,1,,12760395,JOSEPH FRENCH,1949 => 1945 (R),W
105,NON-LADDER RATED GAMES,NON-LADDER,2,,12760395,JOSEPH FRENCH,1949 => 1945 (R),W
106,NON-LADDER RATED GAMES,NON-LADDER,3,,12760395,JOSEPH FRENCH,1949 => 1945 (R),L
107,NON-LADDER RATED GAMES,NON-LADDER,4,,12760395,JOSEPH FRENCH,1949 => 1945 (R),D
108,NON-LADDER RATED GAMES,NON-LADDER,5,,12760395,JOSEPH FRENCH,1949 => 1945 (R),D
109,NON-LADDER RATED GAMES,NON-LADDER,6,,11518001,DWIGHT BEASLEY,1929 => 1917 (R),W
110,COLUMBIA COLLEGE OPEN,HS TOURNAMENT OF CHAMPIONS,3,W,13289400,MARGARET HUA,1950 => 1951 (R),W
111,2015 LONE STAR OPEN,OPEN,4,B,14502963,WILLIAM G FAN,1931 => 1950 (R),L
112,2015 LONE STAR OPEN,OPEN,5,W,14435718,CHARLES HAWTHORN,1912 => 1879 (R),W
113,SOUTHWEST CLASS CHAMPIONSHIP,EXPERTS,5,,14299428,SAITHANUSRI AVIRNENI,1907 => 1902 (R),W
114,NON-CHECKER RATED GAMES,SECTION1,1,,12760395,JOSEPH FRENCH,1917 => 1949 (R),L
115,NON-CHECKER RATED GAMES,SECTION1,2,,12760395,JOSEPH FRENCH,1917 => 1949 (R),L
116,DECEMBER GAMES,STANDARD,1,,20092935,MATT BARRETT,1990 => 1979 (R),W
117,NON-LADDER RATED GAMES,NON-LADDER,1,,20092935,MATT BARRETT,1969 => 1990 (R),L
118,SUSAN POLGAR WORLD OPEN FOR BOYS AN,U16,4,,13216472,NICHOLAS BARTOCHOWSKI,1949 => 1953 (R),D
119,SUSAN POLGAR WORLD OPEN FOR BOYS AN,U16,6,,14064411,ANDREW YUEYANG FEI,1909 => 1916 (R),W
120,NON-LADDER RATED GAMES,NON-LADDER,1,,12760395,JOSEPH FRENCH,1905 => 1893 (R),W
121,2014 WBO,OPEN,5,,10253136,GREGG STARK,1901 => 1914 (R),L
122,$5 SATELLITE TOURNAMENT,1800+,2,,14612073,JONATHAN PATRICK SCHRANTZ,1922 => 1939 (R),L
123,NON-LADDER RATED GAMES,NON-LADDER,1,,12882813,ALEXANDER VERGILESOV,1995 => 1981 (R),W
124,MILLIONAIRE CHESS SATELLITE,OPENMERGE,3,,13858968,HANSON HAO,1999 => 1978 (R),W
125,ACTION QUAD JULY 28TH,CLASS A2,3,,14297265,KARTHIK SAI PADMANABHAN,1906 => 1920 (R),L
126,THURSDAY CHESS MAGIC 07-03-2014,TCMOPEN,1,,12447250,MICHAEL B THOMAS,1962 => 1971 (R),W
127,MARCH KNIGHTS,OPEN,4,,12304880,PAUL J GODDARD,1908 => 1897 (R),W
128,NON-RATED LADDER GAMES,NON-LADDER,1,,12562553,ADIL SKUKA,1900 => 1900 (R),W
129,6TH ANNUAL METRO SAINT LOUIS CLASS,CLASS A,3,,12089710,TODD PLAGEMANN,1950 => 1954 (R),D
130,4TH ANNUAL THANKSGIVING OPEN,OPEN,5,,12711437,KYLE J MILES,1922 => 1915 (R),L
131,NOVEMBER KNIGHTS,OPEN,4,,11246770,RODNEY VAUGHN,1929 => 1926 (R),L
132,$5 SATELLITE FOR THE THANKSGIVING O,1800+,1,,13776967,DAVID ASKIN,1993 => 2000 (R),L
133,22ND MIDWEST CLASS CHAMPIONSHIPS,EXPERT,2,,14163196,ARSHAQ SALEEM,1990 => 1992 (R),L
134,SAINT LOUIS DISTRICT CHAMPIONSHIP,SECTION1,2,,13776967,DAVID ASKIN,1985 => 1979 (R),L
135,SAINT LOUIS DISTRICT CHAMPIONSHIP,SECTION1,4,,12089710,TODD PLAGEMANN,1961 => 1950 (R),D
136,SAINT LOUIS DISTRICT CHAMPIONSHIP,SECTION1,5,,11246770,RODNEY VAUGHN,1905 => 1911 (R),D
137,8TH ANNUAL INDIANAPOLIS OPEN,U2100,1,,13081550,RAHUL C RAMASWAMY,1940 => 1952 (R),D
138,8TH ANNUAL INDIANAPOLIS OPEN,U2100,3,,12511643,IVAN WIJETUNGE,1911 => 1921 (R),L
139,8TH ANNUAL INDIANAPOLIS OPEN,U2100,5,,12856120,BRIAN D BENSON,1914 => 1902 (R),L
140,114TH ANNUAL US OPEN - 2013,OPEN,4,,14933293,JOSHUA ALEXANDER,1990 => 1988 (R),L
141,RATED GAMES,GAMES,2,,14508963,TIANLU PENG,1950 => 1970 (R),L
142,3RD ANNUAL BARBER NATL TMT OF K-8 STATE CHAMPS,BARBER,3,,13292602,GABRIEL KATZ,1988 => 1949 (R),W
143,3RD ANNUAL BARBER NATL TMT OF K-8 STATE CHAMPS,BARBER,4,,14114902,SANJAY GHATTI,1981 => 2014 (R),L
144,3RD ANNUAL BARBER NATL TMT OF K-8 STATE CHAMPS,BARBER,5,,13957393,ARTHUR TANG,1936 => 1933 (R),W
145,LADDER NIGHT!,LADDER,4,,20092935,MATT BARRETT,1959 => 1968 (R),L
146,LADDER  NIGHT,LADDER,3,,12882813,ALEXANDER VERGILESOV,1997 => 2001 (R),L
147,LADDER NIGHT,LADDER,3,,20092935,MATT BARRETT,1950 => 1955 (R),L
148,THE BILL WRIGHT SAINT LOUIS OPEN,U2000,5,,13457744,SPENCER GEORGE LEHMANN,1906 => 1930 (R),L
149,2013 SUPER NATIONALS V,K8,1,,13318407,ARMAAN KALYANPUR,1934 => 1924 (R),L
150,LADDER NIGHT!,SECTION1,3,,20092935,MATT BARRETT,1938 => 1943 (R),L
151,LADDER NIGHT!,LADDER,2,,20092935,MATT BARRETT,1929 => 1938 (R),L
152,FREEZING ROUND ROBIN,RR 1,7,,13776967,DAVID ASKIN,1980 => 1981 (R),L
153,LADDER,LADDER,2,,20092935,MATT BARRETT,1949 => 1929 (R),D
154,LADDER,LADDER,5,,20092935,MATT BARRETT,1949 => 1929 (R),W
155,LADDER NIGHT,LADDER,3,,20092935,MATT BARRETT,1945 => 1948 (R),L
156,LADDER NIGHT,LADDER,1,,12882813,ALEXANDER VERGILESOV,1974 => 1978 (R),L
157,2013 GATEWAY ACTION TOURNAMENT,ACTION,6,B,13135370,WILLIAM JOSEPH NESHAM,1930 => 1935 (R),L
158,LADDER,LADDER,1,,12882813,ALEXANDER VERGILESOV,1927 => 1937 (R),L
159,LADDER,LADDER,2,,12882813,ALEXANDER VERGILESOV,1927 => 1937 (R),L
160,LADDER,LADDER,3,,12882813,ALEXANDER VERGILESOV,1927 => 1937 (R),L
161,CHESS CLUB LADDER,LADDER,3,,20092935,MATT BARRETT,1948 => 1950 (R),L
162,LADDER!,LADDER,4,,12882813,ALEXANDER VERGILESOV,1929 => 1936 (R),L
163,LADDER!,LADDER,5,,12882813,ALEXANDER VERGILESOV,1929 => 1936 (R),L
164,CLUB LADDER,LADDER,8,,11518001,DWIGHT BEASLEY,1932 => 1934 (R),L
165,2-ON-2 TEAM CHAMPIONSHIP,CHAMP,2,,13636131,ZACH STUART,1994 => 1987 (R),L
166,LADDER DAY SATURDAY!,LADDER,6,,11518001,DWIGHT BEASLEY,1935 => 1940 (R),L
167,LADDER DAY SATURDAY!,LADDER,7,,11518001,DWIGHT BEASLEY,1935 => 1940 (R),L
168,SAINT LOUIS DISTRICT CHAMPIONSHIP,OPEN,1,,13856920,CALVIN JAY PARNON,1907 => 1975 (R),L
169,AUGUST KNIGHTS,OPEN,3,,20092935,MATT BARRETT,1904 => 1908 (R),L
170,LADDER,LADDER,9,,11518001,DWIGHT BEASLEY,1921 => 1929 (R),L
171,LADDER,LADDER,10,,11518001,DWIGHT BEASLEY,1921 => 1929 (R),L
172,2012 SUPER TEAM CHAMPIONSHIP,OPEN,1,,13322603,LUCAS WALWORTH MCCAIN,1988 => 2013 (R),L
173,LADDER,LADDER,1,,20092935,MATT BARRETT,1911 => 1872 (R),L
2,STLCC EDWARD JONES OPEN 2025,OPEN,4,B,16285567,SUDEEP VADDERAJU,2030 => 2025 (R),D
3,STLCC GATEWAY OPEN 2024,OPEN,2,W,30598551,ALVIN HE,2023 => 2068 (R),D
4,STLCC GATEWAY OPEN 2024,OPEN,3,B,17324061,MATTHEW KENT PIKUS,2057 => 2049 (R),W
5,33RD ANNUAL KINGS ISLAND OPEN,MAJOR SECTION!,1,W,16285567,SUDEEP VADDERAJU,2050 => 2035 (R),W
6,STLCC AUTUMN OPEN 2024,OPEN,3,W,15790277,ASTON ROBERTS,2086 => 2088 (R),W
7,SAINT LOUIS CITY OPEN 2024- OPEN SE,OPEN SECTION,5,W,17324061,MATTHEW KENT PIKUS,2053 => 2057 (R),W
8,124TH ANNUAL U. S. OPEN CHESS CHAMP,MERGED,3,W,15547376,HENRY HOPSON,2041 => 2045 (R),W
9,2024 US OPEN WEEKEND SWISS,WEEKEND SWISS,3,W,15334484,ANEESH DESAI,2058 => 2068 (R),D
10,STEVE BANGE MEMORIAL 2024,OPEN SECTION (FIDE RATED),2,W,12893372,ALEX MARLER,2052 => 2045 (R),W
11,2024 CHARLOTTE OPEN,CHAMPIONSHIP,1,W,16238130,SANJAY KUMAR,2033 => 2039 (R),W
12,2023 THANKSGIVING OPEN,OPEN,2,W,15791966,ABINAV DINESH,2014 => 2009 (R),W
13,MISSOURI CLASS CHAMPIONSHIPS 2023,MASTER/EXPERT,4,W,14947548,BEN M BOAZ,2013 => 2029 (R),W
14,32ND ANNUAL CHICAGO OPEN,UNDER 2300,1,B,12737570,DEREK PAITRICK,2067 => 2080 (R),W
15,32ND ANNUAL CHICAGO OPEN,UNDER 2300,2,W,30774659,CIJUN ZHANG,2077 => 2100 (R),W
16,32ND ANNUAL CHICAGO OPEN,UNDER 2300,3,B,15991103,EKANSH MEHROTRA,2074 => 2118 (R),D
17,32ND ANNUAL CHICAGO OPEN,UNDER 2300,4,W,15797710,SADKRITH MALLADI,2055 => 2113 (R),D
18,LADDER DAY SATURDAY,GAMES,3,W,15764485,KEVIN CHEN,2093 => 2089 (R),W
19,JEFFERSON CITY OPEN,MMM,5,,12873131,YOGESH RAGHUNATHAN,2028 => 2021 (R),W
20,2022 MISSOURI OPEN,OPEN,3,W,12834366,FRANK HAROLD SMITH,2097 => 2102 (R),D
21,2022 MISSOURI OPEN,OPEN,4,W,12717383,JACOB KENNETH WAGNER,2015 => 2023 (R),W
22,30TH ANNUAL MIDWEST CLASS,PREMIER,1,B,14323352,TONY BERGIDA,2098 => 2093 (R),W
23,30TH ANNUAL MIDWEST CLASS,PREMIER,2,W,16139198,TIMOTHY LIM,2041 => 2081 (R),W
24,2022 BILL WRIGHT SAINT LOUIS OPEN,OPEN,2,B,12893372,ALEX MARLER,2087 => 2075 (R),W
25,26TH ANNUAL MID-AMERICA OPEN!,MAJOR SECTION,1,W,14631046,ARIA HOESLEY,2077 => 2082 (R),W
26,26TH ANNUAL MID-AMERICA OPEN!,MAJOR SECTION,3,W,15816768,VASEEGARAN NANDHAKUMAR,2048 => 2083 (R),D
27,2022 LONE STAR OPEN CHAMPIONSHIPS,OPEN MERGE,1,W,16192001,ANDREW GUO,2021 => 2033 (R),D
28,2022 LONE STAR OPEN CHAMPIONSHIPS,OPEN MERGE,3,W,13388205,ROHITH KALIYUR,2050 => 2065 (R),W
29,13TH ANNUAL SOUTHWEST CLASS,MASTER,1,W,16647087,JESSE REN,2099 => 2086 (R),W
30,13TH ANNUAL SOUTHWEST CLASS,MASTER,3,W,12892548,ZACHARY DAVID MARTIN,2078 => 2074 (R),W
31,SAINT LOUIS MASTER LAB II,DOUBLE ROUND ROBIN,5,W,15157586,ARJUN PURI,2007 => 2072 (R),D
32,SAINT LOUIS MASTER LAB II,DOUBLE ROUND ROBIN,10,B,15157586,ARJUN PURI,2007 => 2072 (R),D
33,CLUB CHAMPIONSHIP,CHAMPIONSHIP,1,W,16111031,ALEX ZHANG,2082 => 2068 (R),W
34,MISSOURI CLASS CHAMPIONSHIPS,MASTER/EXPERT,1,W,15157586,ARJUN PURI,2009 => 2007 (R),W
35,JERRY SPANN MEMORIAL - 53RD ANNUAL,OPEN,5,W,12921254,DAVID LUSCOMB,2038 => 2043 (R),W
36,2021 MISSOURI STATE CHAMPIONSHIP,OPEN,2,B,15816768,VASEEGARAN NANDHAKUMAR,2046 => 2073 (R),W
37,RATED GAMES,DUAL,1,W,13123821,JOSHUA DANIEL HIBAN,2026 => 2016 (R),W
38,RATED GAMES,DUAL,2,W,13123821,JOSHUA DANIEL HIBAN,2026 => 2016 (R),W
39,RATED GAMES,DUAL,3,B,14675052,SAM SCHENK,2057 => 2081 (R),L
40,RATED GAMES,DUAL,4,W,14675052,SAM SCHENK,2057 => 2081 (R),D
41,RATED GAMES,DUAL,5,B,14675052,SAM SCHENK,2057 => 2081 (R),W
42,RATED GAMES,DUAL,6,W,14675052,SAM SCHENK,2057 => 2081 (R),D
43,49TH ANNUAL WORLD OPEN,OPEN,2,W,16650666,ERIC CHANG LIU,2097 => 2121 (R),W
44,49TH ANNUAL WORLD OPEN,OPEN,5,B,15819046,ADEYINKA ADEWOLE,2034 => 2036 (R),W
45,2021 NATIONAL OPEN,UNDER 2300,1,B,12915762,DANE BRUNO ZAGAR,2062 => 2042 (R),W
46,2021 NATIONAL OPEN,UNDER 2300,4,W,15089302,SHAASHWATH SIVAKUMAR,2082 => 2179 (R),W
47,2021 NATIONAL OPEN,UNDER 2300,7,W,16074871,JOSHUA AVILA RODRIGUEZ,2094 => 2193 (R),D
48,MISSOURISPRINGCHAMPIONSHIP,CHAMPIONSHIP,2,W,14965613,EVAN Y HUANG,2092 => 2101 (R),L
49,MISSOURISPRINGCHAMPIONSHIP,CHAMPIONSHIP,3,B,14130588,COLE FORESTER BLAKEMAN,2096 => 2093 (R),W
50,2021 PATRICIA VOLLMER MEMORIAL,DFD,3,B,10363209,JAMES A DAVIES,2000 => 2000 (R),W
51,RED RIVER OPEN,OPEN,5,B,10832756,WILLIAM M WENZ,2000 => 2013 (R),W
52,"DFW OPEN, AMATEUR AND NOVICE",DFWOPEN,2,W,15472194,VENKATA PULLABHOTLA,2096 => 2126 (R),L
53,"DFW OPEN, AMATEUR AND NOVICE",DFWOPEN,4,W,14548776,RUDRANSH RAJARAM,2020 => 2018 (R),W
54,THANKSGIVING OPEN,OPEN,4,B,14680747,ANISH LODH,2089 => 2101 (R),W
55,2019 SAINT LOUIS MASTER LAB,INVITATIONAL,2,B,14467261,IRIS ZHOU,2017 => 2033 (R),W
56,65TH ANNUAL IOWA OPEN,IOWA OPEN MERGED,2,W,14680747,ANISH LODH,2011 => 2109 (R),L
57,120TH ANNUAL US OPEN - 2019,U.S. OPEN,5,W,13117640,JAVIER CORDOVEZ,2045 => 2042 (R),W
58,US OPEN WEEKEND SWISS,US OPEN WEEKEND SWISS,3,B,15537233,VINCENT WILLIAM STONE III,2021 => 2027 (R),W
59,CHESS LIKE IT OUGHTA BE!!,OPEN,4,B,15550803,LUKE SICONG YE,2041 => 2030 (R),W
60,23RD ANNUAL MID-AMERICA OPEN,MAJOR,1,W,14345441,SARA HERMAN,2004 => 2060 (R),W
61,27TH ANNUAL MIDWEST CLASS,PREMIER,1,W,15299750,HIRO HIGUCHI,2006 => 1990 (R),W
62,27TH ANNUAL MIDWEST CLASS,PREMIER,3,W,15092641,NICHOLAS LADAN,2021 => 2031 (R),W
63,27TH ANNUAL MIDWEST CLASS,PREMIER,4,B,14949310,TOM BAREKET,2017 => 2044 (R),W
64,119TH ANNUAL US OPEN - 2018,U.S. OPEN,4,W,10344549,ROY BENEDEK,2014 => 2020 (R),W
65,119TH ANNUAL US OPEN - 2018,U.S. OPEN,8,W,12716083,JESSE ALLEN,2070 => 2058 (R),D
66,119TH ANNUAL US OPEN - 2018,U.S. OPEN,9,B,12911927,NICHOLAS KING,2081 => 2094 (R),D
67,US OPEN WEEKEND SWISS,US OPEN WEEKEND SWISS,5,W,12910285,CHARLES M UNRUH,2047 => 2057 (R),W
68,PREMIER & AMATEUR,PREMIER,4,B,14508963,TIANLU PENG,2079 => 2114 (R),L
69,THANKSGIVING OPEN,OPEN,4,B,12781294,MATTHEW SPENCER WILSON,2060 => 2075 (R),D
70,2017 CITY OF CHICAGO CLASS-OPEN,OPEN,1,W,15024326,HERSH SINGH,2007 => 2013 (R),W
71,2017 U.S. MASTERS CHESS CHAMPIONSHIP,MASTERS,2,B,10251648,ROBERT J FISCHER,2077 => 2087 (R),D
72,AMATEUR & PREMIER,PREMIER,2,W,14879327,DEREK WU,2060 => 2070 (R),D
73,10TH ANNUAL CHICAGO CLASS,MASTER,1,W,13949428,RISHI TARUN NARAYANAN,2090 => 2059 (R),W
74,JULY FIDE WEEKEND,JULY FIDE WEEKEND,1,B,13591837,SZYMON RUDOWSKI,2009 => 2020 (R),W
75,JULY FIDE WEEKEND,JULY FIDE WEEKEND,3,B,12422743,HENRY YU,2079 => 2088 (R),W
76,SPECIAL ACTION!,SPECIAL ACTION!,3,B,13104890,ROCHELLE BALLANTYNE,2026 => 2021 (R),W
77,11TH PHILADELPHIA INTERNATIONAL!,2 GM NORMS!,6,W,16213543,QINGYU ZHU,2039 => 2043 (R),W
78,2016 U.S. MASTERS CHESS CHAMPIONSHIP,MASTERS,6,B,11069088,TOM S KAYMA,2031 => 2039 (R),W
79,U.S. OPEN WEDNESDAY QUADS,W,3,W,13703405,ELI M KARP,2096 => 2116 (R),L
80,44TH ANNUAL WORLD OPEN,OPEN,5,W,12400229,NM JOHN MACARTHUR,2024 => 2010 (R),W
81,2016 US JUNIOR OPEN,U21,2,B,14621150,RITHIK SAI POLAVARAM,2053 => 2066 (R),D
82,DOUBLE DUEL DAY,DUAL,4,,15470615,THALIA CERVANTES,2030 => 2020 (R),W
83,2015 SPICE CUP OPEN,OPEN,7,,15819857,ANDRE RICARDO BOFF,2035 => 1971 (R),W
84,24TH MIDWEST CLASS CHAMPIONSHIPS,MERGED PREMIER,3,B,14635610,LOGAN WU,2019 => 2036 (R),D
85,24TH MIDWEST CLASS CHAMPIONSHIPS,MERGED PREMIER,4,W,14251508,JOHN MICHAEL CRISSMAN,2066 => 2044 (R),W
86,2015 U.S. MASTERS CHESS CHAMPIONSHIP,MASTERS,6,W,15367594,MARC GONZALEZ,2027 => 2003 (R),W
87,2015 U.S. MASTERS CHESS CHAMPIONSHIP,MASTERS,9,B,10377811,ALBERTO PRIETO,2011 => 2000 (R),W
88,2015 HOUSTON SUMMER CHESS FESTIVAL,OPEN,1,B,12845401,NICHOLAS F MATTA,2042 => 2057 (R),L
89,2015 HOUSTON SUMMER CHESS FESTIVAL,OPEN,3,B,13703405,ELI M KARP,2006 => 2018 (R),D
90,19TH ANNUAL MID-AMERICA OPEN,OPEN!,4,,14163196,ARSHAQ SALEEM,2097 => 2101 (R),L
91,19TH ANNUAL MID-AMERICA OPEN,OPEN!,5,,13742723,TINGLIN SHI,2021 => 2003 (R),W
92,SOUTHWEST CLASS CHAMPIONSHIP,EXPERTS,1,,14694293,RAM KRISHNA,2040 => 2048 (R),L
93,SOUTHWEST CLASS CHAMPIONSHIP,EXPERTS,4,,14930904,JUSTIN WANG,2043 => 2068 (R),L
94,SOUTHWEST CLASS CHAMPIONSHIP,EXPERTS,6,,12457420,ALEX MABRY,2017 => 1999 (R),W
95,SUSAN POLGAR WORLD OPEN FOR BOYS AN,U16,2,,13742723,TINGLIN SHI,2020 => 2021 (R),L
96,LADDER,LADDER,4,,12893372,ALEX MARLER,2078 => 2090 (R),W
97,LADDER,LADDER,5,,12893372,ALEX MARLER,2078 => 2090 (R),L
98,LADDER,LADDER,9,,12893372,ALEX MARLER,2078 => 2090 (R),L
99,COLUMBUS OPEN 2014,OPEN,5,B,14523520,BLAKE BAUMGARTNER,2079 => 2064 (R),W
100,LADDER,LADDER,6,,15041466,HANS NIEMANN,2097 => 2111 (R),L
101,THE BILL WRIGHT SAINT LOUIS OPEN,OPEN,2,,12893372,ALEX MARLER,2051 => 2067 (R),L
102,THE BILL WRIGHT SAINT LOUIS OPEN,OPEN,3,,14508963,TIANLU PENG,2096 => 2082 (R),L
103,LADDER,LADDER,2,,20092935,MATT BARRETT,2027 => 2039 (R),L
104,18TH ANNUAL MID-AMERICA OPEN!,OPEN!,4,,14039004,ANDREW ROACH,2053 => 2052 (R),D
105,18TH ANNUAL MID-AMERICA OPEN!,OPEN!,5,,13060416,TOM POLGAR-SHUTZMAN,2079 => 2093 (R),L
106,THURSDAY CHESS MAGIC 03-06-2014,TCM OPEN,2,,12457509,CHRIS BUSH,2050 => 2051 (R),W
107,THURSDAY CHESS MAGIC 03-06-2014,TCM OPEN,3,,12778501,RANDAS L BURNS,2065 => 2051 (R),D
108,LADDER,LADDER,8,,12893372,ALEX MARLER,2082 => 2068 (R),W
109,LADDER,LADDER,9,,12893372,ALEX MARLER,2082 => 2068 (R),L
110,NON-LADDER RATED GAMES,NON-LADDER,1,,20092935,MATT BARRETT,2040 => 2020 (R),W
111,SWISS MS. SWYS!,OPEN,1,,12882813,ALEXANDER VERGILESOV,2051 => 2056 (R),L
112,WALDO ODAK OPEN,OPEN,2,,12882813,ALEXANDER VERGILESOV,2063 => 2051 (R),L
113,$5 SATELLITE FOR THE THANKSGIVING O,1800+,3,,14508963,TIANLU PENG,2004 => 1992 (R),L
114,22ND MIDWEST CLASS CHAMPIONSHIPS,MASTER,4,,13666146,STEVEN J RAND,2076 => 2065 (R),L
115,22ND MIDWEST CLASS CHAMPIONSHIPS,EXPERT,1,,12919664,AHMET SHAPIRO-ERCIYAS,2049 => 2058 (R),L
116,22ND MIDWEST CLASS CHAMPIONSHIPS,EXPERT,5,,10352371,MIOMIR STEVANOVIC,2002 => 2000 (R),W
117,8TH ANNUAL INDIANAPOLIS OPEN,U2100,2,,12535464,BRADFORD LOWELL DRAKE,2075 => 2029 (R),W
118,114TH ANNUAL US OPEN - 2013,OPEN,3,,13605802,TROY ZIMMERMANN,2005 => 2024 (R),D
119,114TH ANNUAL US OPEN - 2013,OPEN,7,,10279691,DUSAN TUTUSH,2074 => 2045 (R),L
120,114TH ANNUAL US OPEN - 2013,OPEN,9,,13365286,NATHANIEL AUSTIN KRANJC,2035 => 2024 (R),D
121,3RD ANNUAL BARBER NATL TMT OF K-8 STATE CHAMPS,BARBER,6,,14307325,SAHIL SINHA,2012 => 1995 (R),W
122,NON-LADDER RATED GAMES,NON-LADDER,5,,12410588,JULIO J SANTIAGO JR.,2047 => 2026 (R),W
123,2013 SUPER NATIONALS V,K8,4,,14362815,ABHISHEK OBILI,2012 => 2008 (R),L
124,CHAMPIONSHIP,CHAMP,1,,13636131,ZACH STUART,2035 => 2046 (R),L
125,LADDER DAY SATURDAY!,LADDER,1,,12893372,ALEX MARLER,2060 => 2061 (R),L
126,LADDER DAY SATURDAY!,LADDER,2,,12893372,ALEX MARLER,2060 => 2061 (R),L
127,SHOW-ME CLASSIC,OPEN,2,,12893372,ALEX MARLER,2036 => 2048 (R),L
2,2024 U.S. MASTERS CHESS CHAMPIONSHIP,2024 US MASTERS,9,B,15900121,BENSON SCHEXNAYDRE,2199 => 2218 (R),D
3,33RD ANNUAL KINGS ISLAND OPEN,MAJOR SECTION!,5,W,15791966,ABINAV DINESH,2120 => 2120 (R),W
4,2024 SPICE CUP,OPEN,1,W,14946545,HEMACHANDRA RAMBHA,2190 => 2181 (R),W
5,2024 SPICE CUP,OPEN,4,B,31403559,DHYANA PATEL,2126 => 2137 (R),D
6,2024 SPICE CUP,OPEN,5,W,16202460,LUC WILLIAM CRIM HOFFMAN,2196 => 2198 (R),W
7,1000GM ST. LOUIS IM NORM -5,IM NORM,1,W,15325867,RAFFI DAVID GHAZARYAN JR.,2186 => 2195 (R),W
8,1000GM ST. LOUIS IM NORM -5,IM NORM,4,B,31403559,DHYANA PATEL,2155 => 2126 (R),W
9,124TH ANNUAL U. S. OPEN CHESS CHAMP,MERGED,4,B,14749466,DUNCAN SHEPHERD,2172 => 2173 (R),W
10,124TH ANNUAL U. S. OPEN CHESS CHAMP,MERGED,6,B,14524502,ERIK TKACHENKO,2171 => 2191 (R),W
11,US OPEN TUESDAY QUADS,QUAD A,2,B,12897011,JOSHUA ALAN HARRISON,2170 => 2188 (R),L
12,US OPEN TUESDAY QUADS,QUAD A,3,B,14524502,ERIK TKACHENKO,2170 => 2158 (R),D
13,US OPEN MONDAY QUADS,QUAD A,2,B,12423786,WILLIAM MARCELINO,2197 => 2194 (R),W
14,STEVE BANGE MEMORIAL 2024,OPEN SECTION (FIDE RATED),3,B,15273590,ARYAN BALYAN,2157 => 2168 (R),L
15,28TH ANNUAL MID-AMERICA OPEN!,MAJOR SECTION!,1,B,16922802,JOHN ABRAHAM,2126 => 2123 (R),W
16,28TH ANNUAL MID-AMERICA OPEN!,MAJOR SECTION!,3,W,13171085,ADITYA PONUKUMATI,2154 => 2160 (R),W
17,2024 CHARLOTTE OPEN,CHAMPIONSHIP,6,B,12780815,ANTHONY PARKER,2112 => 2136 (R),D
18,2023 KENTUCKY MASTERS,MASTERS,1,B,16792076,EVAN SAMMONS,2198 => 2217 (R),W
19,2023 KENTUCKY MASTERS,MASTERS,4,W,12658269,DANE MATTSON,2121 => 2136 (R),L
20,2023 THANKSGIVING OPEN,OPEN,5,B,16711236,BRODERICK BAUML,2162 => 2171 (R),W
21,31ST ANNUAL MIDWEST CLASS CHAMP,PREMIER,1,B,12840171,KEVIN VELAZQUEZ,2149 => 2132 (R),W
22,31ST ANNUAL MIDWEST CLASS CHAMP,PREMIER,3,B,14257404,ANDY CAEN,2119 => 2121 (R),W
23,2023 BILL WRIGHT SAINT LOUIS OPEN,OPEN,2,W,14524502,ERIK TKACHENKO,2150 => 2162 (R),W
24,2023 BILL WRIGHT SAINT LOUIS OPEN,OPEN,3,B,12929115,ISAIAH GADSON,2128 => 2146 (R),D
25,2023 BILL WRIGHT SAINT LOUIS OPEN,OPEN,5,B,12780533,SERGEY VERTKIN,2171 => 2168 (R),W
26,2023 NATIONAL OPEN,U2300,1,B,12747819,PAUL YUU IINUMA,2177 => 2157 (R),W
27,2023 NATIONAL OPEN,U2300,4,B,13207044,LEO CREGER V,2145 => 2149 (R),W
28,2023 NATIONAL OPEN,U2300,5,B,12728210,LUKE E CALHOUN,2152 => 2159 (R),W
29,32ND ANNUAL CHICAGO OPEN,UNDER 2300,6,W,14524502,ERIK TKACHENKO,2135 => 2150 (R),W
30,32ND ANNUAL CHICAGO OPEN,UNDER 2300,7,B,16416334,YILI WEN,2111 => 2169 (R),W
31,1000GM FEBRUARY LA NORM INVITATIONAL,1000GM FEBRUARY LA IM A,2,W,16438800,NIKASH VEMPARALA,2112 => 2129 (R),D
32,2022 MISSOURI OPEN,OPEN,5,B,12828016,NATHANIEL FAST,2145 => 2144 (R),D
33,2022 THANKSGIVING OPEN,OPEN,2,W,15195895,KALEB GOSDIN,2111 => 2113 (R),W
34,2022 THANKSGIVING OPEN,OPEN,5,B,13171085,ADITYA PONUKUMATI,2127 => 2121 (R),D
35,CCC FALL 2022 GM/IM NORM INVITATIONAL,IM F,3,W,12747819,PAUL YUU IINUMA,2176 => 2154 (R),W
36,30TH ANNUAL MIDWEST CLASS,PREMIER,5,B,15248108,NICHOLAS BRUHA,2184 => 2200 (R),D
37,ADITYA BREAKS 1000 CELBEBRATION,STANDARD,1,B,14323352,TONY BERGIDA,2102 => 2097 (R),W
38,2022 PREMIER & AMATEUR,PREMIER,4,B,13171085,ADITYA PONUKUMATI,2165 => 2156 (R),W
39,2022 BILL WRIGHT SAINT LOUIS OPEN,OPEN,5,W,15326071,SHO GLASHAUSSER,2140 => 2160 (R),L
40,26TH ANNUAL MID-AMERICA OPEN!,MAJOR SECTION,2,B,15326071,SHO GLASHAUSSER,2114 => 2140 (R),L
41,26TH ANNUAL MID-AMERICA OPEN!,MAJOR SECTION,4,B,11136940,TIMOTHY RADERMACHER,2136 => 2129 (R),W
42,26TH ANNUAL MID-AMERICA OPEN!,MAJOR SECTION,5,W,14713858,SANJANA VITTAL,2154 => 2154 (R),W
43,13TH ANNUAL SOUTHWEST CLASS,MASTER,2,B,14867716,SHAWN RODRIGUE-LEMIEUX,2183 => 2257 (R),L
44,13TH ANNUAL SOUTHWEST CLASS,MASTER,5,W,14713858,SANJANA VITTAL,2165 => 2168 (R),W
45,CLUB CHAMPIONSHIP,CHAMPIONSHIP,4,B,15195895,KALEB GOSDIN,2113 => 2109 (R),W
46,MISSOURI CLASS CHAMPIONSHIPS,MASTER/EXPERT,2,B,15326071,SHO GLASHAUSSER,2124 => 2128 (R),W
47,MISSOURI CLASS CHAMPIONSHIPS,MASTER/EXPERT,5,W,15550803,LUKE SICONG YE,2105 => 2084 (R),W
48,THANKSGIVING OPEN,OPEN,3,W,15195895,KALEB GOSDIN,2100 => 2113 (R),W
49,WORLD PEACE,WORLD PEACE,3,B,14130588,COLE FORESTER BLAKEMAN,2103 => 2099 (R),W
50,JERRY SPANN MEMORIAL - 53RD ANNUAL,OPEN,4,B,14345456,DANIEL HERMAN,2138 => 2145 (R),W
51,16TH ANNUAL INDIANAPOLIS OPEN,MAJOR,1,W,20015240,NATHANIEL CRISS,2112 => 2114 (R),W
52,16TH ANNUAL INDIANAPOLIS OPEN,MAJOR,2,B,15200352,DEREK JIN,2186 => 2196 (R),W
53,16TH ANNUAL INDIANAPOLIS OPEN,MAJOR,4,W,14113448,DESHAWN L KELLEY,2176 => 2181 (R),W
54,14TH ANNUAL CHICAGO CLASS,MASTER,3,B,12680647,VISPY PARDIWALLA,2171 => 2189 (R),L
55,14TH ANNUAL CHICAGO CLASS,MASTER,4,W,14892265,NASTASSJA A MATUS,2118 => 2112 (R),W
56,14TH ANNUAL CHICAGO CLASS,MASTER,5,B,15490096,VLADYSLAV SHEVKUNOV,2172 => 2195 (R),L
57,14TH PHILADELPHIA INTERNATIONAL,PREMIER SECTION,4,W,14713858,SANJANA VITTAL,2182 => 2170 (R),W
58,14TH PHILADELPHIA INTERNATIONAL,PREMIER SECTION,9,B,14640432,SHEENA ZENG,2171 => 2173 (R),W
59,2021 NATIONAL OPEN,UNDER 2300,3,B,13778105,ERIC HON,2161 => 2185 (R),D
60,2021 NATIONAL OPEN,UNDER 2300,6,B,15300888,HENRY WANG,2191 => 2249 (R),D
61,30TH CHICAGO OPEN,OPEN,4,W,17328388,SULTAN CHUBAKOV,2122 => 2120 (R),L
62,30TH CHICAGO OPEN,OPEN,5,B,10773571,KENNETH PATRICK THOMAS,2101 => 2099 (R),W
63,30TH CHICAGO OPEN,OPEN,9,B,15082597,ADRIAN KONDAKOV,2138 => 2173 (R),L
64,MISSOURI GRAND CHAMPIONSHIP,MAJOR,2,B,16410768,TROY CAVANAH,2196 => 2204 (R),W
65,MISSOURI GRAND CHAMPIONSHIP,MAJOR,6,W,15701354,SAMUEL FOWLER,2119 => 2097 (R),W
66,2020 SPICE CUP,OPEN,7,W,14749466,DUNCAN SHEPHERD,2175 => 2174 (R),W
67,RETURN OF THE DOUG,DFDF,3,W,15195895,KALEB GOSDIN,2124 => 2118 (R),W
68,COBRA COORS COLLECTIVE,CCC,3,B,15195895,KALEB GOSDIN,2136 => 2124 (R),W
69,SATURDAY NIGHT FISH FRY AUGUST 2020,DFD,3,B,15195895,KALEB GOSDIN,2162 => 2136 (R),W
70,"DFW OPEN, AMATEUR AND NOVICE",DFWOPEN,5,B,15395163,PATRICK LELAND BEATREZ,2108 => 2128 (R),W
71,2019 CLUB CHAMPIONSHIP,CHAMPIONSHIP,4,B,12929115,ISAIAH GADSON,2160 => 2167 (R),D
72,2019 KNIGHTS CHAMPIONSHIP,THE PEOPLE'S CHAMPIONSHIP,3,B,13171085,ADITYA PONUKUMATI,2122 => 2117 (R),W
73,THANKSGIVING OPEN,OPEN,5,W,13171085,ADITYA PONUKUMATI,2116 => 2122 (R),W
74,13TH ANNUAL SPICE CUP OPEN,OPEN,9,B,15550803,LUKE SICONG YE,2132 => 2132 (R),W
75,2019 SAINT LOUIS MASTER LAB,INVITATIONAL,3,W,15195895,KALEB GOSDIN,2184 => 2174 (R),W
76,SEPTEMBER KNIGHTS,1800+,2,B,14361200,CALEB SEAN DENBY,2187 => 2210 (R),L
77,65TH ANNUAL IOWA OPEN,IOWA OPEN MERGED,5,B,12845588,TREVOR S MAGNESS,2195 => 2188 (R),W
78,120TH ANNUAL US OPEN - 2019,U.S. OPEN,3,W,12777396,JOHN MAXMILIAN MILLER,2121 => 2123 (R),W
79,120TH ANNUAL US OPEN - 2019,U.S. OPEN,6,B,12945576,CARTER FRANK PEATMAN,2123 => 2138 (R),W
80,120TH ANNUAL US OPEN - 2019,U.S. OPEN,8,W,14811886,BENJAMIN LJ CHEN,2137 => 2153 (R),D
81,U.S. OPEN TUESDAY QUADS,I,1,B,15107740,VYOM VIDYARTHI,2181 => 2188 (R),W
82,U.S. OPEN TUESDAY QUADS,I,2,W,16914802,RYO WENYU CHEN,2198 => 2212 (R),L
83,PREMIER & AMATEUR,PREMIER,5,B,12929115,ISAIAH GADSON,2152 => 2160 (R),W
84,2019 NORTH AMERICAN JUNIOR CHAMPIONSHIP,OPEN U20,9,B,15346712,ERICK ZHAO,2119 => 2151 (R),L
85,2019 NATIONAL OPEN CHESS CHAMPIONSHIP,UNDER 2300,2,B,12973804,BRYAN B LEANO,2112 => 2134 (R),D
86,2019 NATIONAL OPEN CHESS CHAMPIONSHIP,UNDER 2300,5,B,13989054,THEODORE BIYIASAS,2125 => 2160 (R),D
87,2019 NATIONAL OPEN CHESS CHAMPIONSHIP,UNDER 2300,6,B,13365286,NATHANIEL AUSTIN KRANJC,2152 => 2154 (R),W
88,28TH ANNUAL CHICAGO OPEN,UNDER 2300,1,B,15928534,JOZIAH SAMUEL RUDOLPH,2132 => 2114 (R),W
89,28TH ANNUAL CHICAGO OPEN,UNDER 2300,3,B,12737367,GORAN MARKOVIC,2151 => 2159 (R),W
90,BILL WRIGHT SAINT LOUIS OPEN,OPEN,3,W,12973804,BRYAN B LEANO,2135 => 2112 (R),W
91,CHESS LIKE IT OUGHTA BE!!,OPEN,5,W,15373733,CLAUDIO J ABUD,2159 => 2172 (R),L
92,23RD ANNUAL MID-AMERICA OPEN,MAJOR,3,W,14393708,SAUMIK NARAYANAN,2116 => 2114 (R),W
93,23RD ANNUAL MID-AMERICA OPEN,MAJOR,4,B,14385521,SHREYA B MANGALAM,2131 => 2154 (R),W
94,MONDAY NIGHT STRONG SWISS,1800+,3,B,15195895,KALEB GOSDIN,2137 => 2137 (R),W
95,U.S. OPEN WEDNESDAY QUADS,X,2,B,13703405,ELI M KARP,2140 => 2159 (R),W
96,U.S. OPEN MONDAY QUADS,A,3,B,12926610,GRANT OEN,2107 => 2130 (R),D
97,SUNDAY SPECTACULAR,OPEN,4,W,14508963,TIANLU PENG,2103 => 2098 (R),L
98,MONDAY NIGHT STRONG SWISS,1800+,1,W,15195895,KALEB GOSDIN,2138 => 2138 (R),W
99,MONDAY NIGHT STRONG SWISS,1800+,3,B,14361200,CALEB SEAN DENBY,2120 => 2144 (R),L
100,27TH ANNUAL CHICAGO OPEN,OPEN,2,W,13450652,BEILIN LI,2165 => 2180 (R),W
101,27TH ANNUAL CHICAGO OPEN,OPEN,7,B,14980186,DAVIS ZONG JR.,2133 => 2137 (R),D
102,27TH ANNUAL CHICAGO OPEN,OPEN,8,B,14635610,LOGAN WU,2193 => 2197 (R),L
103,27TH ANNUAL CHICAGO OPEN,OPEN,9,W,13216472,NICHOLAS BARTOCHOWSKI,2162 => 2167 (R),D
104,THANKSGIVING OPEN,OPEN,3,W,14619034,ELTON CAO,2150 => 2179 (R),D
105,THANKSGIVING OPEN,OPEN,5,W,14892265,NASTASSJA A MATUS,2179 => 2169 (R),D
106,THANKSGIVING OPEN,OPEN,6,B,13060416,TOM POLGAR-SHUTZMAN,2162 => 2171 (R),D
107,RATED GAMES,GAMES,1,W,12893372,ALEX MARLER,2132 => 2125 (R),W
108,2017 CITY OF CHICAGO CLASS-OPEN,OPEN,4,W,14061227,ANUPAMA SHASHIKALA RAJENDRA,2123 => 2149 (R),L
109,2017 NORTH AMERICAN JUNIOR U20 CHAM,2017 NORTH AMERICAN JUNIOR U20,4,W,14280422,ATREYA VAIDYA,2100 => 2089 (R),W
110,2017 NORTH AMERICAN JUNIOR U20 CHAM,2017 NORTH AMERICAN JUNIOR U20,9,B,14504425,DANIEL HUNG,2125 => 2116 (R),L
111,AMATEUR & PREMIER,PREMIER,3,B,12893372,ALEX MARLER,2123 => 2127 (R),W
112,AMATEUR & PREMIER,PREMIER,4,W,14749466,DUNCAN SHEPHERD,2175 => 2185 (R),D
113,JULY FIDE WEEKEND,JULY FIDE WEEKEND,2,W,14186053,WILLIAM HU,2126 => 2142 (R),D
114,SPECIAL ACTION!,SPECIAL ACTION!,4,W,14749466,DUNCAN SHEPHERD,2141 => 2144 (R),D
115,45TH ANNUAL WORLD OPEN,OPEN,5,B,13398051,ALICE DONG,2105 => 2091 (R),W
116,45TH ANNUAL WORLD OPEN,OPEN,8,W,14583075,THOMAS KUNG,2183 => 2183 (R),W
117,11TH PHILADELPHIA INTERNATIONAL!,2 GM NORMS!,4,B,10345898,GARY C DE FOTIS,2100 => 2100 (R),W
118,MAY WEEKEND FIDE,3-DAY 05052017,4,B,14430870,ALAN ZHANG,2147 => 2148 (R),W
119,THURSDAY ACTION 5042017,THURSDAY ACTION 5042017,4,B,12873174,JONATHAN MUNNELL,2140 => 2131 (R),W
120,U.S. OPEN FRIDAY QUADS,AH,1,W,12884217,JAMES NEAL II,2176 => 2194 (R),D
121,U.S. OPEN FRIDAY QUADS,AH,2,B,14523520,BLAKE BAUMGARTNER,2138 => 2140 (R),D
122,U.S. OPEN FRIDAY QUADS,AH,3,B,13703405,ELI M KARP,2119 => 2093 (R),W
123,U.S. OPEN WEDNESDAY QUADS,W,1,W,12744534,MANIS DAVIDOVICH,2197 => 2203 (R),W
124,U.S. OPEN WEDNESDAY QUADS,W,2,B,14523520,BLAKE BAUMGARTNER,2146 => 2128 (R),D
125,U.S. OPEN TUESDAY QUADS,QUAD K,1,W,13703405,ELI M KARP,2107 => 2096 (R),W
126,U.S. OPEN MONDAY QUADS,QUAD A,3,B,13703405,ELI M KARP,2119 => 2107 (R),W
127,44TH ANNUAL WORLD OPEN,OPEN,3,W,13846270,JACOB CHEN,2143 => 2125 (R),D
128,44TH ANNUAL WORLD OPEN,OPEN,4,B,11177573,DAVID MICHAEL MICHAEL FILIPOVICH,2192 => 2175 (R),L
129,44TH ANNUAL WORLD OPEN,OPEN,7,W,12569456,MATTHEW PUCKETT,2182 => 2169 (R),D
130,2016 US JUNIOR OPEN,U21,4,B,12911462,ISAAC STEINCAMP,2142 => 2134 (R),D
131,2016 US JUNIOR OPEN,U21,5,W,13743486,DEX WEBSTER,2162 => 2126 (R),W
132,DOUBLE DAY DAY,DUEL,1,,12893372,ALEX MARLER,2144 => 2122 (R),W
133,DOUBLE DAY DAY,DUEL,2,,12893372,ALEX MARLER,2144 => 2122 (R),W
134,$5 SATELLITE FOR THANKSGIVING OPEN,1800+,3,,11243053,JAMES F MCLAUGHLIN,2125 => 2121 (R),D
135,FRIENDSHIP GAMES,OPEN,9,,14248794,GUANNAN SONG,2190 => 2192 (R),D
136,2015 SPICE CUP OPEN,OPEN,8,,10266696,JAMES R VOELKER,2124 => 2130 (R),L
137,24TH MIDWEST CLASS CHAMPIONSHIPS,MERGED PREMIER,2,B,12884217,JAMES NEAL II,2148 => 2146 (R),L
138,24TH MIDWEST CLASS CHAMPIONSHIPS,MERGED PREMIER,5,B,14284734,AYDIN TURGUT,2110 => 2103 (R),D
139,ALS BENEFIT TOURNAMENT,OPEN,3,,11243053,JAMES F MCLAUGHLIN,2100 => 2104 (R),L
140,2015 ILLINOIS OPEN,OPEN,6,,12541034,VIJAY RAGHAVAN,2136 => 2140 (R),L
141,2015 U.S. MASTERS CHESS CHAMPIONSHIP,MASTERS,8,W,12846607,ANDREW HOY,2171 => 2162 (R),L
142,MILLIONAIRE CHESS SATELLITE TOURNAM,OPEN,5,,12417692,TONY DAVIS,2134 => 2147 (R),L
143,MISSOURI CLASS CHAMPIONSHIPS,MASTER,3,W,11243053,JAMES F MCLAUGHLIN,2100 => 2100 (R),W
144,MISSOURI CLASS CHAMPIONSHIPS,MASTER,5,W,12777107,TOMISLAV JURICIC,2144 => 2286 (R),L
145,BILL WRIGHT SAINT LOUIS OPEN,OPEN,2,,12665760,SPENCER FINEGOLD,2198 => 2180 (R),L
146,BILL WRIGHT SAINT LOUIS OPEN,OPEN,3,,13060416,TOM POLGAR-SHUTZMAN,2138 => 2134 (R),L
147,BILL WRIGHT SAINT LOUIS OPEN,OPEN,5,,11243053,JAMES F MCLAUGHLIN,2100 => 2100 (R),W
148,2015 LONE STAR OPEN,OPEN,2,B,12589976,CHRISTOPHER HOBART,2160 => 2151 (R),L
149,19TH ANNUAL MID-AMERICA OPEN,OPEN!,3,,10266696,JAMES R VOELKER,2116 => 2095 (R),D
150,SOUTHWEST CLASS CHAMPIONSHIP,EXPERTS,3,,13942054,DUY MINH NGUYEN,2107 => 2114 (R),D
151,SOUTHWEST CLASS CHAMPIONSHIP,EXPERTS,7,,14646646,KEVIN DEREK CHOR,2102 => 2084 (R),W
152,NATIONAL CHESS DAY PCC FALL OPEN,OPEN,2,,12717578,JASON CIGAN,2131 => 2123 (R),D
153,NATIONAL CHESS DAY PCC FALL OPEN,OPEN,3,,14949242,JASON KENNEY,2101 => 2094 (R),L
154,MILLIONAIRE CHESS SATELLITE,OPENMERGE,2,,13060416,TOM POLGAR-SHUTZMAN,2103 => 2113 (R),D
155,MILLIONAIRE CHESS SATELLITE,OPENMERGE,5,,12520946,TIM C STEINER,2111 => 2092 (R),W
156,COLUMBUS OPEN 2014,OPEN,3,B,12826782,GABRIEL EWING,2149 => 2143 (R),D
157,NON-LADDER RATED GAMES,NON-LADDER,5,,15041466,HANS NIEMANN,2106 => 2113 (R),L
158,CCSCSL LADDER,LADDER,1,,14481855,ALEX RICHTER,2198 => 2202 (R),L
159,18TH ANNUAL MID-AMERICA OPEN!,OPEN!,1,,12827792,NICK W KARLOW,2196 => 2205 (R),L
160,THURSDAY CHESS MAGIC 03-06-2014,TCM OPEN,1,,12392910,WILLIAM E FULLER,2182 => 2168 (R),W
161,LADDER,LADDER,3,,12665760,SPENCER FINEGOLD,2192 => 2183 (R),D
162,2014 CLUB CHAMPIONSHIP,SECTION1,3,,13636131,ZACH STUART,2123 => 2128 (R),L
163,SWISS MS. SWYS!,OPEN,2,,11243053,JAMES F MCLAUGHLIN,2100 => 2100 (R),D
164,4TH ANNUAL THANKSGIVING OPEN,OPEN,1,,11243053,JAMES F MCLAUGHLIN,2134 => 2100 (R),D
165,4TH ANNUAL THANKSGIVING OPEN,OPEN,2,,14114902,SANJAY GHATTI,2112 => 2118 (R),L
166,2-ON-2 TEAM CHAMPIONSHIP,CHAMP,4,,11243053,JAMES F MCLAUGHLIN,2100 => 2100 (R),L
167,MISSOURI OPEN CHAMPIONSHIP,OPEN,1,W,13636131,ZACH STUART,2157 => 2163 (R),L
168,MISSOURI OPEN CHAMPIONSHIP,OPEN,4,W,11243053,JAMES F MCLAUGHLIN,2115 => 2100 (R),D
169,3RD ANNUAL BARBER NATL TMT OF K-8 STATE CHAMPS,BARBER,1,,14472386,ADVAIT PATEL,2110 => 2129 (R),L
170,LADDER,LADDER,2,,12665760,SPENCER FINEGOLD,2196 => 2197 (R),L
171,LADDER DAY SATURDAY!,LADDER,2,,12665760,SPENCER FINEGOLD,2195 => 2196 (R),L
172,LADDER,LADDER,4,,12665760,SPENCER FINEGOLD,2194 => 2195 (R),L
173,LADDER,LADDER,1,,12665760,SPENCER FINEGOLD,2186 => 2187 (R),L
174,LADDER DAY SATURDAY!,LADDER,3,,12665760,SPENCER FINEGOLD,2185 => 2186 (R),L
175,LADDER,LADDER,7,,12665760,SPENCER FINEGOLD,2182 => 2183 (R),L
2,STLCC EDWARD JONES OPEN 2025,OPEN,3,W,16442373,ANJANEYA SRIPATHY RAO,2253 => 2256 (R),D
3,STLCC GATEWAY OPEN 2024,OPEN,5,B,15223857,RALPH TAN,2241 => 2214 (R),W
4,2024 U.S. MASTERS CHESS CHAMPIONSHIP,2024 US MASTERS,1,W,12298150,TIM R MCENTEE,2200 => 2200 (R),W
5,2024 U.S. MASTERS CHESS CHAMPIONSHIP,2024 US MASTERS,6,B,15053674,JOSHUA A ALTMAN,2241 => 2248 (R),L
6,33RD ANNUAL KINGS ISLAND OPEN,MAJOR SECTION!,4,B,16111031,ALEX ZHANG,2246 => 2266 (R),L
7,STLCC AUTUMN OPEN 2024,OPEN,4,B,16111031,ALEX ZHANG,2214 => 2210 (R),W
8,2024 SPICE CUP,OPEN,3,W,17052301,ANDREW JING,2262 => 2267 (R),D
9,SAINT LOUIS CITY OPEN 2024- OPEN SE,OPEN SECTION,4,B,16792076,EVAN SAMMONS,2218 => 2220 (R),W
10,METRO CLASS CHAMPIONSHIP 2024,OPEN SECTION (FIDE RATED),3,B,12107920,DOUG D ECKERT,2266 => 2275 (R),D
11,124TH ANNUAL U. S. OPEN CHESS CHAMP,MERGED,5,W,15914362,MATTHEW GUO DIAO,2228 => 2239 (R),D
12,124TH ANNUAL U. S. OPEN CHESS CHAMP,MERGED,9,W,10164176,KARL DEHMELT,2203 => 2223 (R),L
13,US OPEN MONDAY QUADS,QUAD A,1,W,10164176,KARL DEHMELT,2216 => 2203 (R),W
14,2024 US OPEN WEEKEND SWISS,WEEKEND SWISS,5,W,14361200,CALEB SEAN DENBY,2232 => 2244 (R),D
15,28TH ANNUAL MID-AMERICA OPEN!,MAJOR SECTION!,2,W,14345456,DANIEL HERMAN,2213 => 2212 (R),D
16,28TH ANNUAL MID-AMERICA OPEN!,MAJOR SECTION!,4,B,30708485,SILA CAGLAR,2275 => 2294 (R),L
17,28TH ANNUAL MID-AMERICA OPEN!,MAJOR SECTION!,5,B,15752957,ANSHUL P SHETTY,2222 => 2210 (R),W
18,STL NORM,GM NORM,9,W,31516210,BELOSLAVA KRASTEVA,2226 => 2233 (R),D
19,17TH ANNUAL SPICE CUP OPEN,OPEN,3,W,10301165,LESTER L VANMETER,2200 => 2200 (R),W
20,2023 KENTUCKY MASTERS,MASTERS,2,W,11414966,PETER BEREOLOS,2297 => 2302 (R),D
21,2023 KENTUCKY MASTERS,MASTERS,3,B,16111031,ALEX ZHANG,2255 => 2263 (R),L
22,2023 THANKSGIVING OPEN,OPEN,3,B,15550803,LUKE SICONG YE,2218 => 2229 (R),D
23,31ST ANNUAL MIDWEST CLASS CHAMP,PREMIER,2,W,31387367,OCHIRBAT LKHAGVAJAMTS,2275 => 2345 (R),L
24,31ST ANNUAL MIDWEST CLASS CHAMP,PREMIER,4,W,12188500,KENNETH T WALLACH,2208 => 2210 (R),W
25,MISSOURI CLASS CHAMPIONSHIPS 2023,MASTER/EXPERT,3,B,12884217,JAMES NEAL II,2200 => 2223 (R),L
26,2023 NATIONAL OPEN,U2300,2,W,13075378,MR. NICHOLAS ROSENTHAL,2200 => 2202 (R),L
27,2023 NATIONAL OPEN,U2300,3,W,31299445,ANTHONY ANGELES,2209 => 2208 (R),W
28,2023 NATIONAL OPEN,U2300,6,W,12799717,TODD BRYANT,2213 => 2233 (R),D
29,2023 NATIONAL OPEN,U2300,7,B,12598805,MR. EUGENE YANAYT,2266 => 2273 (R),L
30,32ND ANNUAL CHICAGO OPEN,UNDER 2300,5,B,12839764,JEFFREY A REINBERG,2200 => 2217 (R),D
31,LADDER DAY SATURDAY,GAMES,6,B,14361200,CALEB SEAN DENBY,2251 => 2246 (R),W
32,1000GM FEBRUARY LA NORM INVITATIONAL,1000GM FEBRUARY LA IM A,9,B,16074871,JOSHUA AVILA RODRIGUEZ,2228 => 2255 (R),L
33,LADDER DAY SATURDAY,GAMES,14,W,14361200,CALEB SEAN DENBY,2265 => 2258 (R),W
34,1000GM JANUARY ST. LOUIS SCHILLER,IM SCHILLER NORM,3,B,14987738,PEDRO ROBERTO ESPINOSA,2258 => 2277 (R),D
35,1000GM JANUARY ST. LOUIS SCHILLER,IM SCHILLER NORM,5,W,15473161,BAASANSUREN ERDENE,2284 => 2287 (R),W
36,1000GM JANUARY ST. LOUIS SCHILLER,IM SCHILLER NORM,8,B,12107920,DOUG D ECKERT,2230 => 2200 (R),W
37,1000GM JANUARY ST. LOUIS SCHILLER,IM SCHILLER NORM,9,W,14870265,DHARIM CUBERO BACUS,2255 => 2260 (R),D
38,2022 SPICE CUP,OPEN,3,B,16581243,AIDEN REISS,2204 => 2186 (R),L
39,2022 SPICE CUP,OPEN,5,B,16480806,JAMES CHIRILOV,2229 => 2222 (R),D
40,2022 SPICE CUP,OPEN,6,W,10301165,LESTER L VANMETER,2203 => 2200 (R),L
41,JEFFERSON CITY OPEN,MMM,6,,12658269,DANE MATTSON,2201 => 2197 (R),D
42,CCC FALL 2022 GM/IM NORM INVITATIONAL,IM F,1,W,12107920,DOUG D ECKERT,2229 => 2230 (R),W
43,CCC FALL 2022 GM/IM NORM INVITATIONAL,IM F,2,B,15113036,MAILI-JADE OUELLET,2225 => 2250 (R),W
44,CCC FALL 2022 GM/IM NORM INVITATIONAL,IM F,5,W,16765007,PEDRO RODRIGUEZ RIVERA,2272 => 2264 (R),L
45,CCC FALL 2022 GM/IM NORM INVITATIONAL,IM F,7,W,12842929,MIKE ZALOZNYY,2251 => 2270 (R),W
46,RATED GAMES,DUAL RATED,1,W,14361200,CALEB SEAN DENBY,2281 => 2289 (R),L
47,RATED GAME,GAME,1,B,14361200,CALEB SEAN DENBY,2281 => 2281 (R),D
48,1000GM #0002 IM NORM TOURNAMENT,IM SECTION,1,W,16414563,ROMAN KOZELOV,2281 => 2250 (R),W
49,1000GM #0002 IM NORM TOURNAMENT,IM SECTION,8,W,15053674,JOSHUA A ALTMAN,2218 => 2220 (R),W
50,2022 BILL WRIGHT SAINT LOUIS OPEN,OPEN,3,W,14361200,CALEB SEAN DENBY,2278 => 2275 (R),D
51,SAINT LOUIS MASTER LAB II,DOUBLE ROUND ROBIN,1,W,14361200,CALEB SEAN DENBY,2254 => 2262 (R),W
52,SAINT LOUIS MASTER LAB II,DOUBLE ROUND ROBIN,6,B,14361200,CALEB SEAN DENBY,2254 => 2262 (R),L
53,CLUB CHAMPIONSHIP,CHAMPIONSHIP,2,B,12107920,DOUG D ECKERT,2287 => 2282 (R),W
54,2021 STAFF TOURNAMENT,OPEN,3,W,14361200,CALEB SEAN DENBY,2242 => 2254 (R),L
55,$5 SATELLITE,OPEN,2,W,14361200,CALEB SEAN DENBY,2274 => 2270 (R),W
56,15TH ANNUAL SPICE CUP OPEN,OPEN,2,B,15268913,JONATHAN CHEN,2267 => 2258 (R),D
57,15TH ANNUAL SPICE CUP OPEN,OPEN,8,W,15733084,BRYAN XIE,2215 => 2235 (R),D
58,2021 MISSOURI STATE CHAMPIONSHIP,OPEN,3,W,10365007,RONALD G LUTHER,2200 => 2209 (R),W
59,2021 MISSOURI STATE CHAMPIONSHIP,OPEN,4,B,12758264,TED BELANOFF,2200 => 2210 (R),L
60,2021 MISSOURI STATE CHAMPIONSHIP,OPEN,5,W,10364833,BOB HOLLIMAN,2200 => 2200 (R),W
61,LABOR DAY 2021 CCCSA GM/IM NORM INVITATIONAL,IM C,3,W,15472832,SANDEEP SETHURAMAN,2271 => 2328 (R),L
62,14TH ANNUAL CHICAGO CLASS,MASTER,2,W,13232026,SEAN SENFT,2205 => 2210 (R),D
63,49TH ANNUAL WORLD OPEN,OPEN,8,W,16649696,TANITOLUWA ADEWUMI,2223 => 2204 (R),W
64,2021 NATIONAL OPEN,UNDER 2300,2,W,12663467,PIETA GARRETT,2200 => 2200 (R),W
65,2021 NATIONAL OPEN,UNDER 2300,5,B,14927970,SERKAN SALIK,2242 => 2265 (R),W
66,30TH CHICAGO OPEN,OPEN,6,W,15024326,HERSH SINGH,2251 => 2232 (R),W
67,MISSOURI GRAND CHAMPIONSHIP,MAJOR,3,B,12842929,MIKE ZALOZNYY,2241 => 2237 (R),D
68,MISSOURI GRAND CHAMPIONSHIP,MAJOR,5,B,15024326,HERSH SINGH,2249 => 2251 (R),L
69,MISSOURI GRAND CHAMPIONSHIP,MAJOR,8,B,12598805,MR. EUGENE YANAYT,2225 => 2237 (R),L
70,TIRED SATURDAY,TIRED SATURDAY,3,W,14361200,CALEB SEAN DENBY,2217 => 2228 (R),L
71,MISSOURISPRINGCHAMPIONSHIP,CHAMPIONSHIP,5,B,12727882,IGOR TSYGANOV,2257 => 2244 (R),D
72,2020 SPICE CUP,OPEN,2,W,30050485,ANTHONY ATANASOV,2252 => 2231 (R),L
73,2020 SPICE CUP,OPEN,6,W,14961028,SHELEV OBEROI,2237 => 2246 (R),D
74,SWISS MISS SWYS!,OPEN,2,W,12811343,DANIEL BRASHAW,2275 => 2285 (R),L
75,2020 STAFF CHAMPIONSHIP,OPEN,3,W,14361200,CALEB SEAN DENBY,2210 => 2203 (R),W
76,2020 STAFF CHAMPIONSHIP,OPEN,4,B,12107920,DOUG D ECKERT,2266 => 2276 (R),L
77,2019 SAINT LOUIS INVITATIONAL,IM,6,W,15470615,THALIA CERVANTES,2294 => 2322 (R),L
78,13TH ANNUAL SPICE CUP OPEN,OPEN,3,W,15748464,EVAN PARK,2215 => 2209 (R),D
79,13TH ANNUAL SPICE CUP OPEN,OPEN,4,B,12107920,DOUG D ECKERT,2223 => 2261 (R),L
80,13TH ANNUAL SPICE CUP OPEN,OPEN,7,B,14904076,THEODORE LUKE SLADE,2224 => 2235 (R),L
81,2019 SAINT LOUIS MASTER LAB,INVITATIONAL,4,B,14361200,CALEB SEAN DENBY,2210 => 2224 (R),D
82,U.S. OPEN TUESDAY QUADS,I,3,B,14904076,THEODORE LUKE SLADE,2262 => 2261 (R),L
83,U.S. OPEN MONDAY QUADS,QUAD A,1,W,14904076,THEODORE LUKE SLADE,2242 => 2262 (R),L
84,U.S. OPEN MONDAY QUADS,QUAD A,2,B,10050227,STEPHEN STOYKO,2218 => 2213 (R),W
85,US OPEN WEEKEND SWISS,US OPEN WEEKEND SWISS,4,W,16914802,RYO WENYU CHEN,2200 => 2198 (R),W
86,US OPEN WEEKEND SWISS,US OPEN WEEKEND SWISS,5,B,14904076,THEODORE LUKE SLADE,2237 => 2242 (R),W
87,2019 NATIONAL OPEN CHESS CHAMPIONSHIP,UNDER 2300,1,W,14749466,DUNCAN SHEPHERD,2221 => 2185 (R),W
88,2019 NATIONAL OPEN CHESS CHAMPIONSHIP,UNDER 2300,3,W,14688723,JOSEPH TRUELSON,2266 => 2261 (R),W
89,2019 NATIONAL OPEN CHESS CHAMPIONSHIP,UNDER 2300,4,W,13935235,CARLA HEREDIA,2277 => 2273 (R),L
90,28TH ANNUAL CHICAGO OPEN,UNDER 2300,2,W,13451367,JACK T CURCIO,2204 => 2223 (R),W
91,28TH ANNUAL CHICAGO OPEN,UNDER 2300,4,W,16087877,VIJAY KRISHNAMOORTHY,2281 => 2278 (R),W
92,28TH ANNUAL CHICAGO OPEN,UNDER 2300,5,B,12845401,NICHOLAS F MATTA,2279 => 2331 (R),L
93,28TH ANNUAL CHICAGO OPEN,UNDER 2300,6,W,13072295,ISAAC MARTINEZ,2231 => 2246 (R),W
94,28TH ANNUAL CHICAGO OPEN,UNDER 2300,7,B,11464459,STEVEN J SZPISJAK,2202 => 2224 (R),W
95,U.S. OPEN WEDNESDAY QUADS,X,1,W,14749466,DUNCAN SHEPHERD,2241 => 2231 (R),L
96,U.S. OPEN WEDNESDAY QUADS,X,3,W,12454744,LARRY SIVITZ,2222 => 2213 (R),W
97,U.S. OPEN TUESDAY QUADS,L,1,W,13743486,DEX WEBSTER,2229 => 2213 (R),W
98,U.S. OPEN TUESDAY QUADS,L,2,B,12559824,ANJELINA BELAKOVSKAIA,2259 => 2256 (R),W
99,U.S. OPEN TUESDAY QUADS,L,3,B,13797958,SAM LANDER CABRERA CAPOCYAN,2202 => 2205 (R),D
100,U.S. OPEN MONDAY QUADS,A,1,W,13797958,SAM LANDER CABRERA CAPOCYAN,2228 => 2202 (R),W
101,U.S. OPEN MONDAY QUADS,A,2,B,12811343,DANIEL BRASHAW,2283 => 2278 (R),W
102,US OPEN WEEKEND SWISS,US OPEN WEEKEND SWISS,4,W,12811343,DANIEL BRASHAW,2288 => 2283 (R),W
103,27TH ANNUAL CHICAGO OPEN,OPEN,5,B,14765816,YAN MIELLIER,2269 => 2295 (R),L
104,27TH ANNUAL CHICAGO OPEN,OPEN,6,W,15297685,VINCENT TSAY,2259 => 2251 (R),D
105,2017 SPICE CUP,OPEN,3,B,13696544,JAMES A BLACK,2250 => 2243 (R),W
106,2017 SPICE CUP,OPEN,5,B,15244943,CHRISTOPHER WOOJIN YOO,2280 => 2294 (R),D
107,2017 NORTH AMERICAN JUNIOR U20 CHAM,2017 NORTH AMERICAN JUNIOR U20,3,B,14583075,THOMAS KUNG,2226 => 2225 (R),L
108,2017 NORTH AMERICAN JUNIOR U20 CHAM,2017 NORTH AMERICAN JUNIOR U20,5,B,13797958,SAM LANDER CABRERA CAPOCYAN,2217 => 2226 (R),D
109,2017 U.S. MASTERS CHESS CHAMPIONSHIP,MASTERS,3,W,14499403,BALAJI DAGGUPATI,2298 => 2328 (R),L
110,2017 U.S. MASTERS CHESS CHAMPIONSHIP,MASTERS,4,B,10735866,MAURICE DANA,2200 => 2200 (R),W
111,2017 U.S. MASTERS CHESS CHAMPIONSHIP,MASTERS,8,W,15170936,JASON P MOREFIELD,2206 => 2219 (R),L
112,2017 U.S. MASTERS CHESS CHAMPIONSHIP,MASTERS,9,B,11414966,PETER BEREOLOS,2257 => 2246 (R),W
113,45TH ANNUAL WORLD OPEN,OPEN,2,W,12937011,JESSE JAMES LOZANO,2258 => 2237 (R),W
114,45TH ANNUAL WORLD OPEN,OPEN,4,W,13846270,JACOB CHEN,2214 => 2226 (R),L
115,45TH ANNUAL WORLD OPEN,OPEN,6,W,14362815,ABHISHEK OBILI,2214 => 2223 (R),D
116,45TH ANNUAL WORLD OPEN,OPEN,7,B,14301848,DENNIS FAN LI,2208 => 2211 (R),W
117,11TH PHILADELPHIA INTERNATIONAL!,2 GM NORMS!,5,W,14261918,TAN DUY NGUYEN,2208 => 2218 (R),L
118,11TH PHILADELPHIA INTERNATIONAL!,2 GM NORMS!,8,W,12644605,ARTHUR MACASPAC,2231 => 2218 (R),W
119,MARSHALL SATURDAY G60,OPEN,4,W,14452418,AKIRA WOOD NAKADA,2262 => 2254 (R),W
120,2016 U.S. MASTERS CHESS CHAMPIONSHIP,MASTERS,5,W,14772092,ARTHUR GUO,2240 => 2240 (R),L
121,5TH ANNUAL WASHINGTON INTERNATIONAL,A,8,B,14060637,ANDREW LEWIS TITUS,2287 => 2283 (R),D
122,117TH ANNUAL US OPEN - 2016,U.S. OPEN,8,W,14468457,GABRIEL SAM,2276 => 2285 (R),D
123,U.S. OPEN TUESDAY QUADS,QUAD K,2,W,13993951,EMMANUEL CARTER,2288 => 2281 (R),W
124,U.S. OPEN TUESDAY QUADS,QUAD K,3,B,12744534,MANIS DAVIDOVICH,2207 => 2197 (R),W
125,U.S. OPEN MONDAY QUADS,QUAD A,1,W,12744534,MANIS DAVIDOVICH,2208 => 2207 (R),L
126,U.S. OPEN MONDAY QUADS,QUAD A,2,B,13993951,EMMANUEL CARTER,2273 => 2288 (R),L
127,10TH PHILADELPHIA INTERNATIONAL!,GM NORM!,5,B,14060637,ANDREW LEWIS TITUS,2293 => 2279 (R),L
128,44TH ANNUAL WORLD OPEN,OPEN,6,B,12812415,VLADISLAV YANOVSKY,2234 => 2210 (R),W
129,2016 US JUNIOR OPEN,U21,3,W,13252537,ATULYA VAIDYA,2238 => 2239 (R),D
130,2016 US JUNIOR OPEN,U21,6,B,13405236,MICHAEL CHEN,2282 => 2280 (R),L
131,FRIENDSHIP GAMES,OPEN,4,,10284279,JAMES A MILLS,2200 => 2200 (R),W
132,2015 SPICE CUP OPEN,OPEN,6,,12107920,DOUG D ECKERT,2260 => 2263 (R),D
133,2015 SPICE CUP OPEN,OPEN,9,,12792845,RYAN VELEZ,2214 => 2188 (R),D
134,24TH MIDWEST CLASS CHAMPIONSHIPS,MERGED PREMIER,1,W,12815622,WILL SEDLAR,2260 => 2258 (R),L
135,2015 ILLINOIS OPEN,OPEN,2,,10015154,MARC J LONOFF,2259 => 2239 (R),D
136,2015 ILLINOIS OPEN,OPEN,3,,11299083,ALBERT C CHOW,2202 => 2206 (R),L
137,2015 ILLINOIS OPEN,OPEN,4,,12641782,ROBERT F KEATING,2236 => 2220 (R),D
138,2015 U.S. MASTERS CHESS CHAMPIONSHIP,MASTERS,2,W,14813470,SABRINA CHEVANNES,2287 => 2266 (R),W
139,2015 U.S. MASTERS CHESS CHAMPIONSHIP,MASTERS,5,B,13057743,DOMINIQUE MYERS,2235 => 2240 (R),L
140,2015 U.S. MASTERS CHESS CHAMPIONSHIP,MASTERS,7,B,14930904,JUSTIN WANG,2233 => 2211 (R),D
141,MISSOURI CLASS CHAMPIONSHIPS,MASTER,4,B,12107920,DOUG D ECKERT,2286 => 2280 (R),D
142,BILL WRIGHT SAINT LOUIS OPEN,OPEN,1,,14481855,ALEX RICHTER,2273 => 2267 (R),D
143,2015 LONE STAR OPEN,OPEN,1,W,13719052,CURRAN HAN,2230 => 2209 (R),D
144,19TH ANNUAL MID-AMERICA OPEN,OPEN!,1,,10034191,STEVEN D GREANIAS,2220 => 2201 (R),D
145,19TH ANNUAL MID-AMERICA OPEN,OPEN!,2,,15460336,YOGESH GAUTAM,2259 => 2262 (R),L
146,6TH ANNUAL THANKSGIVING OPEN,OPEN,2,,12107920,DOUG D ECKERT,2274 => 2280 (R),L
147,2014 WBO,OPEN,4,,10301165,LESTER L VANMETER,2200 => 2201 (R),L
148,$5 SATELLITE TOURNAMENT,1800+,1,,14278511,MATTHEW WENDELL LARSON,2251 => 2260 (R),L
149,AUGUST KNIGHTS,OPEN,3,,15373733,CLAUDIO J ABUD,2284 => 2247 (R),D
150,MILLIONAIRE CHESS SATELLITE,OPENMERGE,6,,12107920,DOUG D ECKERT,2281 => 2277 (R),L
151,THURSDAY CHESS MAGIC 07-03-2014,TCMOPEN,2,,12392910,WILLIAM E FULLER,2201 => 2189 (R),L
152,COLUMBUS OPEN 2014,OPEN,4,W,12462971,WILLIAM B WRIGHT,2238 => 2228 (R),L
153,THE BILL WRIGHT SAINT LOUIS OPEN,OPEN,1,,12773968,ZACH KASIURAK,2263 => 2261 (R),L
154,COLUMBIA COLLEGE OPEN,H.S TOURNAMENT OF CHAMPIONS,2,B,12905349,KEVIN Y CAO,2286 => 2289 (R),L
155,18TH ANNUAL MID-AMERICA OPEN!,OPEN!,3,,14195454,DAVID TIANJIAN PENG,2238 => 2236 (R),L
156,MISSOURI OPEN CHAMPIONSHIP,OPEN,2,B,10364833,BOB HOLLIMAN,2200 => 2200 (R),L
157,114TH ANNUAL US OPEN - 2013,OPEN,1,,13547552,NOLAN HENDRICKSON,2244 => 2233 (R),L
158,SHOW-ME CLASSIC,OPEN,2,,12107920,DOUG D ECKERT,2253 => 2260 (R),L
159,LADDER  NIGHT,LADDER,2,,12665760,SPENCER FINEGOLD,2224 => 2209 (R),W
160,CHAMPIONSHIP,CHAMP,2,,12665760,SPENCER FINEGOLD,2231 => 2211 (R),L
161,LADDER,LADDER,9,,12665760,SPENCER FINEGOLD,2232 => 2233 (R),L
162,LADDER,LADDER,1,,12665760,SPENCER FINEGOLD,2223 => 2224 (R),L
2,2024 SAINT LOUIS MASTERS,SWISS,8,W,12851435,TATEV ABRAHAMYAN,2391 => 2395 (R),L
3,2024 SAINT LOUIS MASTERS,SWISS,9,W,30164243,AARON REEVE MENDES,2375 => 2371 (R),D
4,2024 U.S. MASTERS CHESS CHAMPIONSHIP,2024 US MASTERS,8,W,14949284,NAVEEN PRABHU,2326 => 2331 (R),D
5,1000GM ST. LOUIS IM NORM -5,IM NORM,2,B,15263943,AVI HARRISON KAPLAN,2362 => 2360 (R),L
6,1000GM ST. LOUIS IM NORM -5,IM NORM,5,W,15470615,THALIA CERVANTES,2367 => 2371 (R),W
7,1000GM ST. LOUIS IM NORM -5,IM NORM,7,W,15092641,NICHOLAS LADAN,2317 => 2309 (R),W
8,1000GM ST. LOUIS IM NORM -5,IM NORM,9,W,30708485,SILA CAGLAR,2313 => 2334 (R),D
9,124TH ANNUAL U. S. OPEN CHESS CHAMP,MERGED,8,B,14023940,JOSEPH CHENG-YUE WAN,2335 => 2335 (R),D
10,US OPEN TUESDAY QUADS,QUAD A,1,W,14023940,JOSEPH CHENG-YUE WAN,2318 => 2331 (R),L
11,US OPEN MONDAY QUADS,QUAD A,3,W,14023940,JOSEPH CHENG-YUE WAN,2316 => 2318 (R),D
12,17TH ANNUAL SPICE CUP OPEN,OPEN,4,B,16027820,GRAYSON RORRER,2396 => 2426 (R),D
13,2023 KENTUCKY MASTERS,MASTERS,5,B,30865697,ADRIAN PARRA,2362 => 2333 (R),W
14,2023 SAINT LOUIS SUPER SWISS,OPEN,3,B,30039107,GABRIELA ANTOVA,2354 => 2354 (R),L
15,2023 SAINT LOUIS SUPER SWISS,OPEN,4,B,16059633,LINDEN MARCUS LEE,2308 => 2305 (R),L
16,1000GM FEBRUARY LA NORM INVITATIONAL,1000GM FEBRUARY LA IM A,4,W,15449416,RUSHAAN MAHAJAN,2313 => 2295 (R),D
17,1000GM FEBRUARY LA NORM INVITATIONAL,1000GM FEBRUARY LA IM A,6,W,14961028,SHELEV OBEROI,2353 => 2336 (R),W
18,1000GM FEBRUARY LA NORM INVITATIONAL,1000GM FEBRUARY LA IM A,8,W,15470615,THALIA CERVANTES,2366 => 2347 (R),D
19,1000GM JANUARY ST. LOUIS SCHILLER,IM SCHILLER NORM,2,W,14361200,CALEB SEAN DENBY,2310 => 2265 (R),W
20,1000GM JANUARY ST. LOUIS SCHILLER,IM SCHILLER NORM,4,B,12910086,DALTON PERRINE,2315 => 2331 (R),L
21,1000GM JANUARY ST. LOUIS SCHILLER,IM SCHILLER NORM,6,B,30708450,TAMAS PETENYI,2386 => 2390 (R),W
22,2022 THANKSGIVING OPEN,OPEN,4,W,14361200,CALEB SEAN DENBY,2304 => 2315 (R),D
23,CCC FALL 2022 GM/IM NORM INVITATIONAL,IM F,4,B,12150400,ROBBY ADAMSON,2328 => 2345 (R),D
24,CCC FALL 2022 GM/IM NORM INVITATIONAL,IM F,8,B,12426279,DAVID VIGORITO,2389 => 2355 (R),D
25,CCC FALL 2022 GM/IM NORM INVITATIONAL,IM F,9,W,12542088,MR. NIKOLAY ANDRIANOV,2385 => 2365 (R),D
26,1000GM #0002 IM NORM TOURNAMENT,IM SECTION,4,B,15472832,SANDEEP SETHURAMAN,2371 => 2376 (R),L
27,1000GM #0002 IM NORM TOURNAMENT,IM SECTION,5,W,15470615,THALIA CERVANTES,2362 => 2367 (R),L
28,JERRY SPANN MEMORIAL (OKLAHOMA STAT,CHAMPIONSHIP (OPEN),5,W,15437654,RYAN AMBURGY,2322 => 2336 (R),L
29,2022 SAINT LOUIS NORM CONGRESS,IM,3,W,16765007,PEDRO RODRIGUEZ RIVERA,2301 => 2282 (R),W
30,2022 SAINT LOUIS NORM CONGRESS,IM,4,B,15191101,EZRA CHAMBERS,2337 => 2340 (R),L
31,2022 SAINT LOUIS NORM CONGRESS,IM,5,W,30039107,GABRIELA ANTOVA,2375 => 2357 (R),D
32,2022 SAINT LOUIS NORM CONGRESS,IM,7,W,16059648,ALICE TERESA LEE,2360 => 2359 (R),L
33,2022 SAINT LOUIS NORM CONGRESS,IM,8,B,14117950,JENNIFER R YU,2380 => 2395 (R),L
34,MAY 2022 CCC GM/IM NORM INVITATIONAL,GM B,8,B,16059648,ALICE TERESA LEE,2371 => 2360 (R),W
35,2022 LONE STAR OPEN CHAMPIONSHIPS,OPEN MERGE,5,B,12845401,NICHOLAS F MATTA,2323 => 2319 (R),W
36,13TH ANNUAL SOUTHWEST CLASS,MASTER,6,B,30039107,GABRIELA ANTOVA,2373 => 2365 (R),D
37,13TH ANNUAL SOUTHWEST CLASS,MASTER,7,W,16458798,DON NGO-TAN,2315 => 2265 (R),W
38,13TH ANNUAL SOUTHWEST CLASS,MASTER,8,B,14761270,SHARVESH R DEVIPRASATH,2340 => 2350 (R),L
39,13TH ANNUAL SOUTHWEST CLASS,MASTER,9,W,16914802,RYO WENYU CHEN,2381 => 2372 (R),L
40,15TH ANNUAL SPICE CUP OPEN,OPEN,3,W,15748464,EVAN PARK,2355 => 2343 (R),W
41,15TH ANNUAL SPICE CUP OPEN,OPEN,4,B,30050485,ANTHONY ATANASOV,2307 => 2306 (R),L
42,15TH ANNUAL SPICE CUP OPEN,OPEN,5,W,15191101,EZRA CHAMBERS,2336 => 2344 (R),W
43,15TH ANNUAL SPICE CUP OPEN,OPEN,9,B,14452418,AKIRA WOOD NAKADA,2341 => 2349 (R),W
44,LABOR DAY 2021 CCCSA GM/IM NORM INVITATIONAL,IM C,1,W,12150400,ROBBY ADAMSON,2350 => 2340 (R),D
45,LABOR DAY 2021 CCCSA GM/IM NORM INVITATIONAL,IM C,2,B,12778089,OLADAPO OLUTOLA ADU,2320 => 2315 (R),D
46,LABOR DAY 2021 CCCSA GM/IM NORM INVITATIONAL,IM C,4,W,15969005,LIAM HENRY PUTNAM,2344 => 2342 (R),W
47,LABOR DAY 2021 CCCSA GM/IM NORM INVITATIONAL,IM C,5,B,12658446,ROBERTO MARTIN DEL CAMPO,2361 => 2356 (R),W
48,LABOR DAY 2021 CCCSA GM/IM NORM INVITATIONAL,IM C,6,W,30039107,GABRIELA ANTOVA,2337 => 2334 (R),W
49,LABOR DAY 2021 CCCSA GM/IM NORM INVITATIONAL,IM C,7,B,16113697,PABLO DELLA MORTE,2380 => 2333 (R),L
50,LABOR DAY 2021 CCCSA GM/IM NORM INVITATIONAL,IM C,8,W,15211462,MING LU,2363 => 2356 (R),W
51,LABOR DAY 2021 CCCSA GM/IM NORM INVITATIONAL,IM C,9,B,12897992,JAMES CANTY III,2300 => 2299 (R),D
52,49TH ANNUAL WORLD OPEN,OPEN,3,B,13194601,VICTOR PLOTKIN,2390 => 2380 (R),D
53,49TH ANNUAL WORLD OPEN,OPEN,4,W,15261925,IAN ZHAO,2355 => 2361 (R),L
54,49TH ANNUAL WORLD OPEN,OPEN,9,B,13127411,JOHN AHLBORG,2336 => 2313 (R),W
55,14TH PHILADELPHIA INTERNATIONAL,PREMIER SECTION,6,W,12867312,EIGEN WANG,2363 => 2360 (R),D
56,14TH PHILADELPHIA INTERNATIONAL,PREMIER SECTION,7,B,15748464,EVAN PARK,2352 => 2370 (R),L
57,14TH PHILADELPHIA INTERNATIONAL,PREMIER SECTION,8,W,15911534,HANXIANG LI,2325 => 2322 (R),L
58,30TH CHICAGO OPEN,OPEN,7,B,13788934,MATTHEW JAMES  STEVENS,2358 => 2343 (R),D
59,30TH CHICAGO OPEN,OPEN,8,W,14715374,KEVIN SHEN YANG,2350 => 2343 (R),L
60,MISSOURI GRAND CHAMPIONSHIP,MAJOR,4,W,17140065,GULRUKHBEGIM TOKHIRJONOVA,2396 => 2398 (R),L
61,2020 SPICE CUP,OPEN,9,B,12598805,MR. EUGENE YANAYT,2310 => 2267 (R),W
62,"DFW OPEN, AMATEUR AND NOVICE",DFWOPEN,3,B,14510393,JACK EASTON,2313 => 2307 (R),W
63,2019 SAINT LOUIS INVITATIONAL,IM,2,W,14814996,MAURICIO ARIAS SANTANA,2352 => 2348 (R),D
64,2019 SAINT LOUIS INVITATIONAL,IM,7,B,13060416,TOM POLGAR-SHUTZMAN,2319 => 2320 (R),D
65,13TH ANNUAL SPICE CUP OPEN,OPEN,2,B,13089315,JACOB FURFINE,2395 => 2404 (R),L
66,13TH ANNUAL SPICE CUP OPEN,OPEN,5,B,16414563,ROMAN KOZELOV,2342 => 2311 (R),W
67,13TH ANNUAL SPICE CUP OPEN,OPEN,6,W,10373638,JOHN L WATSON,2300 => 2279 (R),D
68,2019 SAINT LOUIS MASTER LAB,INVITATIONAL,5,W,14011512,GUNNAR ANDERSEN,2349 => 2317 (R),W
69,PREMIER & AMATEUR,PREMIER,4,W,12781369,ALEXANDER B KING,2382 => 2383 (R),D
70,2019 NORTH AMERICAN JUNIOR CHAMPIONSHIP,OPEN U20,6,B,14307325,SAHIL SINHA,2376 => 2404 (R),L
71,2019 NORTH AMERICAN JUNIOR CHAMPIONSHIP,OPEN U20,7,W,15466232,LIRAN ZHOU,2367 => 2373 (R),L
72,BILL WRIGHT SAINT LOUIS OPEN,OPEN,4,B,15162675,JASON WANG,2351 => 2346 (R),D
73,BILL WRIGHT SAINT LOUIS OPEN,OPEN,5,W,16414563,ROMAN KOZELOV,2349 => 2342 (R),D
74,HOLIDAY BASH,OPEN,3,B,16414563,ROMAN KOZELOV,2381 => 2402 (R),L
75,2017 SPICE CUP,OPEN,2,W,13194601,VICTOR PLOTKIN,2397 => 2392 (R),D
76,2017 SPICE CUP,OPEN,6,W,14930904,JUSTIN WANG,2355 => 2357 (R),W
77,2017 SPICE CUP,OPEN,8,W,12559845,ANGELO YOUNG,2367 => 2357 (R),D
78,2017 NORTH AMERICAN JUNIOR U20 CHAM,2017 NORTH AMERICAN JUNIOR U20,2,W,14662061,JASON CAO,2309 => 2331 (R),L
79,2017 NORTH AMERICAN JUNIOR U20 CHAM,2017 NORTH AMERICAN JUNIOR U20,6,W,14927111,YUANCHEN ZHANG,2395 => 2396 (R),L
80,2017 U.S. MASTERS CHESS CHAMPIONSHIP,MASTERS,5,B,12910643,BENJAMIN BARRY MOON,2360 => 2364 (R),D
81,2017 U.S. MASTERS CHESS CHAMPIONSHIP,MASTERS,6,W,13668844,ARAVIND KUMAR,2358 => 2335 (R),W
82,10TH ANNUAL CHICAGO CLASS,MASTER,2,B,13257335,ALEX BIAN,2341 => 2356 (R),W
83,10TH ANNUAL CHICAGO CLASS,MASTER,4,W,12810919,JONATHAN KOGEN,2310 => 2312 (R),D
84,10TH ANNUAL CHICAGO CLASS,MASTER,5,B,12559845,ANGELO YOUNG,2381 => 2385 (R),L
85,JULY FIDE WEEKEND,JULY FIDE WEEKEND,4,W,10098327,MR. JAY RICHARD BONIN,2377 => 2389 (R),L
86,26TH ANNUAL CHICAGO OPEN,OPEN,2,W,13257335,ALEX BIAN,2344 => 2329 (R),W
87,26TH ANNUAL CHICAGO OPEN,OPEN,3,W,12910643,BENJAMIN BARRY MOON,2358 => 2374 (R),L
88,26TH ANNUAL CHICAGO OPEN,OPEN,4,B,12838750,SETH HOMA,2387 => 2387 (R),L
89,26TH ANNUAL CHICAGO OPEN,OPEN,6,W,12859364,DAMIR STUDEN,2329 => 2309 (R),D
90,26TH ANNUAL CHICAGO OPEN,OPEN,7,B,12810919,JONATHAN KOGEN,2320 => 2310 (R),W
91,26TH ANNUAL CHICAGO OPEN,OPEN,8,W,14927111,YUANCHEN ZHANG,2398 => 2385 (R),W
92,26TH ANNUAL CHICAGO OPEN,OPEN,9,W,16122397,YANNICK KAMBRATH,2397 => 2389 (R),D
93,MAY WEEKEND FIDE,3-DAY 05052017,3,W,14732288,JUSTIN CHEN,2320 => 2322 (R),W
94,MAY WEEKEND FIDE,3-DAY 05052017,5,W,10098327,MR. JAY RICHARD BONIN,2380 => 2387 (R),L
95,MARSHALL SATURDAY G60,OPEN,3,B,10098327,MR. JAY RICHARD BONIN,2379 => 2381 (R),D
96,2016 U.S. MASTERS CHESS CHAMPIONSHIP,MASTERS,9,W,12560488,ALEX BETANELI,2345 => 2347 (R),L
97,5TH ANNUAL WASHINGTON INTERNATIONAL,A,5,W,14927111,YUANCHEN ZHANG,2392 => 2402 (R),L
98,10TH PHILADELPHIA INTERNATIONAL!,GM NORM!,7,B,14099361,TIANQI WANG,2308 => 2289 (R),W
99,10TH PHILADELPHIA INTERNATIONAL!,GM NORM!,9,B,15152752,CHAO ZHANG,2346 => 2335 (R),W
100,44TH ANNUAL WORLD OPEN,OPEN,8,B,14384726,NIKHILESH KUNCHE,2350 => 2338 (R),D
101,44TH ANNUAL WORLD OPEN,OPEN,9,W,14373601,ARVIND JAYARAMAN,2346 => 2324 (R),W
102,FRIENDSHIP GAMES,OPEN,2,,14927111,YUANCHEN ZHANG,2346 => 2354 (R),L
103,2015 SPICE CUP OPEN,OPEN,3,,12598805,MR. EUGENE YANAYT,2324 => 2331 (R),L
104,2015 SPICE CUP OPEN,OPEN,5,,12780583,MR. JOUAQUIN CARLOS BANAWA,2347 => 2331 (R),D
105,2015 U.S. MASTERS CHESS CHAMPIONSHIP,MASTERS,1,B,12879882,ALEXANDER VELIKANOV,2394 => 2381 (R),L
106,2015 U.S. MASTERS CHESS CHAMPIONSHIP,MASTERS,4,W,12859364,DAMIR STUDEN,2352 => 2342 (R),L
107,MISSOURI CLASS CHAMPIONSHIPS,MASTER,1,W,13743512,ISKANDAR ARIPOV,2334 => 2331 (R),D
108,6TH ANNUAL THANKSGIVING OPEN,OPEN,4,,12799460,TYLER B HUGHES,2319 => 2324 (R),L
109,MILLIONAIRE CHESS SATELLITE,OPENMERGE,4,,12569043,TANSEL TURGUT,2388 => 2377 (R),L
2,2024 SAINT LOUIS MASTERS,SWISS,4,B,14955471,NICO WERNER CHASIN,2467 => 2484 (R),L
3,2024 SAINT LOUIS MASTERS,SWISS,5,W,16059648,ALICE TERESA LEE,2495 => 2466 (R),D
4,2024 SAINT LOUIS MASTERS,SWISS,6,B,13534356,JUSTUS WILLIAMS,2438 => 2441 (R),L
5,2024 SAINT LOUIS MASTERS,SWISS,7,B,17140065,GULRUKHBEGIM TOKHIRJONOVA,2496 => 2449 (R),D
6,2024 U.S. MASTERS CHESS CHAMPIONSHIP,2024 US MASTERS,3,W,30050485,ANTHONY ATANASOV,2466 => 2490 (R),D
7,2024 U.S. MASTERS CHESS CHAMPIONSHIP,2024 US MASTERS,4,B,15969005,LIAM HENRY PUTNAM,2479 => 2473 (R),D
8,STLCC AUTUMN OPEN 2024,OPEN,5,W,14099361,TIANQI WANG,2417 => 2420 (R),L
9,2024 SPICE CUP,OPEN,8,B,14099361,TIANQI WANG,2431 => 2417 (R),D
10,1000GM ST. LOUIS IM NORM -5,IM NORM,6,B,14099361,TIANQI WANG,2432 => 2432 (R),D
11,1000GM ST. LOUIS IM NORM -5,IM NORM,8,B,13534356,JUSTUS WILLIAMS,2442 => 2420 (R),D
12,STL NORM,GM NORM,4,B,16027820,GRAYSON RORRER,2412 => 2457 (R),D
13,STL NORM,GM NORM,5,W,14099361,TIANQI WANG,2431 => 2435 (R),D
14,STL NORM,GM NORM,7,W,12851435,TATEV ABRAHAMYAN,2400 => 2396 (R),W
15,STL NORM,GM NORM,8,B,12742780,KOSTYA KAVUTSKIY,2438 => 2401 (R),W
16,2024 CHARLOTTE OPEN,CHAMPIONSHIP,3,W,12445752,DEAN J IPPOLITO,2476 => 2457 (R),W
17,2024 CHARLOTTE OPEN,CHAMPIONSHIP,5,W,12800231,GRAHAM HOROBETZ,2407 => 2416 (R),L
18,17TH ANNUAL SPICE CUP OPEN,OPEN,8,W,16059648,ALICE TERESA LEE,2449 => 2448 (R),D
19,2023 BILL WRIGHT SAINT LOUIS OPEN,OPEN,4,W,13534356,JUSTUS WILLIAMS,2436 => 2441 (R),D
20,2023 SAINT LOUIS SUPER SWISS,OPEN,2,W,16059648,ALICE TERESA LEE,2424 => 2426 (R),L
21,1000GM FEBRUARY LA NORM INVITATIONAL,1000GM FEBRUARY LA IM A,1,W,13714735,DAVID BERCZES,2474 => 2477 (R),L
22,1000GM FEBRUARY LA NORM INVITATIONAL,1000GM FEBRUARY LA IM A,5,B,12926132,ANDY LIN,2401 => 2416 (R),D
23,1000GM JANUARY ST. LOUIS SCHILLER,IM SCHILLER NORM,1,B,16625422,STAVROULA TSOLAKIDOU,2442 => 2443 (R),W
24,1000GM JANUARY ST. LOUIS SCHILLER,IM SCHILLER NORM,7,W,14859696,OLIVIER CHIKU-RATTE,2401 => 2408 (R),D
25,30TH ANNUAL MIDWEST CLASS,PREMIER,4,W,12212800,DMITRY GUREVICH,2480 => 2492 (R),L
26,1000GM #0002 IM NORM TOURNAMENT,IM SECTION,2,B,14099361,TIANQI WANG,2461 => 2457 (R),D
27,1000GM #0002 IM NORM TOURNAMENT,IM SECTION,3,W,17140065,GULRUKHBEGIM TOKHIRJONOVA,2413 => 2403 (R),D
28,1000GM #0002 IM NORM TOURNAMENT,IM SECTION,6,W,13534356,JUSTUS WILLIAMS,2462 => 2477 (R),L
29,1000GM #0002 IM NORM TOURNAMENT,IM SECTION,7,B,16748088,EMIL STEFANOV,2410 => 2414 (R),L
30,2022 SAINT LOUIS NORM CONGRESS,IM,1,B,14456386,AARON GRABINSKY,2465 => 2478 (R),L
31,2022 SAINT LOUIS NORM CONGRESS,IM,2,B,13856778,JOSHUA POSTHUMA,2477 => 2494 (R),L
32,2022 SAINT LOUIS NORM CONGRESS,IM,6,B,17140065,GULRUKHBEGIM TOKHIRJONOVA,2421 => 2415 (R),D
33,MAY 2022 CCC GM/IM NORM INVITATIONAL,GM B,1,B,14230627,BRYCE TIGLON,2456 => 2470 (R),L
34,MAY 2022 CCC GM/IM NORM INVITATIONAL,GM B,2,W,15576043,BACH NGO,2411 => 2393 (R),D
35,MAY 2022 CCC GM/IM NORM INVITATIONAL,GM B,4,W,12445752,DEAN J IPPOLITO,2486 => 2455 (R),W
36,MAY 2022 CCC GM/IM NORM INVITATIONAL,GM B,5,B,12909025,GAURI SHANKAR,2440 => 2451 (R),D
37,MAY 2022 CCC GM/IM NORM INVITATIONAL,GM B,6,W,12860484,KYRON GRIFFITH,2414 => 2436 (R),L
38,15TH ANNUAL SPICE CUP OPEN,OPEN,6,B,12879834,LEVY ROZMAN,2448 => 2431 (R),W
39,49TH ANNUAL WORLD OPEN,OPEN,6,W,12877422,DEEPAK AARON,2413 => 2422 (R),D
40,49TH ANNUAL WORLD OPEN,OPEN,7,B,15297685,VINCENT TSAY,2420 => 2412 (R),L
41,14TH PHILADELPHIA INTERNATIONAL,PREMIER SECTION,3,B,14099361,TIANQI WANG,2431 => 2434 (R),L
42,14TH PHILADELPHIA INTERNATIONAL,PREMIER SECTION,5,B,15162675,JASON WANG,2436 => 2419 (R),D
43,30TH CHICAGO OPEN,OPEN,3,B,15162675,JASON WANG,2422 => 2429 (R),L
44,MISSOURI GRAND CHAMPIONSHIP,MAJOR,7,W,13856778,JOSHUA POSTHUMA,2418 => 2390 (R),D
45,MISSOURISPRINGCHAMPIONSHIP,CHAMPIONSHIP,4,W,16746432,HARSHIT RAJA,2487 => 2505 (R),L
46,2020 SPICE CUP,OPEN,5,B,14774846,LEV PACIORKOWSKI,2445 => 2399 (R),W
47,2019 CLUB CHAMPIONSHIP,CHAMPIONSHIP,2,B,16836558,BRIAN ESCALANTE,2490 => 2515 (R),L
48,THANKSGIVING OPEN,OPEN,6,B,16836558,BRIAN ESCALANTE,2499 => 2490 (R),W
49,2019 SAINT LOUIS INVITATIONAL,IM,1,B,12642647,KEATON KIEWRA,2483 => 2481 (R),D
50,2019 SAINT LOUIS INVITATIONAL,IM,3,B,15268233,MR. LUIS CARLOS TORRES JR.,2409 => 2427 (R),D
51,2019 SAINT LOUIS INVITATIONAL,IM,4,W,14456386,AARON GRABINSKY,2441 => 2447 (R),L
52,2019 SAINT LOUIS INVITATIONAL,IM,5,B,14006506,JOSIAH STEARMAN,2463 => 2445 (R),L
53,2019 SAINT LOUIS INVITATIONAL,IM,9,B,12909025,GAURI SHANKAR,2457 => 2453 (R),L
54,SAINT LOUIS DISTRICT CHAMPIONSHIP,CHAMPIONSHIP,2,B,17111911,YURIY KRYKUN,2438 => 2394 (R),W
55,2019 NORTH AMERICAN JUNIOR CHAMPIONSHIP,OPEN U20,2,W,13721287,JOHN GABRIEL LUDWIG GABRIEL LUDWIG,2450 => 2436 (R),W
56,2019 NORTH AMERICAN JUNIOR CHAMPIONSHIP,OPEN U20,3,B,14732288,JUSTIN CHEN,2415 => 2399 (R),D
57,2019 NORTH AMERICAN JUNIOR CHAMPIONSHIP,OPEN U20,4,B,14195454,DAVID TIANJIAN PENG,2420 => 2418 (R),D
58,2019 NORTH AMERICAN JUNIOR CHAMPIONSHIP,OPEN U20,5,W,13919214,ANNIE WANG,2411 => 2412 (R),W
59,2019 NORTH AMERICAN JUNIOR CHAMPIONSHIP,OPEN U20,8,W,14671518,YOON-YOUNG KIM,2447 => 2437 (R),L
60,27TH ANNUAL MIDWEST CLASS,PREMIER,2,B,14679851,BEN LI,2471 => 2482 (R),L
61,27TH ANNUAL MIDWEST CLASS,PREMIER,5,W,14456386,AARON GRABINSKY,2465 => 2457 (R),D
62,119TH ANNUAL US OPEN - 2018,U.S. OPEN,5,W,12524770,MICHAEL A MULYAR,2461 => 2458 (R),W
63,27TH ANNUAL CHICAGO OPEN,OPEN,3,B,12579305,ALEXANDER KALIKSHTEYN,2482 => 2473 (R),D
64,2017 CITY OF CHICAGO CLASS-OPEN,OPEN,3,B,12853959,ERIC S ROSEN,2448 => 2453 (R),L
65,2017 SPICE CUP,OPEN,4,W,12579305,ALEXANDER KALIKSHTEYN,2494 => 2501 (R),L
66,2017 SPICE CUP,OPEN,7,B,12802899,MARK HEIMANN,2465 => 2467 (R),L
67,2017 SPICE CUP,OPEN,9,B,14456386,AARON GRABINSKY,2445 => 2446 (R),D
68,2017 NORTH AMERICAN JUNIOR U20 CHAM,2017 NORTH AMERICAN JUNIOR U20,1,B,13880825,RAYAN TAGHIZADEH,2436 => 2426 (R),W
69,2017 NORTH AMERICAN JUNIOR U20 CHAM,2017 NORTH AMERICAN JUNIOR U20,7,B,14230627,BRYCE TIGLON,2489 => 2453 (R),L
70,2017 U.S. MASTERS CHESS CHAMPIONSHIP,MASTERS,7,B,14230627,BRYCE TIGLON,2478 => 2489 (R),L
71,10TH ANNUAL CHICAGO CLASS,MASTER,3,B,14456386,AARON GRABINSKY,2422 => 2444 (R),L
72,SPECIAL ACTION!,SPECIAL ACTION!,2,W,12548533,YURY LAPSHUN,2475 => 2480 (R),L
73,45TH ANNUAL WORLD OPEN,OPEN,3,B,12832679,KASSA KORLEY,2462 => 2473 (R),L
74,45TH ANNUAL WORLD OPEN,OPEN,9,B,12936317,SAFAL BORA,2458 => 2457 (R),W
75,11TH PHILADELPHIA INTERNATIONAL!,2 GM NORMS!,2,W,13880846,JACK ZHU,2422 => 2408 (R),L
76,11TH PHILADELPHIA INTERNATIONAL!,2 GM NORMS!,7,B,12913092,ROBERT M PEREZ,2485 => 2470 (R),L
77,26TH ANNUAL CHICAGO OPEN,OPEN,1,B,14278511,MATTHEW WENDELL LARSON,2423 => 2447 (R),L
78,THURSDAY ACTION 5042017,THURSDAY ACTION 5042017,3,W,12860484,KYRON GRIFFITH,2414 => 2415 (R),L
79,MARSHALL SUNDAY G45,OPEN,4,W,12919199,CHRISTOPHER WU,2429 => 2432 (R),L
80,THURSDAY ACTION!,THURSDAY ACTION!,3,W,12860484,KYRON GRIFFITH,2408 => 2408 (R),D
81,2016 U.S. MASTERS CHESS CHAMPIONSHIP,MASTERS,1,W,12843029,ATULYA ARYA SHETTY,2487 => 2502 (R),W
82,2016 U.S. MASTERS CHESS CHAMPIONSHIP,MASTERS,3,W,13159334,KESAV VISWANADHA,2444 => 2447 (R),D
83,2016 U.S. MASTERS CHESS CHAMPIONSHIP,MASTERS,4,B,12851435,TATEV ABRAHAMYAN,2473 => 2474 (R),L
84,2016 U.S. MASTERS CHESS CHAMPIONSHIP,MASTERS,7,W,15041466,HANS NIEMANN,2417 => 2396 (R),W
85,5TH ANNUAL WASHINGTON INTERNATIONAL,A,1,W,13744720,CRAIG HILBY,2467 => 2461 (R),W
86,5TH ANNUAL WASHINGTON INTERNATIONAL,A,3,W,13405786,FARAI MANDIZHA,2496 => 2456 (R),W
87,5TH ANNUAL WASHINGTON INTERNATIONAL,A,6,B,15041466,HANS NIEMANN,2424 => 2417 (R),L
88,5TH ANNUAL WASHINGTON INTERNATIONAL,A,7,W,15906754,LOKESH PALANI,2420 => 2405 (R),L
89,10TH PHILADELPHIA INTERNATIONAL!,GM NORM!,8,W,13159334,KESAV VISWANADHA,2431 => 2431 (R),L
90,44TH ANNUAL WORLD OPEN,OPEN,1,W,12881112,ALEKSANDR OSTROVSKIY,2480 => 2493 (R),L
91,FRIENDSHIP GAMES,OPEN,5,,13994740,EDWARD SONG,2402 => 2398 (R),D
92,FRIENDSHIP GAMES,OPEN,7,,13194601,VICTOR PLOTKIN,2418 => 2413 (R),L
93,2015 SPICE CUP OPEN,OPEN,1,,12853959,ERIC S ROSEN,2458 => 2473 (R),L
94,2015 SPICE CUP OPEN,OPEN,2,,14952266,QIBIAO WANG,2401 => 2396 (R),L
95,2015 U.S. MASTERS CHESS CHAMPIONSHIP,MASTERS,3,B,12927795,KEVIN WANG,2401 => 2405 (R),L
96,MILLIONAIRE CHESS SATELLITE TOURNAM,OPEN,3,,12093120,RONALD WAYNE BURNETT,2432 => 2426 (R),L
97,MILLIONAIRE CHESS SATELLITE,OPENMERGE,1,,14455555,VITALY NEIMER,2429 => 2437 (R),L
98,2014 CLUB CHAMPIONSHIP,SECTION1,1,,14955836,PRIYADHARSHAN KANNAPPAN,2497 => 2502 (R),L
2,2024 U.S. MASTERS CHESS CHAMPIONSHIP,2024 US MASTERS,2,B,12900032,MAGESH PANCHANATHAN,2531 => 2529 (R),D
3,2024 U.S. MASTERS CHESS CHAMPIONSHIP,2024 US MASTERS,5,W,16110091,RAHUL SRIVATSHAV P,2568 => 2565 (R),L
4,2024 SPICE CUP,OPEN,6,B,31618828,TRAN GIA PHUC PHAM,2557 => 2553 (R),L
5,METRO CLASS CHAMPIONSHIP 2024,OPEN SECTION (FIDE RATED),4,W,32004008,NIKOLOZI KACHARAVA,2592 => 2533 (R),D
6,STL NORM,GM NORM,3,B,15205818,DIMITAR MARDOV,2535 => 2555 (R),L
7,STL NORM,GM NORM,6,B,30796638,LUKA BUDISAVLJEVIC,2527 => 2528 (R),L
8,2024 CHARLOTTE OPEN,CHAMPIONSHIP,4,B,12939342,KAYDEN WILLIAM TROFF,2569 => 2575 (R),L
9,17TH ANNUAL SPICE CUP OPEN,OPEN,2,B,14056673,PRAVEEN BALAKRISHNAN,2597 => 2568 (R),D
10,17TH ANNUAL SPICE CUP OPEN,OPEN,5,W,13856778,JOSHUA POSTHUMA,2529 => 2529 (R),D
11,17TH ANNUAL SPICE CUP OPEN,OPEN,7,B,13646954,GEORGE LI,2510 => 2500 (R),W
12,31ST ANNUAL MIDWEST CLASS CHAMP,PREMIER,5,B,12936317,SAFAL BORA,2572 => 2556 (R),W
13,2023 SAINT LOUIS SUPER SWISS,OPEN,1,W,14499403,BALAJI DAGGUPATI,2592 => 2584 (R),L
14,1000GM FEBRUARY LA NORM INVITATIONAL,1000GM FEBRUARY LA IM A,3,B,30405739,GABOR NAGY,2556 => 2560 (R),L
15,1000GM FEBRUARY LA NORM INVITATIONAL,1000GM FEBRUARY LA IM A,7,B,16746432,HARSHIT RAJA,2561 => 2571 (R),L
16,LADDER DAY SATURDAY,GAMES,6,W,13974250,JOSHUA SHENG,2530 => 2531 (R),L
17,2022 SPICE CUP,OPEN,1,W,16110091,RAHUL SRIVATSHAV P,2529 => 2503 (R),D
18,2022 SPICE CUP,OPEN,2,B,16795082,EYAL GRINBERG,2574 => 2566 (R),L
19,CCC FALL 2022 GM/IM NORM INVITATIONAL,IM F,6,B,30405739,GABOR NAGY,2548 => 2557 (R),L
20,30TH ANNUAL MIDWEST CLASS,PREMIER,3,B,12936317,SAFAL BORA,2563 => 2558 (R),D
21,MAY 2022 CCC GM/IM NORM INVITATIONAL,GM B,3,B,12778945,BARTLOMIEJ MACIEJA,2581 => 2593 (R),L
22,MAY 2022 CCC GM/IM NORM INVITATIONAL,GM B,7,B,12677618,DARCY LIMA,2593 => 2532 (R),W
23,MAY 2022 CCC GM/IM NORM INVITATIONAL,GM B,9,W,17352738,JACOB AAGAARD,2533 => 2573 (R),D
24,13TH ANNUAL SOUTHWEST CLASS,MASTER,4,B,14689658,RAZVAN PREOTU,2541 => 2536 (R),L
25,CLUB CHAMPIONSHIP,CHAMPIONSHIP,3,W,12894483,DENES BOROS,2507 => 2508 (R),D
26,15TH ANNUAL SPICE CUP OPEN,OPEN,1,W,15244943,CHRISTOPHER WOOJIN YOO,2582 => 2602 (R),L
27,49TH ANNUAL WORLD OPEN,OPEN,1,B,12707937,MARK PARAGUA,2582 => 2563 (R),L
28,14TH PHILADELPHIA INTERNATIONAL,PREMIER SECTION,1,B,14679411,CHRISTOPHER REPKA,2591 => 2593 (R),L
29,30TH CHICAGO OPEN,OPEN,1,B,11264417,BENJAMIN P FINEGOLD,2549 => 2538 (R),L
30,MISSOURI GRAND CHAMPIONSHIP,MAJOR,1,W,14679411,CHRISTOPHER REPKA,2578 => 2579 (R),L
31,RED RIVER OPEN,OPEN,3,W,15574183,ZURAB JAVAKHADZE,2520 => 2525 (R),L
32,2020 SPICE CUP,OPEN,1,B,14679411,CHRISTOPHER REPKA,2558 => 2565 (R),L
33,2020 SPICE CUP,OPEN,4,B,15041466,HANS NIEMANN,2576 => 2559 (R),L
34,"DFW OPEN, AMATEUR AND NOVICE",DFWOPEN,6,B,15825480,CARLOS A HEVIA ALEJANO,2560 => 2569 (R),L
35,THANKSGIVING OPEN,OPEN,3,W,16180447,CEMIL CAN ALI MARANDI,2590 => 2600 (R),L
36,2019 SAINT LOUIS INVITATIONAL,IM,8,W,17111911,YURIY KRYKUN,2502 => 2456 (R),W
37,13TH ANNUAL SPICE CUP OPEN,OPEN,1,W,16863611,ROBBY KEVLISHVILI,2553 => 2544 (R),L
38,SAINT LOUIS DISTRICT CHAMPIONSHIP,CHAMPIONSHIP,4,W,16863611,ROBBY KEVLISHVILI,2547 => 2552 (R),L
39,BILL WRIGHT SAINT LOUIS OPEN,OPEN,2,B,16836558,BRIAN ESCALANTE,2561 => 2555 (R),L
40,23RD ANNUAL MID-AMERICA OPEN,MAJOR,5,W,15484820,ASHWIN JAYARAM,2595 => 2590 (R),L
41,119TH ANNUAL US OPEN - 2018,U.S. OPEN,6,B,13215196,ANDREW TANG,2566 => 2570 (R),D
42,27TH ANNUAL CHICAGO OPEN,OPEN,1,B,20058682,MR. DANIEL FERNANDEZ,2581 => 2575 (R),L
43,27TH ANNUAL CHICAGO OPEN,OPEN,4,W,12885132,ALEXANDER KATZ,2514 => 2513 (R),L
44,THANKSGIVING OPEN,OPEN,2,B,16180447,CEMIL CAN ALI MARANDI,2562 => 2569 (R),L
45,2017 U.S. MASTERS CHESS CHAMPIONSHIP,MASTERS,1,W,14955795,LEVAN BREGADZE,2571 => 2558 (R),L
46,2016 U.S. MASTERS CHESS CHAMPIONSHIP,MASTERS,8,B,15785675,KAIQI YANG,2510 => 2502 (R),L
47,5TH ANNUAL WASHINGTON INTERNATIONAL,A,2,B,13215196,ANDREW TANG,2559 => 2555 (R),L
48,5TH ANNUAL WASHINGTON INTERNATIONAL,A,4,B,15785675,KAIQI YANG,2515 => 2510 (R),L
49,10TH PHILADELPHIA INTERNATIONAL!,GM NORM!,1,B,14955836,PRIYADHARSHAN KANNAPPAN,2585 => 2601 (R),L
50,44TH ANNUAL WORLD OPEN,OPEN,2,B,12936317,SAFAL BORA,2500 => 2482 (R),L
51,FRIENDSHIP GAMES,OPEN,1,,13768313,RUIFENG LI,2536 => 2556 (R),L
52,MILLIONAIRE CHESS SATELLITE TOURNAM,OPEN,2,,14958890,FIDEL CORRALES JIMENEZ,2584 => 2570 (R),W
53,2015 DCC FIDE OPEN I,OPENI,2,,14703543,MILOS M PAVLOVIC,2536 => 2532 (R),L
54,2015 DCC FIDE OPEN I,OPENI,5,,15489455,KACPER DROZDOWSKI,2548 => 2539 (R),L
55,2014 WBO,OPEN,1,,12710197,NIKOLA MITKOV,2576 => 2579 (R),L
56,CCSCSL LADDER,LADDER,1,,11264417,BENJAMIN P FINEGOLD,2586 => 2587 (R),L
57,LADDER DAY SATURDAY!,LADDER,4,,12790312,ROBERT HUNGASKI,2550 => 2551 (R),L
58,LADDER DAY SATURDAY!,LADDER,1,,11264417,BENJAMIN P FINEGOLD,2596 => 2597 (R),L
59,CCSCSL LADDER,LADDER,3,,11264417,BENJAMIN P FINEGOLD,2589 => 2590 (R),L
60,LADDER,LADDER,8,,12655637,RONEN HAR-ZVI,2592 => 2593 (R),L
61,RATED GAMES,GAMES,9,,11264417,BENJAMIN P FINEGOLD,2572 => 2573 (R),L
62,LADDER NIGHT!,SECTION1,5,,11264417,BENJAMIN P FINEGOLD,2569 => 2570 (R),L
63,LADDER,LADDER,1,,11264417,BENJAMIN P FINEGOLD,2588 => 2589 (R),L
64,LADDER,LADDER,2,,11264417,BENJAMIN P FINEGOLD,2588 => 2589 (R),L
65,LADDER,LADDER,3,,11264417,BENJAMIN P FINEGOLD,2588 => 2589 (R),L
66,CHESS CLUB LADDER,LADDER,4,,11264417,BENJAMIN P FINEGOLD,2587 => 2588 (R),L
67,CHESS CLUB LADDER,LADDER,5,,11264417,BENJAMIN P FINEGOLD,2587 => 2588 (R),L
68,CHESS CLUB LADDER,LADDER,6,,11264417,BENJAMIN P FINEGOLD,2587 => 2588 (R),L
69,LADDER,LADDER,1,,11264417,BENJAMIN P FINEGOLD,2585 => 2586 (R),L
70,LADDER,LADDER,2,,11264417,BENJAMIN P FINEGOLD,2585 => 2586 (R),L
71,LADDER,LADDER,3,,11264417,BENJAMIN P FINEGOLD,2585 => 2586 (R),L
72,LADDER,LADDER,1,,11264417,BENJAMIN P FINEGOLD,2583 => 2584 (R),L
73,LADDER,LADDER,3,,11264417,BENJAMIN P FINEGOLD,2583 => 2584 (R),L
74,LADDER,LADDER,4,,11264417,BENJAMIN P FINEGOLD,2583 => 2584 (R),L
75,LADDER DAY SATURDAY!,LADDER,1,,11264417,BENJAMIN P FINEGOLD,2582 => 2583 (R),L
76,LADDER DAY SATURDAY!,LADDER,2,,11264417,BENJAMIN P FINEGOLD,2582 => 2583 (R),L
77,LADDER,LADDER,4,,11264417,BENJAMIN P FINEGOLD,2581 => 2582 (R),L
78,CHESS CLUB LADDER,LADDER,6,,11264417,BENJAMIN P FINEGOLD,2579 => 2580 (R),L
79,CHESS CLUB LADDER,LADDER,7,,11264417,BENJAMIN P FINEGOLD,2579 => 2580 (R),L
80,CHESS CLUB LADDER,LADDER,8,,11264417,BENJAMIN P FINEGOLD,2579 => 2580 (R),L
81,LADDER,LADDER,6,,11264417,BENJAMIN P FINEGOLD,2578 => 2579 (R),L
82,LADDER,LADDER,7,,11264417,BENJAMIN P FINEGOLD,2578 => 2579 (R),L
83,LADDER,LADDER,8,,11264417,BENJAMIN P FINEGOLD,2578 => 2579 (R),L
84,LADDER,LADDER,11,,11264417,BENJAMIN P FINEGOLD,2578 => 2579 (R),L
85,LADDER,LADDER,12,,11264417,BENJAMIN P FINEGOLD,2578 => 2579 (R),L
86,LADDER,LADDER,13,,11264417,BENJAMIN P FINEGOLD,2578 => 2579 (R),L
87,LADDER,LADDER,15,,11264417,BENJAMIN P FINEGOLD,2578 => 2579 (R),L
88,LADDER,LADDER,16,,11264417,BENJAMIN P FINEGOLD,2578 => 2579 (R),L
89,LADDER,LADDER,17,,11264417,BENJAMIN P FINEGOLD,2578 => 2579 (R),L
90,CCSCSL LADDER,LADDER,4,,11264417,BENJAMIN P FINEGOLD,2577 => 2578 (R),L
91,CCSCSL LADDER,LADDER,5,,11264417,BENJAMIN P FINEGOLD,2577 => 2578 (R),L
92,CCSCSL LADDER,LADDER,6,,11264417,BENJAMIN P FINEGOLD,2577 => 2578 (R),L
93,CCSCSL LADDER,LADDER,11,,11264417,BENJAMIN P FINEGOLD,2577 => 2578 (R),L
94,CCSCSL LADDER,LADDER,12,,11264417,BENJAMIN P FINEGOLD,2577 => 2578 (R),L
95,CCSCSL LADDER,LADDER,13,,11264417,BENJAMIN P FINEGOLD,2577 => 2578 (R),L
96,CCSCSL LADDER,LADDER,17,,11264417,BENJAMIN P FINEGOLD,2577 => 2578 (R),L
97,CCSCSL LADDER,LADDER,18,,11264417,BENJAMIN P FINEGOLD,2577 => 2578 (R),L
98,CCSCSL LADDER,LADDER,19,,11264417,BENJAMIN P FINEGOLD,2577 => 2578 (R),L
99,CHESS CLUB LADDER,LADDER,1,,11264417,BENJAMIN P FINEGOLD,2575 => 2576 (R),L
100,CHESS CLUB LADDER,LADDER,2,,11264417,BENJAMIN P FINEGOLD,2575 => 2576 (R),L
101,CHESS CLUB LADDER,LADDER,3,,11264417,BENJAMIN P FINEGOLD,2575 => 2576 (R),L
102,CHESS CLUB LADDER,LADDER,4,,11264417,BENJAMIN P FINEGOLD,2575 => 2576 (R),L
103,CHESS CLUB LADDER,LADDER,5,,11264417,BENJAMIN P FINEGOLD,2575 => 2576 (R),L
104,CHESS CLUB LADDER,LADDER,6,,11264417,BENJAMIN P FINEGOLD,2575 => 2576 (R),L
105,LADDER DAY SATURDAY,LADDER,1,,11264417,BENJAMIN P FINEGOLD,2582 => 2583 (R),L
106,LADDER DAY SATURDAY,LADDER,2,,11264417,BENJAMIN P FINEGOLD,2582 => 2583 (R),L
107,LADDER DAY SATURDAY,LADDER,4,,11264417,BENJAMIN P FINEGOLD,2582 => 2583 (R),L
108,LADDER,LADDER,3,,11264417,BENJAMIN P FINEGOLD,2581 => 2582 (R),L
109,LADDER,LADDER,1,,11264417,BENJAMIN P FINEGOLD,2580 => 2581 (R),L
110,LADDER,LADDER,2,,11264417,BENJAMIN P FINEGOLD,2580 => 2581 (R),L
111,LADDER,LADDER,3,,11264417,BENJAMIN P FINEGOLD,2580 => 2581 (R),L
112,LADDER,LADDER,2,,11264417,BENJAMIN P FINEGOLD,2598 => 2599 (R),L
113,LADDER,LADDER,3,,11264417,BENJAMIN P FINEGOLD,2598 => 2599 (R),L
114,LADDER,LADDER,4,,11264417,BENJAMIN P FINEGOLD,2598 => 2599 (R),L
115,LADDER,LADDER,5,,11264417,BENJAMIN P FINEGOLD,2598 => 2599 (R),L
116,LADDER,LADDER,6,,11264417,BENJAMIN P FINEGOLD,2598 => 2599 (R),L
117,CCSCSL LADDER,LADDER,1,,11264417,BENJAMIN P FINEGOLD,2596 => 2597 (R),L
118,LADDER,LADDER,4,,11264417,BENJAMIN P FINEGOLD,2597 => 2598 (R),L
119,LADDER,LADDER,5,,11264417,BENJAMIN P FINEGOLD,2597 => 2598 (R),L
120,LADDER,LADDER,6,,11264417,BENJAMIN P FINEGOLD,2597 => 2598 (R),L
2,2024 SAINT LOUIS MASTERS,SWISS,1,B,16302012,ANDY AUSTIN WOODWARD,2616 => 2628 (R),L
3,2024 SAINT LOUIS MASTERS,SWISS,2,W,30957643,GLEB DUDIN,2607 => 2614 (R),L
4,2024 SPICE CUP,OPEN,2,B,14160065,BRANDON JACOBSON,2652 => 2664 (R),L
5,2024 SPICE CUP,OPEN,9,W,16302012,ANDY AUSTIN WOODWARD,2630 => 2604 (R),D
6,1000GM ST. LOUIS IM NORM -5,IM NORM,3,W,15477488,ILLIA NYZHNYK,2639 => 2637 (R),D
7,124TH ANNUAL U. S. OPEN CHESS CHAMP,MERGED,7,W,14958890,FIDEL CORRALES JIMENEZ,2666 => 2663 (R),L
8,STL NORM,GM NORM,1,B,16863611,ROBBY KEVLISHVILI,2600 => 2582 (R),L
9,STL NORM,GM NORM,2,W,31196834,DAMBASUREN BATSUREN,2616 => 2596 (R),D
10,2024 CHARLOTTE OPEN,CHAMPIONSHIP,2,B,15524414,JIANCHAO ZHOU,2666 => 2661 (R),D
11,17TH ANNUAL SPICE CUP OPEN,OPEN,1,W,15244943,CHRISTOPHER WOOJIN YOO,2690 => 2676 (R),D
12,17TH ANNUAL SPICE CUP OPEN,OPEN,6,W,15477488,ILLIA NYZHNYK,2678 => 2660 (R),D
13,17TH ANNUAL SPICE CUP OPEN,OPEN,9,B,14930904,JUSTIN WANG,2601 => 2591 (R),L
14,LADDER DAY SATURDAY,GAMES,6,W,16863626,EVGENIJ MIROSHNICHENKO,2633 => 2634 (R),L
15,LADDER DAY SATURDAY,GAMES,5,B,16863626,EVGENIJ MIROSHNICHENKO,2632 => 2633 (R),L
16,THANKSGIVING OPEN,OPEN,4,W,12937909,CONRAD HOLT,2626 => 2629 (R),L
17,15TH ANNUAL SPICE CUP OPEN,OPEN,7,B,14821464,ELSHAN MORADIABADI,2625 => 2614 (R),L
18,16TH ANNUAL INDIANAPOLIS OPEN,MAJOR,5,W,16004571,VLADIMIR BELOUS,2620 => 2626 (R),L
19,2020 SPICE CUP,OPEN,8,W,14069596,JOHN MICHAEL BURKE,2636 => 2618 (R),L
20,2019 CLUB CHAMPIONSHIP,CHAMPIONSHIP,1,W,16382220,DMITRY GORDIEVSKIY,2665 => 2654 (R),W
21,SAINT LOUIS DISTRICT CHAMPIONSHIP,CHAMPIONSHIP,3,B,13208885,EMILIO CORDOVA DAZA,2614 => 2610 (R),D
22,120TH ANNUAL US OPEN - 2019,U.S. OPEN,4,B,16429174,KAMIL DRAGUN,2676 => 2680 (R),L
23,120TH ANNUAL US OPEN - 2019,U.S. OPEN,7,B,14821464,ELSHAN MORADIABADI,2632 => 2637 (R),L
24,23RD ANNUAL MID-AMERICA OPEN,MAJOR,2,B,15196087,ANTON KOVALYOV,2677 => 2690 (R),L
25,119TH ANNUAL US OPEN - 2018,U.S. OPEN,7,B,16004571,VLADIMIR BELOUS,2671 => 2662 (R),L
26,2017 SPICE CUP,OPEN,1,B,12778802,ROGELIO BARCENILLA JR.,2608 => 2600 (R),L
27,45TH ANNUAL WORLD OPEN,OPEN,1,B,16004571,VLADIMIR BELOUS,2665 => 2646 (R),L
28,11TH PHILADELPHIA INTERNATIONAL!,2 GM NORMS!,3,B,12707937,MARK PARAGUA,2627 => 2600 (R),L
29,117TH ANNUAL US OPEN - 2016,U.S. OPEN,3,B,13768313,RUIFENG LI,2644 => 2661 (R),L
2,2022 THANKSGIVING OPEN,OPEN,3,B,15477488,ILLIA NYZHNYK,2723 => 2723 (R),L
3,1000GM #0002 IM NORM TOURNAMENT,IM SECTION,9,B,15477488,ILLIA NYZHNYK,2763 => 2775 (R),L
4,16TH ANNUAL INDIANAPOLIS OPEN,MAJOR,3,B,15524414,JIANCHAO ZHOU,2714 => 2716 (R),L
5,14TH ANNUAL CHICAGO CLASS,MASTER,1,B,15477488,ILLIA NYZHNYK,2778 => 2769 (R),L
6,PREMIER & AMATEUR,PREMIER,3,B,16113717,DARIUSZ SWIERCZ,2756 => 2760 (R),L
7,2016 U.S. MASTERS CHESS CHAMPIONSHIP,MASTERS,2,B,15477488,ILLIA NYZHNYK,2714 => 2692 (R),L
8,FRIENDSHIP GAMES,OPEN,6,,15197865,YUNIESKY QUESADA PEREZ,2743 => 2722 (R),L
