,Event,Section,round,color,Oponent USCF,Oponent name,Rating,Result
2,NEW HAMPSHIRE SENIOR CHAMPIONSHIP,CHAMPIONSHIP,3,W,16485322,JEAN FARAH,Unr. => 2182 (R),W
3,CMC MARCH GRAND PRIX 03-31-2012,SECTION1,3,,14896211,SERGEI G ROSENBERG,Unr. => 2371 (R),W
4,80TH MASSACHUSETTS OPEN,OPEN,1,,14669043,AGUSTIN P GARCIA,Unr. => 1984 (R),W
5,102ND RHODE ISLAND PAWN EATER,OPEN,2,,14181041,ARTUR MELKONYAN,Unr. => 2245 (R),W
6,78TH RHODE ISLAND PAWN EATER,OPEN,3,,13237127,GRANT LEE,Unr. => 1958 (R),W
7,4TH ANNUAL FOXWOODS OPEN,OPEN,6,,12870039,GAVIN WALL,Unr. => 2561 (R),W
8,US AMATEUR TEAM EAST,OPEN,1,,12832746,TED VINLET,Unr. => 2058 (R),W
9,18TH ANNUAL WESTERN STATES OPE,MASTER,3,,12815276,JEAN-LUC CHABANON,Unr. => 2518 (R),D
10,10TH MASSACHUSETTS GAME/60,OPEN,4,,12801173,SATEA HUSARI,Unr. => 2310 (R),W
11,8TH ANNUAL CHICAGO OPEN,OPEN!,5,,12774447,OLIVER BARBOSA,Unr. => 2299 (R),W
12,25TH EASTERN OPEN,OPEN,7,,12759104,ADRIAN NEGULESCU,Unr. => 2488 (R),W
13,1998 New York Open,Open,1,,12741576,JOSE FRANCO,Unr. => 2050 (R),W
14,1998 New York Open,Open,6,,12741550,VINCENT HEINIS,Unr. => 2088 (R),W
15,1997 New York Open,OPEN,7,,12710293,VLADIMIR POLEY,Unr. => 2325 (R),W
16,2ND GREATER BOSTON GAME/60,OPEN,4,,12659485,LEONID FURMAN,Unr. => 2581 (R),D
17,EMPIRE CITY OPEN,OPEN,1,,12634468,BORIS IRIARTE,Unr. => 2221 (R),W
18,22ND ANNUAL WORLD OPEN,OPEN,3,,12625428,NIKOLAY MELKUMYANTS,Unr. => 2040 (R),W
19,NEW YORK OPEN - 1994,OPEN,4,,12621037,NATHANAEL SITURU,Unr. => 2482 (R),W
20,60TH GREATER BOSTON OPEN,OPEN,3,,12603704,MICHAEL MINKIN,Unr. => 2314 (R),W
21,NAT'L 1993 NATIONAL OPEN,OPEN,2,,12599129,EDMUNDO LEGASPI,Unr. => 2301 (R),W
22,NAT'L 1993 NATIONAL OPEN,OPEN,6,,12599409,EMIL SUTOVSKIY,Unr. => 2716 (R),L
2,4TH ANNUAL FOXWOODS OPEN,OPEN,6,,12870039,GAVIN WALL,Unr. => 2561 (R),W
3,US AMATEUR TEAM EAST,OPEN,1,,12832746,TED VINLET,Unr. => 2058 (R),W
2,78TH RHODE ISLAND PAWN EATER,OPEN,3,,13237127,GRANT LEE,Unr. => 1958 (R),W
2,NEW HAMPSHIRE SENIOR CHAMPIONSHIP,CHAMPIONSHIP,3,W,16485322,JEAN FARAH,Unr. => 2182 (R),W
3,CMC MARCH GRAND PRIX 03-31-2012,SECTION1,3,,14896211,SERGEI G ROSENBERG,Unr. => 2371 (R),W
4,EARLY BIRD RAPID QUADS,QUAD 1,1,,12922817,ANTHONY J DI NOSSE,1313 => 1308 (R),W
5,102ND RHODE ISLAND PAWN EATER,OPEN,2,,14181041,ARTUR MELKONYAN,Unr. => 2245 (R),W
6,1995 New York Open,Open,2,,12597037,LOUIS CHAMBERLAIN,1374 => 1421 (R),W
2,THE JOHN CURDO OPEN,1,1,,12530300,ALAN D SCHAEFER,1460 => 1438 (R),W
2,WESTFORD JUNE ACTION,OPEN,1,W,16671615,BENJAMIN USADI,1564 => 1534 (R),W
3,KOPEC'S NEW HAMPTON CAMP TORNADO,OPEN,1,,12734090,PAUL KOLOJESKI,1553 => 1540 (R),W
4,BLACKSTONE CHESS FESTIVAL,OPEN,4,,14410490,CAMERON PITA,1501 => 1494 (R),W
5,GREATER PROVIDENCE OPEN,1,1,,14410490,CAMERON PITA,1527 => 1491 (R),W
6,3RD STEPHEN A. VAUGHAN MEMORIAL,OPEN,1,,12406319,CLINTON E EKLUND,1591 => 1581 (R),W
7,78TH RHODE ISLAND PAWN EATER,OPEN,2,,12823717,JOHN Z PERROTTA,1547 => 1650 (R),W
8,DOWN EAST OPEN,OPEN,1,,10026539,C STUART LAUGHLIN JR.,1500 => 1500 (R),W
2,OCEAN STATE CHESS PREMIER OPEN CHAMPIONSHIP,OPEN,2,W,30675974,EVAN BANERJEE,1617 => 1589 (R),W
3,HARRY NELSON PILLSBURY MEMORIAL,OPEN,2,B,12877021,RUDI DUNLAP,1627 => 1654 (R),W
4,2017 BANGOR OPEN,OPEN,2,B,12678464,NATHAN GATES,1661 => 1710 (R),W
5,2012 U.S. SENIOR OPEN CHESS CHAMPIONSHIP,US SENIOR,1,,12432226,CARL E HUDSON,1666 => 1580 (R),W
6,3RD STEPHEN A. VAUGHAN MEMORIAL,OPEN,2,,12602635,RICHARD MICHAEL GOLD,1608 => 1628 (R),W
7,3RD STEPHEN A. VAUGHAN MEMORIAL,OPEN,3,,11208657,DAVID M HALL,1647 => 1654 (R),W
8,76TH RHODE ISLAND PAWN EATER,OPEN,1,,12823717,JOHN Z PERROTTA,1628 => 1613 (R),W
9,2005 APRIL NORTHEAST CHESS,OPEN_G-55,3,,10007763,MARK KAPRIELIAN,1607 => 1635 (R),W
10,2005 APRIL NORTHEAST CHESS,OPEN_G-55,4,,12864842,MR. CALVIN HORI,1672 => 1662 (R),W
11,WMCA SCHOLASTIC CHAMPIONSHIP,OPEN,1,,12428016,SLAWOMIR A LUCZAK,1669 => 1671 (R),W
12,WMCA SCHOLASTIC CHAMPIONSHIP,OPEN,2,,12654648,SEVERINE WAMALA,1649 => 1648 (R),W
13,2004 JANUARY NORTHEAST CHESS,OPEN_G-55,1,,10007763,MARK KAPRIELIAN,1681 => 1694 (R),W
14,1998 GOVERNOR'S CUP,OPEN,2,,12608122,JEFFREY STEPHEN POLAND,1681 => 1677 (R),W
15,CONTINENTAL OPEN,OPEN,7,,12421558,REX JULIAN BEABER,1610 => 1624 (R),W
16,TWIN TOWERS OPEN-NHCP,OPEN,1,,12490856,WILLIAM GALLAGHER,1600 => 1608 (R),W
17,45TH NEW HAMPSHIRE OPEN,OPEN,3,,12602343,EDWARD J HARRIS,1603 => 1662 (R),W
18,1ST SOUTHERN CHESS OPEN,,1,,10247659,M A FARRELL,1661 => 1645 (R),W
19,CALLO/DIAZ OPEN,,1,,12578928,RICHARD I BIUS,1678 => 1667 (R),W
2,WINDHAM COUNTY & WILLIMANTIC CITY C,OPEN,1,B,30233628,OWEN KELLIHER,1766 => 1744 (R),W
3,WINDHAM COUNTY & WILLIMANTIC CITY C,OPEN,3,B,15975172,PUNYAVRAT UPADHYAY,1771 => 1776 (R),W
4,6TH MASSACHUSETTS SENIOR OPEN,OPEN,1,W,12471987,GEORGE WILFRED DUVAL,1730 => 1734 (R),W
5,2018 SACO OPEN,OPEN,1,B,15400838,BILL HARTT,1773 => 1772 (R),W
6,2017 BANGOR OPEN,OPEN,1,W,10028710,MICHAEL B PORTER,1785 => 1784 (R),W
7,2017 SACO OPEN,OPEN,3,W,12549406,LANCE P BELOUNGIE,1776 => 1764 (R),W
8,20TH ANNUAL BRADLEY OPEN,OPEN,2,B,13557543,THOMAS GOLDIE,1799 => 1897 (R),W
9,KOPEC'S NEW HAMPTON CAMP TORNADO,OPEN,2,,12449199,MR. CRAIG D SHAW,1749 => 1738 (R),W
10,CAPITAL CITY OPEN,OPEN,2,,12449199,MR. CRAIG D SHAW,1707 => 1703 (R),W
11,BLACKSTONE FALL OPEN,OPEN,1,,12288370,CHARLES A CARANCI,1707 => 1700 (R),W
12,BLACKSTONE FALL OPEN,OPEN,3,,13751622,RYAN SOWA,1700 => 1724 (R),W
13,WHITE RIVER OPEN,OPEN,4,,12742909,MICHAEL CORRIGAN,1746 => 1735 (R),W
14,BLACKSTONE NEW YEAR OPEN,OPEN,2,,12288370,CHARLES A CARANCI,1710 => 1715 (R),W
15,NEW ENGLAND SENIOR OPEN!,GM SWEEP!,1,,12775706,BRIAN J SMITH,1737 => 1765 (R),W
16,80TH MASSACHUSETTS OPEN,OPEN,1,,14669043,AGUSTIN P GARCIA,Unr. => 1984 (R),W
17,BLACKSTONE DECEMBER DERBY,OPEN,1,,11312322,RICK MASSIMO,1723 => 1710 (R),W
18,NOVEMBER VAMP,OPEN,1,,10023505,PAUL W GAVLICK,1725 => 1735 (R),W
19,VERMONT SPRING OPEN,OPEN,2,,12902792,OLIVER CHASE,1794 => 1792 (R),W
20,VERMONT SPRING OPEN,OPEN,5,,13940256,CHEN QU,1796 => 1884 (R),W
21,EASTERN MAINE CHAMPIONSHIP,CHAMPION,2,,13157281,MATTHEW E FISHBEIN,1782 => 1822 (R),W
22,2010 BERMUDA OPEN,BERMUDA OP,1,,12898290,SHUAIB WORRELL,1785 => 1820 (R),W
23,EARLY BIRD RAPID QUADS 12010,SECTION 1,1,,12214270,BERNARDO IGLESIAS,1735 => 1731 (R),W
24,EARLY BIRD RAPID QUADS 12010,SECTION 1,3,,12846607,ANDREW HOY,1791 => 1809 (R),W
25,2009 BERMUDA OPEN,BERMUDA OP,1,,13102590,MAXWELL JOEL STEINBERG,1760 => 1769 (R),W
26,35TH ANNUAL EASTERN OPEN,OPEN,2,,13731304,JINSEOK  KIM,1715 => 1761 (R),W
27,2006 JUNE NORTHEAST CHESS,G55,1,,10023173,MICHAEL PETRELLA,1779 => 1799 (R),W
28,2006 MARCH NORTHEAST CHESS,OPEN_G-55,1,,11315488,PAUL ROBERT ROBIDA,1704 => 1700 (R),W
29,1ST EASTERN ADULT & STUDENT CHAMP,OPEN!,2,,12711243,MICHAEL PARRIS,1754 => 1753 (R),W
30,78TH RHODE ISLAND PAWN EATER,OPEN,1,,12815015,SETH NEEL,1751 => 1757 (R),W
31,76TH RHODE ISLAND PAWN EATER,OPEN,4,,10023173,MICHAEL PETRELLA,1791 => 1819 (R),W
32,WMCA SCHOLASTIC CHAMPIONSHIP,OPEN,4,,10264669,ARTHUR C NAGEL,1781 => 1769 (R),W
33,2004 SEPTEMBER NORTHEAST CHESS,OPEN_G-55,1,,12441378,JAMES A BEAUREGARD,1767 => 1770 (R),W
34,2004 SEPTEMBER NORTHEAST CHESS,OPEN_G-55,4,,12433459,JOSEPH A FRANCIS,1753 => 1776 (R),W
35,TCC CLUB CHAMPIONSHIP,1,3,,12042190,JAMES W TODHUNTER,1794 => 1805 (R),W
36,2004 NORTHEAST CHESS,OPEN_G-55,3,,12815370,ISAAC SAIDEL-GOLEY,1749 => 1773 (R),W
37,2004 NORTHEAST CHESS,OPEN_G-55,4,,12788182,NIKITA KONOVALCHUK,1728 => 1739 (R),W
38,2004 JANUARY NORTHEAST CHESS,OPEN_G-55,4,,12715959,AMRIT GUPTA,1777 => 1820 (R),W
39,NORTHEAST CHESS FALL GETAWAY,OPEN,2,,12687356,SIMON SLUTSKY,1712 => 1723 (R),W
40,3RD DAVID M LEES MEMORIAL,OPEN,2,,10001412,PAUL CONNELL,1731 => 1722 (R),W
41,COOL ACTION,,1,,12406164,WILLIAM FISCELLA,1700 => 1685 (R),W
42,DOWN EAST OPEN,OPEN,2,,10008191,JOHN W MARTIN,1758 => 1763 (R),W
43,MCC SPRING SWISS,OPEN,5,,12522524,AMES ABBOT,1772 => 1790 (R),W
44,US AMATEUR TEAM EAST,OPEN,3,,12652254,RAMON GARCIA,1775 => 1779 (R),W
45,MCC STANLEY CROWE MEMORIAL,OPEN,1,,10020425,WILLIAM G MICHAEL,1708 => 1702 (R),W
46,ASIAN-AMERICAN,GRAND PRIX,2,,10058791,MELVIN RAPPAPORT,1700 => 1700 (R),W
47,1ST ANNUAL FOXWOODS OPEN,OPEN,3,,12646318,CHRISTOPHER BELCHER,1747 => 1768 (R),W
48,ATHOL SUNDAY SERVICES II,OPEN,1,,12476109,MARVIN MOSS,1726 => 1702 (R),W
49,ATHOL SUNDAY SERVICES,,1,,10004802,LAWRENCE DAVID GLADDING,1775 => 1785 (R),W
50,THE JOHN CURDO OPEN,1,2,,12604772,SHEEL DANDEKAR,1725 => 1728 (R),W
51,15TH BERMUDA INTERNATIONAL OPE,,1,,12576423,HUGH SMALL,1701 => 1690 (R),W
52,19TH NEWTON OPEN,,1,,12327340,ANDREW H SABL,1750 => 1788 (R),W
53,4TH ANNUAL NYS ACTION CHAMPION,,1,,12556630,MR. TIMOTHY CHARLES WRIGHT,1796 => 1798 (R),W
54,4TH ANNUAL CHICAGO OPEN,OPEN,2,,12565959,SANTIAGO ZORZOPULOS,1718 => 1736 (R),W
55,JOE SPARK'S 5TH NEW ENGLAND AC,SEC 1,1,,12517003,DANA TRAVIS ROSSI,1740 => 1730 (R),W
56,9TH CAPITAL DISTRICT OPEN,,1,,12415480,SCOTT BOYCE,1700 => 1700 (R),W
57,JOE SPARK'S 4TH NEW ENGLAND AC,OPEN,1,,11309097,JAMES R HYLAND,1700 => 1700 (R),W
2,NEW HAVEN COUNTY & MERIDEN CITY CHA,OPEN,3,W,30173780,JASON BAI,1824 => 1887 (R),W
3,6TH MASSACHUSETTS SENIOR OPEN,OPEN,3,W,12411509,BILL SLICHENMYER,1861 => 1863 (R),W
4,6TH MASSACHUSETTS SENIOR OPEN,OPEN,4,B,11366805,NATASHA C CHRISTIANSEN,1800 => 1800 (R),W
5,HARRY NELSON PILLSBURY MEMORIAL,OPEN,4,B,14926028,WILLIAM MACLEOD,1813 => 1837 (R),W
6,LAURENCE SCHMITT MEMORIAL,OPEN,5,B,14095827,JOHN HARDIN,1873 => 1931 (R),W
7,BOSTON ELITE SUMMER CLASSIC AUGUST,PREMIER,1,B,15207334,THOMAS T HA,1837 => 1794 (R),W
8,WESTFORD JUNE ACTION,OPEN,2,B,12907963,LUKE PARIGE,1852 => 1845 (R),W
9,2019 BENNINGTON SPRING OPEN,OPEN,1,W,12670166,WALTER M. CHESNUT,1835 => 1821 (R),W
10,WN 2019 WINTER OPEN,OPEN,1,W,15251590,RAFAEL PASHKOV,1890 => 1873 (R),W
11,NEW HAMPSHIRE SENIOR CHAMPIONSHIP,CHAMPIONSHIP,1,B,14612732,DALE PAUL BARKEY,1886 => 1870 (R),W
12,NEW HAMPSHIRE SENIOR CHAMPIONSHIP,CHAMPIONSHIP,1,W,10315646,JOHN R PHYTHYON SR.,1800 => 1800 (R),W
13,2017 BANGOR OPEN,OPEN,4,B,12825181,MR. RYAN TRIPP,1813 => 1822 (R),W
14,67TH NEW HAMPSHIRE OPEN,OPEN,4,B,14742546,ABHINAV CHINNAMBETI,1808 => 1848 (R),W
15,2017 SACO OPEN,OPEN,1,W,12504581,MR. DARRELL JESSE SALISBURY,1851 => 1824 (R),W
16,MASSACHUSETTS SENIOR OPEN,OPEN,1,W,11156665,GARY BRASSARD,1856 => 1852 (R),W
17,21ST BRADLEY OPEN,OPEN,1,B,16064791,MICHAEL CHRISTOPHER COLE,1880 => 1891 (R),W
18,2016 U.S. SENIOR OPEN CHESS CHAMPIONSHIP,SENIOR OPEN,1,W,10457262,JULIA O'NEILL,1800 => 1800 (R),W
19,2016 U.S. SENIOR OPEN CHESS CHAMPIONSHIP,SENIOR OPEN,3,W,11489061,MITCHELL COSTANZA,1884 => 1882 (R),W
20,PORTSMOUTH OPEN,OPEN,1,W,10315646,JOHN R PHYTHYON SR.,1819 => 1842 (R),W
21,PORTSMOUTH OPEN,OPEN,3,W,12951317,MICHAEL KIND,1863 => 1941 (R),W
22,2015 U.S. SENIOR OPEN CHESS CHAMPIONSHIP,OPEN,1,,12521422,MR. RICHARD DWIGHT EASTON,1815 => 1834 (R),W
23,BURLINGTON OPEN,OPEN,4,,10611547,PETER HENNER,1882 => 1990 (R),W
24,KEENE OPEN,OPEN,1,,13526267,ERIC STRICKLAND,1877 => 1872 (R),W
25,KOPEC'S NEW HAMPTON CAMP TORNADO,OPEN,4,,13518335,CONNOR RIDDELL,1860 => 1878 (R),W
26,36TH ANNUAL MARCHAND OPEN 2014,OPEN,3,,10137021,DOUGLAS R SPENCER,1844 => 1855 (R),W
27,36TH ANNUAL MARCHAND OPEN 2014,OPEN,4,,13335422,DANIEL FRANK JOHNSTON,1822 => 1955 (R),W
28,SACO OPEN,OPEN,1,,10029121,TROY FRANKLIN,1837 => 1838 (R),W
29,SACO OPEN,OPEN,4,,15029124,DMITRY ALBIN,1879 => 1876 (R),W
30,HARRY NELSON PILLSBURY MEMORIAL,OPEN,2,,13751616,AIDAN SOWA,1888 => 1965 (R),W
31,2013 VERMONT OPEN,OPEN,1,,12605402,ERIC J HUTCHINS,1871 => 1888 (R),W
32,YORK COUNTY OPEN,OPEN,2,,13424483,AARON SPENCER,1894 => 1944 (R),W
33,114TH ANNUAL US OPEN - 2013,OPEN,1,,13423521,ANDREW M GORECTKE,1852 => 1914 (R),W
34,GREATER PROVIDENCE OPEN,1,2,,12477308,FRANK C VOGEL,1803 => 1806 (R),W
35,BLACKSTONE VERNAL VAMP,OPEN,1,,12935065,WARREN MACKENZIE,1867 => 1866 (R),W
36,CMC MASTERS,OPEN,1,,14579330,CALE MCCORMICK,1882 => 1859 (R),W
37,CMC DEC 15 2012,OPEN,1,,14671518,YOON-YOUNG KIM,1845 => 1839 (R),W
38,CMC DEC 8,OPEN,1,,14671518,YOON-YOUNG KIM,1882 => 1845 (R),W
39,BLACKSTONE CHESS ANNIVERSARY VAMP,OPEN,1,,12935065,WARREN MACKENZIE,1887 => 1884 (R),W
40,"AUGUST,04-2012",OPEN,1,,12604411,PAUL J FERREIRA,1802 => 1761 (R),W
41,GREATER PROVIDENCE OPEN,OPEN,3,,12935065,WARREN MACKENZIE,1835 => 1838 (R),W
42,WHITE RIVER OPEN,OPEN,1,,13957393,ARTHUR TANG,1825 => 1841 (R),W
43,WHITE RIVER OPEN,OPEN,2,,12902792,OLIVER CHASE,1870 => 1876 (R),W
44,23RD  ANNUAL VERMONT RESORT OPEN!,OPEN!,1,,12528643,ROBERT GIROUX,1826 => 1836 (R),W
45,23RD  ANNUAL VERMONT RESORT OPEN!,OPEN!,5,,12671728,DAVE FINNERMAN,1845 => 1870 (R),W
46,WINTER RAPIDS,UPPER,3,,12935065,WARREN MACKENZIE,1893 => 1894 (R),W
47,CMC SATURDAY 11-04-2011,OPEN,4,,12684179,RYAN CHIN,1886 => 1892 (R),W
48,OCTOBER OCTADS,FIRST,1,,12935065,WARREN MACKENZIE,1874 => 1898 (R),W
49,19TH NY STATE OPEN!,OPEN!,1,,12902559,DAVE ANTONUCCI JR.,1830 => 1811 (R),W
50,CMC SATURDAY 5-7-2011,OPEN,2,,12710491,JEFFERY S HALL,1889 => 1893 (R),D
51,2011 BERMUDA INTERNATIONAL OPEN,OPEN,1,,12418881,ALLAN HERBERT,1881 => 1909 (R),W
52,GREEN MOUNTAIN OPEN,OPEN,4,,13940256,CHEN QU,1858 => 1883 (R),W
53,2010 U.S. SENIOR OPEN CHESS CHAMPIONSHIP,MAIN,1,,13324945,XUDONG HE,1861 => 1891 (R),W
54,79TH MASSACHUSETTS OPEN,OPEN,2,,13799982,SHRIRANGNATH HAVALE,1884 => 1887 (R),W
55,20TH MASSACHUSETTS G-60 CHAMPIONSHI,OPEN,1,,12497052,MR. DANIEL SHAPIRO,1815 => 1816 (R),W
56,BCF $10 OPEN JAN 2010,OPEN,1,,20114896,JOSHUA HAUNSTRUP,1842 => 1844 (R),W
57,EARLY BIRD RAPID QUADS,QUAD 1,2,,13164465,MAX CHIA-HSIN LU,1807 => 1820 (R),W
58,EARLY BIRD RAPID QUADS,QUAD 1,3,,12846607,ANDREW HOY,1802 => 1791 (R),W
59,69TH NEW ENGLAND OPEN,OPEN,2,,13197575,VIKAS SHIVA,1890 => 1870 (R),W
60,2009 NATIONAL OPEN CHAMPIONSHIP,OPEN,2,,12741569,ERICH SIEBENHAAR,1811 => 1953 (R),W
61,17TH ANNUAL NY STATE OPEN!,OPEN!,1,,12455970,JOHN P LAWLESS,1865 => 1826 (R),W
62,PORTSMOUTH OPEN,OPEN,1,,12108660,KERRY WILLIAM MCDERMOTT,1875 => 1882 (R),W
63,PORTSMOUTH OPEN,OPEN,4,,12476242,KEVIN GRAHAM,1807 => 1827 (R),W
64,ICA SPRING 2009 OPEN CHAMPIONSHIP,S5 >14 ALL,1,,13991672,EYAL KOREN,1819 => 1824 (R),W
65,102ND RHODE ISLAND PAWN EATER,OPEN,1,,12514268,ERIC BERKEY,1853 => 1852 (R),W
66,UCONN DECEMBER OPEN GRAND PRIX,SECTION1,1,,12548125,CURTIS BROWNING,1833 => 1824 (R),W
67,BCC MIR SULTAN KHAN,OPEN,1,,13197575,VIKAS SHIVA,1814 => 1800 (R),W
68,BCC MIR SULTAN KHAN,OPEN,2,,12910964,JAMES LUNG,1854 => 1863 (R),W
69,19TH VERMONT RESORT OPEN!,ALEX'S_OPEN!,1,,12938936,HAIZHOU XU,1862 => 1878 (R),W
70,14TH ANNUAL NY STATE OPEN!,OPEN!,1,,12455970,JOHN P LAWLESS,1878 => 1880 (R),W
71,14TH ANNUAL NY STATE OPEN!,OPEN!,2,,12496329,PHILIP GRANT SELLS,1859 => 1874 (R),W
72,14TH ANNUAL NY STATE OPEN!,OPEN!,5,,12938936,HAIZHOU XU,1808 => 1861 (R),W
73,2006 APRIL NORTHEAST CHESS,OPEN_G-55,1,,12746833,AZAIVIER DAVIS,1807 => 1826 (R),W
74,2005 APRIL NORTHEAST CHESS,OPEN_G-55,1,,12065210,NEIL COUSIN,1861 => 1873 (R),W
75,VERMONT RESORT OPEN,OPEN,2,,12927537,SUBBI SWAMINATHAN,1846 => 1845 (R),W
76,9TH BRADLEY OPEN?!,OPEN?!?,5,,12721790,IAN R HARRIS,1882 => 1898 (R),W
77,VERMONT SPRING OPEN!?,OPEN?!,1,,10120969,DONALD E HERVIEUX,1850 => 1849 (R),W
78,VERMONT SPRING OPEN!?,OPEN?!,2,,10120969,DONALD E HERVIEUX,1850 => 1849 (R),W
79,2004 NORTHEAST CHESS,OPEN_G-55,1,,12726283,JACOB K WAMALA,1825 => 1799 (R),W
80,2004 NORTHEAST CHESS,OPEN_G-55,2,,12780486,BRAD JOHN MYERS,1840 => 1854 (R),W
81,2004 JANUARY NORTHEAST CHESS,OPEN_G-55,2,,12065210,NEIL COUSIN,1843 => 1824 (R),W
82,MCC HOLIDAY SWISS,OPEN,1,,12433459,JOSEPH A FRANCIS,1808 => 1821 (R),W
83,MCC STAN CROWE MEMORIAL,OPEN,1,,12065210,NEIL COUSIN,1848 => 1850 (R),W
84,9TH BOSTON UNIVERSITY OPEN,OPEN,1,,12481292,JOHN P VAUGHAN,1857 => 1891 (R),W
85,1ST FALL PALMER GRANGE OPEN,OPEN,4,,12797861,STEFAN RUDOLF WAGNER,1822 => 1828 (R),W
86,MCC SPRING SWISS,OPEN,1,,12741523,ROBERT LAURIE HARVEY,1844 => 1871 (R),W
87,2003 APRIL NORTHEAST CHESS,OPEN-G_55,1,,10008191,JOHN W MARTIN,1825 => 1830 (R),W
88,13TH VERMONT,OPEN,5,,10052602,JERRY MONDELLO,1849 => 1867 (R),W
89,103RD ANNUAL US OPEN - 2002,OPEN,1,,12748328,RICKY YU,1882 => 1872 (R),W
90,COOL ACTION,,2,,12566507,ERROL SINGH,1890 => 1883 (R),W
91,2ND VERMONT SPRING OPEN!,OPEN,1,,12093440,ALLYN BAIRD KAHN,1866 => 1919 (R),W
92,2ND VERMONT SPRING OPEN!,OPEN,2,,12527442,DANIEL CLARK,1891 => 1890 (R),W
93,MCC SPRING SWISS,OPEN,1,,10540518,ROBERT HUNTINGTON,1884 => 1900 (R),W
94,SAMMOUR CHESS ACADEMY OPEN,OPEN,1,,12671059,BENJAMIN D GOLDBERG,1849 => 1843 (R),W
95,SAMMOUR CHESS ACADEMY OPEN,OPEN,3,,12667367,CHRISTOPHER TOOLIN,1898 => 1953 (R),W
96,MCC SPRING SWISS,OPEN,1,,11369952,ALFRED G WARD,1842 => 1825 (R),W
97,MCC SPRING SWI...N TWO SECTION,OPEN,1,,12430870,EDWARD L ASTRACHAN,1858 => 1808 (R),D
98,6TH STRATTON MOUNTAIN OPEN!,OPEN?!,1,,10346151,PETER STUART ZAAS,1884 => 1861 (R),W
99,6TH STRATTON MOUNTAIN OPEN!,OPEN?!,5,,10037093,THOMAS E HARTMAYER,1858 => 1904 (R),W
100,BLACK IS OK!!,,1,,10089832,CHARLES A REINWALD,1870 => 1844 (R),W
101,ATHOL SUNDAY SERVICES II,OPEN,2,,10004802,LAWRENCE DAVID GLADDING,1850 => 1849 (R),W
102,5TH STRATTON MOUNTAIN OPEN,OPEN,5,,12670737,SHAUN M SMITH,1882 => 1889 (R),W
103,98TH ANNUAL US OPEN - 1997,U.S. OPEN!,1,,12450317,BRYAN E CLIFFORD,1805 => 1857 (R),W
104,97TH ANNUAL US OPEN - 1996,Traditiona,1,,12615199,JAMES B HARE,1869 => 1891 (R),W
105,97TH ANNUAL US OPEN - 1996,Traditiona,6,,12578863,THOMAS EUGENE HARTWIG,1871 => 1953 (R),W
106,TWIN TOWERS OPEN-NHCP,OPEN,2,,12009610,TOM H ELLIOTT JR.,1800 => 1800 (R),W
107,1996 BERMUDA INTERNATIONAL,OPEN,1,,12080940,NIGEL R CHUDLEIGH,1822 => 1849 (R),W
108,19TH NEWTON OPEN,,2,,11211640,ADAM J RUTTENBERG,1885 => 1866 (R),W
109,3RD BUFFALO OPEN,OPEN,1,,10147476,JOSEPH V CHROMIK,1825 => 1830 (R),W
110,1ST SOUTHERN CHESS OPEN,,4,,10174627,GREG VEGA,1829 => 1871 (R),W
111,PACIFIC COAST OPEN,OPEN,1,,12520262,GLENN JOSEPH CARNAHAN,1875 => 1930 (R),W
2,NEW HAVEN COUNTY & MERIDEN CITY CHA,OPEN,1,W,16309063,HENRY MICHAEL BUCZKIEWICZ,1945 => 1914 (R),W
3,1ST RAR OPEN,PREMIER (1600+),1,W,15214147,HOLDEN CHALFANT,1913 => 1945 (R),W
4,1ST RAR OPEN,PREMIER (1600+),2,B,16378663,MR. DHAIRYA M MEHTA,1970 => 1960 (R),W
5,HARRY NELSON PILLSBURY MEMORIAL,OPEN,1,B,14159528,MAXWELL HELLER BENNETT,1940 => 1916 (R),W
6,HARTFORD COUNTY & CITY CHAMPIONSHIP,OPEN,1,B,16956146,KUSHAGRA BHARGAVA,1911 => 1912 (R),W
7,4TH BOSTON ELITE THANKSGIVING FIDE,PREMIER,1,B,16880573,BOHAN WANG,1963 => 1927 (R),W
8,4TH BOSTON ELITE THANKSGIVING FIDE,PREMIER,6,W,16552308,PRAGYAN SRIRAM,1963 => 2014 (R),W
9,WINDHAM COUNTY & WILLIMANTIC CITY C,OPEN,4,W,16956146,KUSHAGRA BHARGAVA,1927 => 1916 (R),W
10,BCF FALL FESTIVAL,OPEN,1,W,15110208,JOHN ARCHIBALD,1984 => 1957 (R),W
11,88TH GREATER BOSTON OPEN,OPEN,1,W,16880573,BOHAN WANG,1982 => 1974 (R),W
12,82ND NEW ENGLAND OPEN,CHAMPIONSHIP,1,B,12533685,ERIN DAME,1979 => 1962 (R),W
13,BOSTON ELITE SUMMER CLASSIC 2023,1_PREMIER,1,B,15826242,JUSTIN Y LI,1936 => 1952 (R),W
14,SPRING FESTIVAL,OPEN,1,B,15383635,KRISHNA SAKETH MUTNURI,1953 => 1955 (R),W
15,9TH QUEEN CITY TORNADO,OPEN,1,B,16552308,PRAGYAN SRIRAM,1940 => 1926 (R),W
16,9TH QUEEN CITY TORNADO,OPEN,2,W,12907963,LUKE PARIGE,1944 => 1955 (R),W
17,9TH QUEEN CITY TORNADO,OPEN,3,B,16435293,CHARLES XIE,1962 => 1977 (R),W
18,CIRCUS & SPECTACLE,OPEN,4,W,13441952,CHASE KNOWLES,1963 => 1982 (R),W
19,87TH GREATER BOSTON OPEN,OPEN,1,B,16471866,OSKAR ZOFFER,1966 => 1969 (R),W
20,71ST NEW HAMPSHIRE OPEN,OPEN,1,W,12311750,MR. DAVID J MCKEE,1900 => 1945 (R),W
21,BOSTON_ELITE_SUMMER_CLASSIC_2022- S,PREMIER,3,B,15842414,ANSH YADAWAD,1947 => 2010 (R),W
22,5TH MASSACHUSETTS SENIOR OPEN,OPEN,1,B,30302734,SERGEY MALININ,1967 => 1856 (R),W
23,5TH MASSACHUSETTS SENIOR OPEN,OPEN,4,W,11493246,MICHAEL PASCETTA,1941 => 1961 (R),W
24,LAURENCE SCHMITT MEMORIAL,OPEN,1,B,15714654,HENRY HE,1971 => 1930 (R),W
25,MASS SENIOR CHAMPIONSHIP 2021,MASS SENIOR CHAMPIONSHIP,1,W,11366805,NATASHA C CHRISTIANSEN,1930 => 1932 (R),W
26,MASS SENIOR CHAMPIONSHIP 2021,MASS SENIOR CHAMPIONSHIP,4,B,11366805,NATASHA C CHRISTIANSEN,1930 => 1932 (R),D
27,BOSTON_ELITE_JUNE_OPEN,OPEN,1,B,15163642,ANANTH RANGAN JR.,1953 => 1911 (R),W
28,7TH QUEEN CITY TORNADO,OPEN,1,B,16379802,RYAN SUN,1975 => 2004 (R),W
29,7TH QUEEN CITY TORNADO,OPEN,4,W,14165680,HARRISON HE,1974 => 2049 (R),D
30,DR DAVID OSTFELD MEMORIAL ICA JAN 2,S7 O >140,1,,12656140,RICHARD H HALLENBECK JR.,1961 => 1960 (R),W
31,4TH MASSACHUSETTS SENIOR OPEN,OPEN,1,B,12454998,STEPHEN GRADIJAN,1948 => 1953 (R),W
32,WESTFORD JUNE ACTION,OPEN,6,W,12487244,CHARLES SLADE,1971 => 2011 (R),W
33,WESTFORD JUNE ACTION,OPEN,10,B,15742464,ERIC Z FENG,1933 => 1953 (R),W
34,WESTFORD JUNE ACTION,OPEN,11,B,15185045,VINEETH R NAREDDY,1922 => 1913 (R),W
35,25TH ANNUAL NORTHEAST OPEN!,MAJOR SECTION!,3,B,16231100,THOMAS Y LI,1937 => 1966 (R),W
36,88TH MASSACHUSETTS OPEN,CHAMPIONSHIP,2,B,14940771,BERNIE XU,1969 => 1974 (R),W
37,2019 BENNINGTON SPRING OPEN,OPEN,2,B,13737462,JONATHAN P KUEHNE,1944 => 1952 (R),W
38,2019 BENNINGTON SPRING OPEN,OPEN,4,B,12536027,GLEN GAUSEWITZ,1914 => 1915 (R),W
39,WESTFORD APRIL OPEN,CHAMPIONSHIP,2,B,12600882,PETER PASHKOV,1995 => 2012 (R),W
40,6TH QUEEN CITY TORNADO,OPEN,1,W,15844061,ALEXANDER MENG,1947 => 1943 (R),W
41,NEW HAMPSHIRE SENIOR CHAMPIONSHIP,CHAMPIONSHIP,2,W,12401616,RAYMOND PAULSON,1988 => 2002 (R),W
42,4TH ANNUAL STAMFORD OPEN!,MAJOR SECTION!,2,B,15473182,ESHAN GUHA,1938 => 1972 (R),W
43,WESTFORD OCTOBER OPEN,CHAMPIONSHIP,2,B,15417630,FRANK PRESTIA,1988 => 1990 (R),W
44,9TH ANNUAL HARTFORD OPEN!,MAJOR SECTION!,3,B,15417630,FRANK PRESTIA,1987 => 1988 (R),W
45,PATRIOT'S DAY OPEN,OPEN,2,W,13784637,DAVID MILLIERN,1920 => 1901 (R),W
46,PORTSMOUTH OPEN,OPEN,1,B,15131158,DEREK CHUBO ZHAO,1938 => 1917 (R),W
47,PORTSMOUTH OPEN,OPEN,4,W,15417630,FRANK PRESTIA,1980 => 2016 (R),W
48,NEW HAMPSHIRE SENIOR CHAMPIONSHIP,CHAMPIONSHIP,2,B,12401616,RAYMOND PAULSON,1966 => 1975 (R),W
49,8TH ANNUAL HARTFORD OPEN,OPEN SECTION!,3,W,14979367,ADI MURGESCU,1940 => 1999 (R),W
50,2ND MASSACHUSETTS SENIOR OPEN,OPEN,1,W,11480977,SCOTT DIDHAM,1970 => 1983 (R),W
51,22ND ANNUAL BRADLEY OPEN!,OPEN SECTION!,3,W,12447193,CHRISTOPHER F POTTS,1928 => 1978 (R),W
52,2ND ANNUAL WORLD OPEN SENIOR,OPEN,1,B,12455718,PETER LERNER,1983 => 1914 (R),W
53,IN MEMORY OF IM DR. DANNY KOPEC,MASTER-EXPERT,1,B,10089387,ALAN LASSER,1996 => 2025 (R),W
54,PORTSMOUTH OPEN,OPEN,3,W,12483576,MR. ALBERT FRENCH,1935 => 1938 (R),W
55,MASSACHUSETTS SENIOR OPEN,OPEN,2,B,10011965,ROGER CAPPALLO,1954 => 1947 (R),W
56,76TH NEW ENGLAND OPEN,CHAMPIONSHIP,1,W,14217413,ERIC FENG,1999 => 2003 (R),W
57,76TH NEW ENGLAND OPEN,CHAMPIONSHIP,5,B,14969622,DANILA POLIANNIKOV,1956 => 2011 (R),W
58,65TH NEW HAMPSHIRE OPEN,OPEN,1,W,14693964,SAULO TORRES,1980 => 1973 (R),W
59,SACO OPEN,OPEN,1,,12890962,NOWELL R SHEINWALD,1985 => 1969 (R),W
60,PORTSMOUTH OPEN,OPEN,1,,13953191,FRIDRIK KARLSSON,1932 => 1939 (R),W
61,74TH NEW ENGLAND OPEN,OPEN,2,,14126252,JORDAN KOVAR,1908 => 1901 (R),W
62,KEENE OPEN,OPEN,2,,12541718,DANIEL R COOPER,1940 => 1961 (R),W
63,KEENE OPEN,OPEN,3,,12003970,MR. CLAY R BRADLEY,1991 => 1986 (R),W
64,22ND ANNUAL NY STATE OPEN!,OPEN!,1,,14360171,JEFFREY SHULLEN SHI,1934 => 1935 (R),W
65,22ND ANNUAL NY STATE OPEN!,OPEN!,5,,12778344,MICHAEL W MOCKLER,1949 => 1986 (R),W
66,36TH ANNUAL MARCHAND OPEN 2014,OPEN,1,,10126959,KENNETH E CHAMBERLAIN,1916 => 1903 (R),W
67,QUEEN CITY TORNADO,OPEN,1,,12533685,ERIN DAME,1942 => 1953 (R),W
68,NEWPORT OPEN,OPEN,4,,13751616,AIDAN SOWA,1965 => 1973 (R),W
69,HARRY NELSON PILLSBURY MEMORIAL,OPEN,1,,12508122,JOSEPH F KELLY,1993 => 1972 (R),W
70,YORK COUNTY OPEN,OPEN,1,,12580744,JOHN GASPAR,1994 => 1987 (R),W
71,SACO OPEN,OPEN,1,,12580744,JOHN GASPAR,1969 => 1951 (R),W
72,CAPITAL CITY OPEN,OPEN,1,,13292602,GABRIEL KATZ,1981 => 1976 (R),W
73,PORTSMOUTH OPEN,OPEN,1,,13734697,GERALD FIELD POTORSKI,1994 => 1981 (R),W
74,PORTSMOUTH OPEN,OPEN,2,,12580744,JOHN GASPAR,1955 => 1964 (R),W
75,NOVEMBER 10,SECTION1,1,,11041400,JOHN MC CAULEY,1968 => 1954 (R),W
76,SEACOAST OPEN,OPEN,1,,11489656,MR. RICHARD J JUDY,1969 => 1968 (R),W
77,"AUGUST,04-2012",OPEN,3,,12710491,JEFFERY S HALL,1906 => 1905 (R),W
78,20TH NY STATE OPEN,OPEN,1,,12401766,JOSEPH G JONES,1922 => 1936 (R),W
79,20TH NY STATE OPEN,OPEN,2,,13312957,PHIL THOMAS,1951 => 1947 (R),W
80,13TH ANNUAL PITTSBURGH OPEN!,OPEN!,1,,13686271,DAVID DONOHOE,1961 => 1945 (R),W
81,EASTERN OPEN WARMUP TOURNEY,OPEN,1,,12477735,STEPHEN M MILLER,1968 => 1950 (R),W
82,PILLSBURY MEMORIAL,OPEN,1,,13157281,MATTHEW E FISHBEIN,1992 => 2014 (R),W
83,YORK COUNTY OPEN,OPEN,1,,10249961,RONALD J BURRIS,1959 => 1986 (R),W
84,YORK COUNTY OPEN,OPEN,2,,12951914,JOSHUA A QUINT,1970 => 1979 (R),W
85,YORK COUNTY OPEN,OPEN,3,,13157281,MATTHEW E FISHBEIN,1977 => 2000 (R),W
86,SEACOAST OPEN,OPEN,3,,11489656,MR. RICHARD J JUDY,1927 => 1935 (R),W
87,19TH NY STATE OPEN!,OPEN!,3,,12550399,DAVID A KOLB,1911 => 1925 (R),W
88,PORTSMOUTH OPEN,OPEN,1,,10034086,BRIAN BAMBROUGH,1925 => 1929 (R),W
89,NATIONAL CHESS CONGRESS,PREMIER,2,,12775194,PETER HESS,1927 => 1933 (R),W
90,PURITY SPRING OPEN,OPEN,1,,12747422,JOHN P ELMORE,1979 => 1989 (R),W
91,PURITY SPRING OPEN,OPEN,3,,12824896,NATHAN A SMITH,1989 => 1998 (R),W
92,PURITY SPRING OPEN,OPEN,4,,12824896,NATHAN A SMITH,1989 => 1998 (R),W
93,GREEN MOUNTAIN OPEN,OPEN,5,,13278421,MAX S VALAU,1953 => 1954 (R),W
94,16TH ANNUAL NORTHEAST OPEN!,OPEN!,2,,13344871,KADHIR ANDRES PILLAI,1949 => 1980 (R),W
95,SEACOAST OPEN,OPEN,1,,12824896,NATHAN A SMITH,1990 => 1999 (R),W
96,EASTERN MAINE CHAMPIONSHIP,CHAMPION,1,,12892478,STEVE ABRAHAMS,1913 => 1929 (R),W
97,EASTERN MAINE CHAMPIONSHIP,CHAMPION,4,,10055431,ANSEL J SCHIFFER,1924 => 1922 (R),W
98,20TH MASSACHUSETTS G-60 CHAMPIONSHI,OPEN,2,,12768127,BENJAMIN SMITH,1917 => 1906 (R),W
99,FREEPORT OPEN,OPEN,1,,12581635,RUBEN BABAYAN,1977 => 1985 (R),W
100,32ND ANNUAL MARCHAND OPEN 2010,OPEN,1,,12550399,DAVID A KOLB,1975 => 1998 (R),W
101,2010 BERMUDA OPEN,BERMUDA OP,2,,10036933,MICHAEL E SOMERS,1968 => 1967 (R),W
102,BLACKSTONE AUTUMN ACTION,OPEN,1,,12400352,WILLIAM SMIRNOV,1985 => 1976 (R),W
103,BLACKSTONE AUTUMN ACTION,OPEN,3,,12742439,RYAN DOUGLAS MCGRADY,1962 => 1992 (R),W
104,17TH ANNUAL NY STATE OPEN!,OPEN!,5,,12496329,PHILIP GRANT SELLS,1914 => 1939 (R),W
105,NASHUA OPEN,OPEN,1,,12824896,NATHAN A SMITH,1942 => 1939 (R),W
106,MANCHESTER DECEMBER SWISS,OPEN,1,,10315646,JOHN R PHYTHYON SR.,1901 => 1905 (R),W
107,MANCHESTER DECEMBER SWISS,OPEN,2,,10092990,ROGER E. PEDERSEN,1935 => 1930 (R),W
108,SOUTHERN NEW HAMPSHIRE OPEN,OPEN,1,,12747422,JOHN P ELMORE,1969 => 1981 (R),W
109,SOUTHERN NEW HAMPSHIRE OPEN,OPEN,4,,12824896,NATHAN A SMITH,1949 => 1961 (R),W
110,UCONN SEPT.OPEN GRAND PRIX 2008,SECTION1,1,,12139250,MARK R BOURQUE,1941 => 1958 (R),W
111,UCONN SEPT.OPEN GRAND PRIX 2008,SECTION1,2,,12655562,SARATHI DANIEL (1761) VS. RAY RAY,1991 => 1993 (R),W
112,UCONN JUNE OPEN GRAND PRIX,SECTION1,1,,10027977,DOUGLAS FISKE,1947 => 1943 (R),W
113,2008 BERMUDA INTERNATIONAL,OPEN,1,,12634468,BORIS IRIARTE,1906 => 1920 (R),W
114,19TH VERMONT RESORT OPEN!,ALEX'S_OPEN!,2,,12536027,GLEN GAUSEWITZ,1931 => 1901 (R),W
115,29TH ANNUAL MARCHAND OPEN 2007,OPEN,1,,12668316,DOUG STENCLIK,1997 => 2005 (R),W
116,33RD ANNUAL EASTERN OPEN,OPEN,5,,12820690,SCOTT TIMOTHY LOW,1951 => 2036 (R),W
117,88TH RHODE ISLAND PAWN EATER,OPEN,1,,12847309,JOSEPH VYGODER,1928 => 1932 (R),W
118,88TH RHODE ISLAND PAWN EATER,OPEN,4,,10017734,STEPHEN BRUDNO,1954 => 1968 (R),W
119,18TH VERMONT RESORT OPEN!,OPEN!,1,,12536027,GLEN GAUSEWITZ,1949 => 1937 (R),W
120,18TH VERMONT RESORT OPEN!,OPEN!,4,,12840960,MAXWELL SCHWARTZ,1931 => 1959 (R),W
121,56TH NEW HAMPSHIRE OPEN,OPEN,1,,10333768,MARK A CONNER,1984 => 1985 (R),W
122,2006 JUNE NORTHEAST CHESS,G55,2,,12490333,MICHAEL D ODELL,1963 => 1959 (R),W
123,2006 JUNE NORTHEAST CHESS,G55,3,,10017734,STEPHEN BRUDNO,1922 => 1918 (R),W
124,2006 JUNE NORTHEAST CHESS,G55,4,,12796888,JAMES O DICKSON,1942 => 1951 (R),W
125,2006 RHODE ISLAND CHAMPIONSHIP,OPEN,1,,12617542,JARED BECKER,1953 => 1972 (R),W
126,2006 APRIL NORTHEAST CHESS,OPEN_G-55,4,,12617542,JARED BECKER,1947 => 1945 (R),W
127,2006 MARCH NORTHEAST CHESS,OPEN_G-55,4,,12617542,JARED BECKER,1940 => 1956 (R),W
128,11TH GREEN MOUINTAIN OPEN!,OPEN!,1,,13257816,DANIEL PAPINEAU,1924 => 1898 (R),W
129,2005 RHODE ISLAND STATE CHAMPIONSHI,OPEN,4,,12025170,JAMES A DELLA-SELVA,1973 => 2056 (R),W
130,WMCA SCHOLASTIC CHAMPIONSHIP,OPEN,3,,12726283,JACOB K WAMALA,1967 => 1970 (R),W
131,2004 SEPTEMBER NORTHEAST CHESS,OPEN_G-55,2,,12726283,JACOB K WAMALA,1903 => 1883 (R),W
132,2004 SEPTEMBER NORTHEAST CHESS,OPEN_G-55,3,,10017734,STEPHEN BRUDNO,1943 => 1953 (R),W
133,VERMONT RESORT OPEN,OPEN,4,,12877423,ASHOK AARON,1973 => 2010 (R),L
134,VERMONT SPRING OPEN!?,OPEN?!,4,,10108730,DENNIS W DAWLEY,1977 => 1980 (R),W
135,NORTHEAST CHESS SPRING GETAWAY,OPEN,1,,12599991,LANNY DI BARTOLOMEO,1996 => 1981 (R),W
136,2004 JANUARY NORTHEAST CHESS,OPEN_G-55,3,,10017734,STEPHEN BRUDNO,1915 => 1924 (R),W
137,MCC STAN CROWE MEMORIAL,OPEN,3,,12401039,DEREK C SLATER,1990 => 2010 (R),W
138,MCC HALLOWEEN SWISS,OPEN,1,,12812188,WALTER SMITH,1933 => 1935 (R),W
139,1ST FALL PALMER GRANGE OPEN,OPEN,1,,12601265,SEAN TOBIN,1928 => 1929 (R),W
140,1ST FALL PALMER GRANGE OPEN,OPEN,2,,12536027,GLEN GAUSEWITZ,1938 => 1951 (R),W
141,8TH BRADLEY OPEN!,OPEN,2,,12634354,JASON STUART SPECTOR,1946 => 1948 (R),W
142,2003 APRIL NORTHEAST CHESS,OPEN-G_55,2,,12132310,TREVOR DE KOEKKOEK,1923 => 1926 (R),W
143,2003 APRIL NORTHEAST CHESS,OPEN-G_55,4,,12003970,MR. CLAY R BRADLEY,1990 => 2000 (R),W
144,"25TH NEWTON OPEN $3,000 CHESS",1,1,,10011191,ARTHUR P NUGENT,1914 => 1900 (R),W
145,103RD ANNUAL US OPEN - 2002,OPEN,7,,12704082,HERMENEGILDO DUHAYLUNGSOD JR.,1905 => 2011 (R),W
146,NYS GAME/45 CHAMPIONSHIP!,OPEN,1,,12718502,MAKSIM GRINMAN,1983 => 1986 (R),W
147,SAMMOUR CHESS ACADEMY OPEN,OPEN,2,,12533451,CARLOS AVALOS,1952 => 1953 (R),W
148,2000 PILLSBURY MEMORIAL,OPEN,2,,12694870,MAX ENKIN,1962 => 1989 (R),W
149,11TH VERMONT RESORT OPEN,OPEN,1,,12495279,BRUCE D STEFFEK,1995 => 2011 (R),W
150,MCC SPRING SWISS,OPEN,2,,10132797,GEORGE MULLEN,1948 => 1880 (R),W
151,24TH QUEEN CITY OPEN,OPEN,1,,10402204,RICHARD SANSING,1995 => 1995 (R),W
152,5TH ANNUAL BOSTON UNIVERSITY O,OPEN,1,,12532213,JOHN GUZMAN,1931 => 1935 (R),W
153,4TH ANNUAL BRADLEY OPEN!,OPEN,1,,12577058,HENRY G DOVE,1966 => 1932 (R),W
154,6TH STRATTON MOUNTAIN OPEN!,OPEN?!,2,,12650545,ALEXANDER D BOCCIO,1959 => 1984 (R),W
155,ASIAN-AMERICAN,GRAND PRIX,1,,11095461,DAVID A COLLINS,1915 => 2029 (R),L
156,5TH STRATTON MOUNTAIN OPEN,OPEN,1,,12568051,ZIM LINCOLN PICKENS,1987 => 1949 (R),W
157,5TH STRATTON MOUNTAIN OPEN,OPEN,3,,10108730,DENNIS W DAWLEY,1989 => 1992 (R),W
158,22ND QUEEN CITY OPEN,OPEN,4,,11065147,MICHAEL W BELLOWS,1997 => 2016 (R),W
159,THE JOHN CURDO OPEN,1,3,,20016388,MICHAEL HENROID,1938 => 1949 (R),W
160,4TH NY STATE OPEN,OPEN,1,,12553018,ALEX EYDELMAN,1997 => 2013 (R),W
161,4TH STRATTON MOUNTAIN OPEN,OPEN,1,,12432059,PAUL A MISHKIN,1987 => 1990 (R),W
162,DENNIS BARRY GRAND PRIX,1,1,,10577748,EDWARD MCGIVERN,1900 => 1900 (R),W
163,VIKING ACTION G/30 GRAND PRIX,1,1,,12456149,WILLIAM G MANEKAS,1958 => 1946 (R),W
164,4TH ANNUAL NYS ACTION CHAMPION,,3,,10125472,ALAN LECOURS,1992 => 2006 (R),W
165,3RD ANNUAL NY STATE OPEN,OPEN,1,,10124743,DR. CRAIG W FISHER,1995 => 1973 (R),W
166,1995 BERMUDA INTERNATIONAL OPE,,1,,12643847,ARON KOKJE,1911 => 1927 (R),W
167,1ST SOUTHERN CHESS OPEN,,2,,12538081,MICHAEL K NIEVES,1965 => 1985 (R),W
168,94TH ANNUAL US OPEN - 1993,,1,,20000169,BENJAMIN JOHNSON,1994 => 2006 (R),W
169,94TH ANNUAL US OPEN - 1993,,3,,10296684,MICHAEL SKIDMORE,1933 => 1951 (R),W
170,1993 FUN FEST,OPEN,1,,12056900,MARK E ZAREMBA,1914 => 1899 (R),W
171,8TH CAPITAL DISTRICT OPEN,,1,,12113020,ROBERT STEIN,1900 => 1900 (R),W
172,J SPARKS 3RD NEW ENGLAND ACTIO,,1,,12395821,JAMES P MARTIN,1925 => 1930 (R),W
173,7TH CAPITAL DISTRICT OPEN,,1,,10611547,PETER HENNER,1977 => 1938 (R),W
2,12TH ANNUAL BOSTON CHESS CONGRESS!,PREMIER SECTION!,2,B,13885980,JAY KRISHNA YALAMANCHILI,2038 => 2019 (R),W
3,NEW HAVEN COUNTY & MERIDEN CITY CHA,OPEN,2,B,17159983,CHENXUAN LING,2058 => 2070 (R),D
4,1ST RAR OPEN,PREMIER (1600+),4,B,13424483,AARON SPENCER,2082 => 2082 (R),W
5,HARRY NELSON PILLSBURY MEMORIAL,OPEN,2,W,15922026,FRANKLIN PHILLIP LEWIS,2028 => 2001 (R),W
6,HARTFORD COUNTY & CITY CHAMPIONSHIP,OPEN,2,W,15588925,MAX INGARGIOLA,2012 => 2028 (R),W
7,4TH BOSTON ELITE THANKSGIVING FIDE,PREMIER,2,W,15610873,MICHAEL UWAKWE,2038 => 1997 (R),W
8,WINDHAM COUNTY & WILLIMANTIC CITY C,OPEN,2,W,12686352,JOSEPH BIHLMEYER,2020 => 2030 (R),W
9,OCEAN STATE CHESS PREMIER OPEN CHAMPIONSHIP,OPEN,3,B,15610873,MICHAEL UWAKWE,2043 => 2053 (R),W
10,88TH GREATER BOSTON OPEN,OPEN,2,B,13424483,AARON SPENCER,2093 => 2087 (R),W
11,82ND NEW ENGLAND OPEN,CHAMPIONSHIP,2,W,16429310,DATTASAI KILARI,2069 => 2089 (R),W
12,53RD ANNUAL CONTINENTAL OPEN!,PREMIER SECTION!,2,W,16059461,STEPHEN YE,2019 => 2044 (R),W
13,BOSTON ELITE SUMMER CLASSIC 2023,1_PREMIER,2,W,14958088,DAVID KATSMAN,2029 => 2032 (R),W
14,BOSTON ELITE SUMMER CLASSIC 2023,1_PREMIER,3,B,12911462,ISAAC STEINCAMP,2086 => 2136 (R),D
15,91ST MASSACHUSETTS OPEN,CHAMPIONSHIP,1,B,15486461,RYAN WANG,2093 => 2080 (R),W
16,31ST MASSACHUSETTS G/60 CHAMPIONSHIP,CHAMPIONSHIP,1,B,16584243,VIHAAN JAIN,2091 => 2074 (R),W
17,31ST MASSACHUSETTS G/60 CHAMPIONSHIP,CHAMPIONSHIP,2,W,16471866,OSKAR ZOFFER,2021 => 2028 (R),W
18,SPRING FESTIVAL,OPEN,2,W,15842414,ANSH YADAWAD,2031 => 2053 (R),W
19,11TH ANNUAL BOSTON CHESS CONGRESS!,PREMIER SECTION!,2,B,20021879,JOEL HANKS,2010 => 2008 (R),W
20,3RD_BOSTON_ELITE_THANKSGIVING_OPEN_,1_PREMIER__FIDE_,5,W,15486461,RYAN WANG,2065 => 2072 (R),W
21,CIRCUS & SPECTACLE,OPEN,2,W,15486461,RYAN WANG,2087 => 2065 (R),W
22,71ST NEW HAMPSHIRE OPEN,OPEN,2,B,14343251,AASHISH WELLING,2031 => 2043 (R),W
23,81ST NEW ENGLAND OPEN,CHAMPIONSHIP,1,W,16584243,VIHAAN JAIN,2022 => 2010 (R),W
24,BOSTON_ELITE_SUMMER_CLASSIC_2022- S,PREMIER,1,B,14940771,BERNIE XU,2066 => 2057 (R),W
25,BOSTON_ELITE_SUMMER_CLASSIC_2022- S,PREMIER,5,B,10146712,J TIMOTHY SAGE,2096 => 2138 (R),W
26,90TH MASSACHUSETTS OPEN,CHAMPIONSHIP,1,W,15486461,RYAN WANG,2070 => 2048 (R),W
27,30TH ANNUAL EASTERN CLASS!,MASTERS!,2,W,16629562,ABEL KOLAWALE SOYOYE,2091 => 2044 (R),W
28,10TH ANNUAL BOSTON CHESS CONGRESS,PREMIER SECTION,2,B,16377701,JASMINE ZHIXIN SU,2051 => 2095 (R),W
29,HARRY NELSON PILLSBURY MEMORIAL,OPEN,1,W,13424483,AARON SPENCER,2019 => 2041 (R),D
30,2ND BOSTON ELITE THANKSGIVING OPEN,PREMIER,1,B,15844061,ALEXANDER MENG,2010 => 1983 (R),W
31,2ND BOSTON ELITE THANKSGIVING OPEN,PREMIER,2,W,16425212,WEIJIE LI,2091 => 2076 (R),W
32,5TH MASSACHUSETTS SENIOR OPEN,OPEN,2,W,12686352,JOSEPH BIHLMEYER,2042 => 2034 (R),W
33,5TH MASSACHUSETTS SENIOR OPEN,OPEN,3,B,10120560,MICHAEL P CAREY,2053 => 2092 (R),D
34,89TH MASSACHUSETTS OPEN,CHAMPIONSHIP,1,B,15794580,JOAQUIN A. CARLSON,2051 => 2121 (R),W
35,80TH NEW ENGLAND OPEN,CHAMPIONSHIP,1,B,15194137,DAVID TIANYI ZHOU,2002 => 2003 (R),W
36,80TH NEW ENGLAND OPEN,CHAMPIONSHIP,2,W,14940771,BERNIE XU,2082 => 2059 (R),W
37,LAURENCE SCHMITT MEMORIAL,OPEN,2,W,13744248,ZUBIN M BALIGA,2060 => 2087 (R),W
38,BOSTON_ELITE_JUNE_OPEN,OPEN,2,W,10120560,MICHAEL P CAREY,2062 => 2056 (R),W
39,7TH QUEEN CITY TORNADO,OPEN,2,W,12747422,JOHN P ELMORE,2059 => 2048 (R),W
40,8TH ANNUAL BOSTON CHESS CONGRESS!,PREMIER SECTION!,1,B,15672597,PRESTON C DELEO,2030 => 2043 (R),W
41,HARRY NELSON PILLSBURY MEMORIAL,OPEN,1,W,12600882,PETER PASHKOV,2022 => 2028 (R),W
42,BOSTON ELITE THANKSGIVING OPEN,MASTER,1,B,15482577,JACK CHENG,2037 => 2047 (R),W
43,5TH ANNUAL STAMFORD OPEN!,MAJOR SECTION!,1,B,14763433,CHARLES HUA,2059 => 2059 (R),W
44,WESTFORD OCTOBER OPEN,CHAMPIONSHIP,1,W,14940771,BERNIE XU,2078 => 2067 (R),W
45,10TH ANNUAL HARTFORD OPEN!,MAJOR SECTION!,1,W,16201507,CAYDEN YANG,2071 => 2038 (R),W
46,4TH MASSACHUSETTS SENIOR OPEN,OPEN,2,W,10031443,MATTHEW DEREK MEREDITH,2091 => 2086 (R),W
47,79TH NEW ENGLAND OPEN,CHAMPIONSHIP,1,B,12497363,LIBARDO RUEDA,2069 => 2076 (R),W
48,24TH BRADLEY OPEN,MAJOR,1,B,15482577,JACK CHENG,2004 => 2007 (R),D
49,24TH BRADLEY OPEN,MAJOR,3,B,16056387,RYAN CHEUNG,2094 => 2102 (R),W
50,WESTFORD JULY OPEN,CHAMPIONSHIP,1,W,12600882,PETER PASHKOV,2038 => 2048 (R),W
51,WESTFORD JUNE ACTION,OPEN,8,B,15531186,KEVIN JAMES HASS,2076 => 2076 (R),W
52,25TH ANNUAL NORTHEAST OPEN!,MAJOR SECTION!,4,B,15933472,PARDHAV CHAKKA,2017 => 2076 (R),W
53,88TH MASSACHUSETTS OPEN,CHAMPIONSHIP,3,W,14581805,ALEX YU,2083 => 2085 (R),W
54,29TH MASSACHUSETTS G/60 CHAMPIONSHIP,OPEN,4,W,13679247,ANTON BARASH,2066 => 2083 (R),W
55,WESTFORD APRIL OPEN,CHAMPIONSHIP,1,W,10773571,KENNETH PATRICK THOMAS,2069 => 2095 (R),D
56,THE MODERN CHESS CONCEPTIONS CLASSIC,CHAMPIONSHIP,4,B,15256685,IAN W DUDLEY,2072 => 2099 (R),W
57,WN 2019 ST PATRICK'S DAY OPEN,OPEN,1,B,10011191,ARTHUR P NUGENT,2000 => 2000 (R),W
58,WN 2019 ST PATRICK'S DAY OPEN,OPEN,2,W,12600882,PETER PASHKOV,2009 => 2018 (R),W
59,WN 2019 ST PATRICK'S DAY OPEN,OPEN,5,B,15039926,NICHOLAS BELOUS,2053 => 2039 (R),W
60,6TH QUEEN CITY TORNADO,OPEN,2,B,15531186,KEVIN JAMES HASS,2051 => 2066 (R),W
61,BCF POLAR VORTEX GRAND PIRX,OPEN,1,W,15531186,KEVIN JAMES HASS,2045 => 2050 (R),W
62,BCF POLAR VORTEX GRAND PIRX,OPEN,4,B,12534712,ALAN CURTIS PRICE,2085 => 2103 (R),W
63,NEW HAMPSHIRE SENIOR CHAMPIONSHIP,CHAMPIONSHIP,3,B,12481292,JOHN P VAUGHAN,2075 => 2064 (R),W
64,WESTFORD OCTOBER OPEN,CHAMPIONSHIP,1,W,15200352,DEREK JIN,2040 => 2035 (R),W
65,PATRIOT'S DAY OPEN,OPEN,1,B,13744248,ZUBIN M BALIGA,2034 => 2049 (R),W
66,5TH QUEEN CITY TORNADO,OPEN,1,W,13734697,GERALD FIELD POTORSKI,2039 => 2002 (R),W
67,5TH QUEEN CITY TORNADO,OPEN,2,B,10025796,ALAN P SCHALK,2016 => 2000 (R),W
68,5TH QUEEN CITY TORNADO,OPEN,4,B,10024650,S JEFFREY AMES,2038 => 2059 (R),W
69,LAND OF THE SKY XXXI,OPEN,1,W,12809073,JOSHUA LAWSON,2098 => 2112 (R),W
70,PORTSMOUTH OPEN,OPEN,3,B,15391332,JERRY LI,2092 => 2109 (R),W
71,GREATER PHILADELPHIA WEEKEND OPEN,PREMIER,1,W,15582857,NOAH HENRY THOMFORDE-TOATES,2018 => 2033 (R),W
72,3RD ANNUAL STAMFORD OPEN!,OPEN SECTION!,4,W,10036917,HANON RUSSELL,2035 => 2082 (R),W
73,2017 BANGOR OPEN,OPEN,3,W,13424483,AARON SPENCER,2048 => 2058 (R),W
74,8TH ANNUAL HARTFORD OPEN,OPEN SECTION!,1,W,12842832,DAVID CAMPBELL,2055 => 2047 (R),W
75,8TH ANNUAL HARTFORD OPEN,OPEN SECTION!,5,W,15264313,JASON LU,2078 => 2108 (R),W
76,2ND MASSACHUSETTS SENIOR OPEN,OPEN,2,B,10120560,MICHAEL P CAREY,2066 => 2073 (R),W
77,77TH NEW ENGLAND OPEN,CHAMPIONSHIP,1,W,15418978,ALAN SONG,2062 => 2065 (R),W
78,77TH NEW ENGLAND OPEN,CHAMPIONSHIP,4,B,10120560,MICHAEL P CAREY,2070 => 2066 (R),W
79,PETER HENNER MEMORIAL,PREMIER SECTION!,1,B,12898664,RICHARD SKINNELL,2023 => 1980 (R),W
80,22ND ANNUAL BRADLEY OPEN!,OPEN SECTION!,5,B,14760736,BRANDON WANG,2094 => 2116 (R),W
81,2ND ANNUAL WORLD OPEN SENIOR,OPEN,4,W,12663746,BORIS A KLYASHCHITSKY,2005 => 2029 (R),W
82,26TH ANNUAL EASTERN CLASS CHAMPS,MASTER,1,W,15466232,LIRAN ZHOU,2097 => 2101 (R),W
83,27TH MASSACHUSETTS G/60 CHAMPIONSHIP,OPEN,1,W,15391332,JERRY LI,2099 => 2084 (R),W
84,2017 SACO OPEN,OPEN,2,B,13424483,AARON SPENCER,2067 => 2066 (R),W
85,PORTSMOUTH OPEN,OPEN,1,W,12533685,ERIN DAME,2026 => 2025 (R),W
86,PORTSMOUTH OPEN,OPEN,4,B,12747422,JOHN P ELMORE,2052 => 2062 (R),W
87,BACK BAY OPEN,CHAMPIONSHIP,1,B,12430870,EDWARD L ASTRACHAN,2027 => 2015 (R),W
88,HARRY NELSON PILLSBURY MEMORIAL,OPEN,1,,12740982,MUHARREM BRAHIMAJ,2053 => 2041 (R),W
89,BCF FALL FIDE FESTIVAL,OPEN,1,B,14969622,DANILA POLIANNIKOV,2062 => 2075 (R),W
90,83RD GREATER BOSTON OPEN,OPEN,1,W,12740982,MUHARREM BRAHIMAJ,2059 => 2071 (R),W
91,2016 RENO WESTERN STATES OPEN,OPEN,1,B,12590173,PAUL BARTRON,2055 => 2051 (R),W
92,21ST BRADLEY OPEN,OPEN,4,W,14760736,BRANDON WANG,2006 => 2115 (R),L
93,SACO OPEN,OPEN,1,W,14361257,SURAJ RAMANATHAN,2059 => 2052 (R),W
94,2016 U.S. SENIOR OPEN CHESS CHAMPIONSHIP,SENIOR OPEN,2,B,10378885,GLENN RUIZ,2000 => 2011 (R),W
95,2016 U.S. SENIOR OPEN CHESS CHAMPIONSHIP,SENIOR OPEN,5,W,12789353,LEONID BONDAR,2011 => 2004 (R),W
96,85TH MASSACHUSETTS OPEN,CHAMPIONSHIP,3,W,14581805,ALEX YU,2000 => 1996 (R),W
97,26TH MASSACHUSETTS G/60 CHAMPIONSHIP,OPEN,1,W,12686352,JOSEPH BIHLMEYER,2082 => 2088 (R),W
98,NEW ENGLAND MASTERS,MASTERS,3,,15375944,FRANK KROELL,2023 => 2038 (R),W
99,PORTSMOUTH OPEN,OPEN,2,B,13751616,AIDAN SOWA,2041 => 2045 (R),W
100,HARRY NELSON PILLSBURY MEMORIAL,OPEN,1,W,12761163,JARROD M TAVARES,2075 => 2065 (R),W
101,82ND GREATER BOSTON OPEN,OPEN,1,W,10481376,ALONZO H ROSS,2018 => 1995 (R),W
102,65TH NEW HAMPSHIRE OPEN,OPEN,2,B,14343251,AASHISH WELLING,2066 => 2081 (R),W
103,2015 U.S. SENIOR OPEN CHESS CHAMPIONSHIP,OPEN,2,,10321948,JOHN DOWLING,2041 => 2049 (R),W
104,2015 U.S. SENIOR OPEN CHESS CHAMPIONSHIP,OPEN,6,,10266696,JAMES R VOELKER,2084 => 2136 (R),W
105,BURLINGTON OPEN,OPEN,1,,12520079,MATTHEW A GILBERT,2071 => 2053 (R),W
106,SACO OPEN,OPEN,4,,15503925,SERGIO B MEJIA,2003 => 2032 (R),W
107,HARRY NELSON PILLSBURY MEMORIAL,OPEN,1,,10011191,ARTHUR P NUGENT,2013 => 2008 (R),W
108,81ST GREATER BOSTON OPEN,OPEN,1,,13751622,RYAN SOWA,2083 => 2081 (R),W
109,2014 RENO WESTERN STATES OPEN CHESS,OPEN,1,,12457085,ED COHEN,2073 => 2077 (R),W
110,PORTSMOUTH OPEN,OPEN,1,,13957393,ARTHUR TANG,2054 => 2041 (R),W
111,22ND ANNUAL NY STATE OPEN!,OPEN!,2,,12830034,JEREMY BERMAN,2025 => 2032 (R),W
112,QUEEN CITY TORNADO,OPEN,2,,13957393,ARTHUR TANG,2074 => 2071 (R),W
113,SACO OPEN,OPEN,2,,13957393,ARTHUR TANG,2038 => 2036 (R),W
114,40TH EASTERN OPEN,OPEN,1,,12709705,DAVID THAXTON,2018 => 2064 (R),W
115,NEWPORT OPEN,OPEN,1,,13957393,ARTHUR TANG,2036 => 2038 (R),W
116,HARRY NELSON PILLSBURY MEMORIAL,OPEN,4,,13492147,MR. LUIS BAEZ,2015 => 2026 (R),W
117,HARTFORD OPEN,OPEN,1,,10036917,HANON RUSSELL,2069 => 2053 (R),W
118,2013 VERMONT OPEN,OPEN,2,,10126797,DEAN W HOWARD,2014 => 2000 (R),W
119,2013 VERMONT OPEN,OPEN,3,,12617542,JARED BECKER,2021 => 2038 (R),W
120,BLACKSTONE CHESS FESTIVAL,OPEN,1,,12489241,DAVID J HARRIS,2040 => 2056 (R),W
121,BLACKSTONE CHESS FESTIVAL,OPEN,5,,12400352,WILLIAM SMIRNOV,2038 => 2032 (R),W
122,114TH ANNUAL US OPEN - 2013,OPEN,2,,13364235,KEVIN BELL CHEN,2029 => 2034 (R),W
123,114TH ANNUAL US OPEN - 2013,OPEN,8,,13858335,ANDY CHEN,2051 => 2071 (R),W
124,NASHUA OPEN,OPEN,1,,12748218,SHERIF KHATER,2082 => 2095 (R),W
125,GREATER PROVIDENCE OPEN,1,3,,12489241,DAVID J HARRIS,2060 => 2059 (R),W
126,63RD NEW HAMPSHIRE OPEN,CHAMP,1,,12748218,SHERIF KHATER,2085 => 2082 (R),W
127,SACO OPEN,OPEN,4,,12951914,JOSHUA A QUINT,2023 => 2034 (R),W
128,2013 RENO LARRY EVANS MEMORIAL,OPEN,1,,10509173,DAVID RUPEL,2071 => 2075 (R),W
129,CAPITAL CITY OPEN,OPEN,4,,12815370,ISAAC SAIDEL-GOLEY,2070 => 2074 (R),W
130,PORTSMOUTH OPEN,OPEN,4,,10025796,ALAN P SCHALK,2028 => 2026 (R),W
131,CMC DEC 8,OPEN,2,,12657383,JOSHUA S MARCUS,2062 => 2060 (R),W
132,HARRY NELSON PILLSBURY MEMORIAL,OPEN,1,,10146712,J TIMOTHY SAGE,2079 => 2080 (R),W
133,BLACKSTONE CHESS ANNIVERSARY VAMP,OPEN,3,,12400352,WILLIAM SMIRNOV,2075 => 2084 (R),W
134,SEACOAST OPEN,OPEN,4,,12747422,JOHN P ELMORE,2057 => 2068 (R),W
135,HARTFORD OPEN,OPEN,4,,13607663,ALEXANDER J CRUMP,2095 => 2097 (R),W
136,HARTFORD OPEN,OPEN,5,,12757866,VINAY DOMA,2053 => 2057 (R),W
137,"JULY,21,2012",OPEN,4,,13206647,SIDDHARTH ARUN,2066 => 2076 (R),W
138,NEW HAMPSHIRE OPEN,CHAMP,1,,12748218,SHERIF KHATER,2070 => 2080 (R),W
139,MASSACHUSETTS G-60 CHAMPIONSHIP,OPEN,2,,12911474,JACOB N FAUMAN,2047 => 2120 (R),W
140,2012 RENO LARRY EVANS MEMORIAL,OPEN,1,,10448816,CRAIG R ANDERSON,2098 => 2121 (R),W
141,LAND OF THE SKY XXV,OPEN,2,B,14099361,TIANQI WANG,2066 => 2071 (R),D
142,CMC SATURDAY ACTION SNOWSTORM,OPEN,4,,12400352,WILLIAM SMIRNOV,2035 => 2044 (R),W
143,BLACKSTONE NEW YEAR OPEN,OPEN,1,,12400352,WILLIAM SMIRNOV,2034 => 2035 (R),W
144,PORTSMOUTH OPEN,OPEN,1,,13157281,MATTHEW E FISHBEIN,2085 => 2087 (R),W
145,PORTSMOUTH OPEN,OPEN,4,,12758264,TED BELANOFF,2074 => 2095 (R),W
146,DECEMBER DERBY,OPEN,1,,12489241,DAVID J HARRIS,2095 => 2087 (R),W
147,DECEMBER DERBY,OPEN,3,,12758264,TED BELANOFF,2082 => 2090 (R),W
148,NEW ENGLAND SENIOR OPEN!,GM SWEEP!,2,,10036917,HANON RUSSELL,2034 => 2022 (R),W
149,OCTOBER OCTADS,FIRST,2,,12025170,JAMES A DELLA-SELVA,2043 => 2045 (R),W
150,CMC SAT 10-1-2011,OPEN,4,,14725276,ERDENETULGA RENTSEN,2055 => 2176 (R),W
151,YORK COUNTY OPEN,OPEN,4,,12747422,JOHN P ELMORE,2078 => 2081 (R),W
152,16TH ANNUAL BRADLEY OPEN!,OPEN!,2,,14465662,ROBERT BAGDASARYAN,2026 => 2045 (R),W
153,CMC SATURDAY 7-2-2011,OPEN,1,,12657383,JOSHUA S MARCUS,2045 => 2040 (R),W
154,CMC SATURDAY 7-2-2011,OPEN,4,,12910964,JAMES LUNG,2098 => 2088 (R),W
155,SEACOAST OPEN,OPEN,1,,10025796,ALAN P SCHALK,2094 => 2097 (R),W
156,CMC SATURDAY SWISS,OPEN,1,,12400352,WILLIAM SMIRNOV,2033 => 2026 (R),W
157,19TH NY STATE OPEN!,OPEN!,4,,13031541,PATRICK CHI,2081 => 2077 (R),W
158,WHITE RIVER OPEN,OPEN,1,,12003970,MR. CLAY R BRADLEY,2037 => 2022 (R),W
159,PORTSMOUTH OPEN,OPEN,2,,12748218,SHERIF KHATER,2097 => 2118 (R),W
160,GREEN MOUNTAIN OPEN,OPEN,1,,13987660,ANDREW LIU,2008 => 2009 (R),W
161,2010 U.S. SENIOR OPEN CHESS CHAMPIONSHIP,MAIN,2,,10232759,CHARLES W MUSGROVE,2071 => 2060 (R),W
162,15TH ANNUAL BRADLEY OPEN!,OPEN!,1,,12882051,DANIEL CLANCY,2094 => 2077 (R),W
163,CONNECTICUT STATE CHAMPIONSHIP,OPEN,1,,13722590,GRANT Y XU,2064 => 2061 (R),W
164,CONNECTICUT STATE CHAMPIONSHIP,OPEN,4,,14440620,SIVASANKAR BALAKUMAR,2035 => 2159 (R),W
165,VERMONT SPRING OPEN,OPEN,1,,13031541,PATRICK CHI,2011 => 2017 (R),W
166,VERMONT SPRING OPEN,OPEN,4,,12655562,SARATHI DANIEL (1761) VS. RAY RAY,2086 => 2079 (R),W
167,SEACOAST OPEN,OPEN,4,,10025796,ALAN P SCHALK,2085 => 2092 (R),W
168,PHILADELPHIA OPEN,OPEN,1,,13009966,DANIEL  FRIEL LEACH III,2046 => 2070 (R),W
169,32ND ANNUAL MARCHAND OPEN 2010,OPEN,4,,14324548,PETER LEVERMORE,2070 => 2082 (R),W
170,LAND OF THE SKY XXIII,OPEN,1,,11489052,RENE W PHILLIPS,2028 => 2031 (R),W
171,PORTSMOUTH OPEN,OPEN,1,,13722590,GRANT Y XU,2064 => 2060 (R),W
172,BCF $10 OPEN JAN 2010,OPEN,2,,14241298,ZONGYUAN YUAN,2081 => 2089 (R),W
173,HARRY LYMAN MEMORIAL,OPEN,1,,14241298,ZONGYUAN YUAN,2076 => 2085 (R),W
174,1ST SAINT NICK SWISS,OPEN,1,,12873131,YOGESH RAGHUNATHAN,2046 => 2052 (R),W
175,BCF $10 OPEN,OPEN,1,,10011191,ARTHUR P NUGENT,2000 => 2000 (R),W
176,BLACKSTONE AUTUMN ACTION,OPEN,2,,12489241,DAVID J HARRIS,2074 => 2082 (R),W
177,3RD ELI BOURDON MEMORIAL,OPEN,3,,10031443,MATTHEW DEREK MEREDITH,2040 => 2045 (R),W
178,69TH NEW ENGLAND OPEN,OPEN,1,,12003970,MR. CLAY R BRADLEY,2028 => 2025 (R),W
179,15TH ANNUAL NORTHEAST OPEN,OPEN,1,,12933557,KEVIN ELIAS ROSENBERG,2083 => 2056 (R),W
180,15TH ANNUAL NORTHEAST OPEN,OPEN,3,,12667543,HANA ITKIS,2084 => 2086 (R),W
181,59TH NEW HAMPSHIRE OPEN,OPEN,1,,12815370,ISAAC SAIDEL-GOLEY,2059 => 2070 (R),D
182,59TH NEW HAMPSHIRE OPEN,OPEN,2,,12947237,WINSTON HUANG,2038 => 2086 (R),W
183,17TH ANNUAL NY STATE OPEN!,OPEN!,4,,12766817,MATTHEW RYAN FISCHLER,2055 => 2064 (R),W
184,2009 RI STATE CHAMPIONSHIP,OPEN,1,,12025170,JAMES A DELLA-SELVA,2067 => 2070 (R),W
185,2009 RI STATE CHAMPIONSHIP,OPEN,2,,12853421,STUART S FINNEY,2078 => 2068 (R),W
186,2009 RI STATE CHAMPIONSHIP,OPEN,5,,20060321,BEN BENTRUP,2028 => 2073 (R),W
187,102ND RHODE ISLAND PAWN EATER,OPEN,4,,12489241,DAVID J HARRIS,2035 => 2048 (R),W
188,NASHUA OPEN,OPEN,2,,12003970,MR. CLAY R BRADLEY,2031 => 2035 (R),W
189,NASHUA OPEN,OPEN,5,,12748218,SHERIF KHATER,2055 => 2064 (R),W
190,LAND OF THE SKY XXII,OPEN,1,,10245141,GARY NEWSOM,2027 => 2015 (R),W
191,18TH MIDWINTER CLASSIC,OPEN,1,,12921011,ALEXANDER FIKIET,2001 => 2021 (R),W
192,18TH MIDWINTER CLASSIC,OPEN,2,,12873131,YOGESH RAGHUNATHAN,2032 => 2039 (R),W
193,UCONN DECEMBER OPEN GRAND PRIX,SECTION1,2,,12921011,ALEXANDER FIKIET,2021 => 2014 (R),W
194,UCONN DECEMBER OPEN GRAND PRIX,SECTION1,3,,12718078,JAMES JOHN NITZ,2053 => 2067 (R),D
195,UCONN SEPT.OPEN GRAND PRIX 2008,SECTION1,4,,12553018,ALEX EYDELMAN,2074 => 2078 (R),W
196,MANCHESTER SEPTEMBER SWISS,OPEN,1,,10025796,ALAN P SCHALK,2053 => 2095 (R),W
197,MANCHESTER SEPTEMBER SWISS,OPEN,4,,12003970,MR. CLAY R BRADLEY,2055 => 2053 (R),W
198,11TH ANNUAL W.MASS.OPEN,OPEN,1,,12003970,MR. CLAY R BRADLEY,2038 => 2050 (R),W
199,13TH ANNUAL BRADLEY OPEN!,OPEN!,1,,12867312,EIGEN WANG,2087 => 2073 (R),W
200,13TH ANNUAL BRADLEY OPEN!,OPEN!,2,,12721790,IAN R HARRIS,2076 => 2103 (R),W
201,58TH NEW HAMPSHIRE OPEN,OPEN,1,,12748218,SHERIF KHATER,2046 => 2057 (R),W
202,UCONN JUNE OPEN GRAND PRIX,SECTION1,2,,12718889,ANDREW E TICHENOR,2077 => 2085 (R),W
203,UCONN JUNE OPEN GRAND PRIX,SECTION1,4,,10031443,MATTHEW DEREK MEREDITH,2055 => 2054 (R),W
204,10TH NYS G/45 & LI CHESS NUTS SCHOL,OPEN,1,,10184177,JOSEPH J FELBER,2027 => 2001 (R),W
205,18TH MASS. G/60 CHAMPIONSHIP,OPEN,1,,12424220,BLAISE AGUIRRE,2068 => 2071 (R),W
206,2008 BERMUDA INTERNATIONAL,OPEN,3,,12485833,ANDREI MOFFAT,2096 => 2089 (R),W
207,129TH ANNUAL NY STATE CHAMPIONSHIP!,OPEN!!,1,,10031443,MATTHEW DEREK MEREDITH,2034 => 2043 (R),W
208,19TH VERMONT RESORT OPEN!,ALEX'S_OPEN!,3,,12877422,DEEPAK AARON,2025 => 2031 (R),W
209,19TH VERMONT RESORT OPEN!,ALEX'S_OPEN!,4,,12499818,MICHAEL JOSEPH ELLENBOGEN,2093 => 2111 (R),W
210,BRADLEY OPEN,OPEN,2,,10031443,MATTHEW DEREK MEREDITH,2050 => 2060 (R),W
211,76TH MASSACHUSETTS OPEN,OPEN,3,,12671059,BENJAMIN D GOLDBERG,2091 => 2089 (R),W
212,2007 RI STATE CHAMPIONSHIP,OPEN,1,,12705941,JOHN V VALENTINE,2008 => 2016 (R),W
213,17TH MASSACHUSETTS G/60 CHAMPIONSHI,OPEN,3,,12551205,JASON RIHEL,2042 => 2030 (R),W
214,29TH ANNUAL MARCHAND OPEN 2007,OPEN,3,,12304570,MARIJAN PROCYK,2060 => 2068 (R),W
215,18TH VERMONT RESORT OPEN!,OPEN!,2,,12670737,SHAUN M SMITH,2007 => 2009 (R),W
216,18TH VERMONT RESORT OPEN!,OPEN!,5,,12877423,ASHOK AARON,2069 => 2063 (R),W
217,SUDBURY RIVER CHESS 2006 FALL CLASS,OPEN,1,,12733758,MATTHEW DAVEY,2090 => 2089 (R),W
218,16TH ANNUAL EASTERN CHESS CONGRESS!,OPEN!,1,,12562336,MICHAEL AMORI,2046 => 2052 (R),W
219,16TH ANNUAL EASTERN CHESS CONGRESS!,OPEN!,5,,12720571,EVAN RABIN,2054 => 2066 (R),W
220,66TH NEW ENGLAND OPEN,OPEN,1,,12671059,BENJAMIN D GOLDBERG,2078 => 2073 (R),W
221,66TH NEW ENGLAND OPEN,OPEN,2,,12637446,NOAH PANG,2054 => 2092 (R),W
222,66TH NEW ENGLAND OPEN,OPEN,4,,12733598,MATTHEW KLEGON,2082 => 2095 (R),W
223,11TH ANNUAL BRADLEY OPEN!,OPEN!,1,,12671059,BENJAMIN D GOLDBERG,2071 => 2089 (R),L
224,11TH ANNUAL BRADLEY OPEN!,OPEN!,2,,12857211,MR. SAMEER SUHAS MUJUMDAR,2009 => 1999 (R),W
225,CONTINENTAL OPEN,CONO,1,,12515817,HAROLD ANTHONY MOYE,2000 => 1976 (R),W
226,12TH ANNUAL NORTHEAST OPEN!,OPEN!,1,,12939283,SIMON JOHN THOMSON,2044 => 2053 (R),W
227,56TH NEW HAMPSHIRE OPEN,OPEN,4,,12671059,BENJAMIN D GOLDBERG,2059 => 2067 (R),W
228,2006 RHODE ISLAND CHAMPIONSHIP,OPEN,2,,12740982,MUHARREM BRAHIMAJ,2080 => 2075 (R),W
229,2006 RHODE ISLAND CHAMPIONSHIP,OPEN,5,,12025170,JAMES A DELLA-SELVA,2056 => 2072 (R),W
230,14TH ANNUAL NY STATE OPEN!,OPEN!,3,,10120292,LEE T BATTES,2014 => 2026 (R),W
231,2006 APRIL NORTHEAST CHESS,OPEN_G-55,2,,12726283,JACOB K WAMALA,2080 => 2086 (R),W
232,2006 APRIL NORTHEAST CHESS,OPEN_G-55,3,,12841694,MAX G MALYUTA,2060 => 2068 (R),W
233,2006 MARCH NORTHEAST CHESS,OPEN_G-55,2,,12726283,JACOB K WAMALA,2076 => 2073 (R),W
234,84TH RHODE ISLAND PAWN EATER,OPEN,1,,12532213,JOHN GUZMAN,2042 => 2023 (R),W
235,84TH RHODE ISLAND PAWN EATER,OPEN,2,,12726283,JACOB K WAMALA,2081 => 2097 (R),W
236,84TH RHODE ISLAND PAWN EATER,OPEN,3,,12634354,JASON STUART SPECTOR,2076 => 2093 (R),W
237,2006 NORTHEAST CHESS WINTER GETAWAY,OPEN,5,,12733598,MATTHEW KLEGON,2045 => 2067 (R),W
238,NYS G/45 & LI CHESS NUTS SCHOLASTIC,OPEN,1,,10184177,JOSEPH J FELBER,2020 => 2017 (R),W
239,1ST EASTERN ADULT & STUDENT CHAMP,OPEN!,1,,10031443,MATTHEW DEREK MEREDITH,2037 => 2020 (R),W
240,1ST EASTERN ADULT & STUDENT CHAMP,OPEN!,5,,12733758,MATTHEW DAVEY,2079 => 2093 (R),W
241,15TH ANNUAL EASTERN CHESS CONGRESS!,PREMIER!!,1,,12868155,KIRILL FURMAN,2077 => 2076 (R),D
242,15TH ANNUAL EASTERN CHESS CONGRESS!,PREMIER!!,2,,10118492,ILAN KREITNER,2006 => 2000 (R),W
243,11TH NORTHEAST OPEN!,OPEN!,1,,12428955,FELIX LOPEZ,2048 => 2049 (R),W
244,55TH NEW HAMPSHIRE OPEN,OPEN,1,,10019079,JAMES E BARRY,2008 => 1987 (R),W
245,16TH VERMONT RESORT OPEN!,OPEN,1,,12877423,ASHOK AARON,2072 => 2069 (R),W
246,16TH VERMONT RESORT OPEN!,OPEN,4,,12944828,ILYA SOLONKOVICH,2067 => 2073 (R),W
247,16TH VERMONT RESORT OPEN!,OPEN,5,,12733598,MATTHEW KLEGON,2022 => 2032 (R),W
248,74TH MASSACHUSETTS OPEN,OPEN,6,,11235611,PATRICK SCIACCA,2082 => 2100 (R),W
249,2005 RHODE ISLAND STATE CHAMPIONSHI,OPEN,1,,12720557,STANIMIR ILIC,2067 => 2063 (R),W
250,30TH HARVARD OPEN,OPEN,1,,12733598,MATTHEW KLEGON,2029 => 2022 (R),W
251,76TH RHODE ISLAND PAWN EATER,OPEN,2,,12841694,MAX G MALYUTA,2092 => 2101 (R),W
252,2005 APRIL NORTHEAST CHESS,OPEN_G-55,2,,10011191,ARTHUR P NUGENT,2000 => 2000 (R),W
253,BU OPEN,OPEN,2,,12685114,BRIAN D SALOMON,2004 => 2022 (R),W
254,BU OPEN,OPEN,3,,12687841,AUSTIN C ONG,2087 => 2102 (R),W
255,BU OPEN,OPEN,4,,12788759,CHRIS WILLIAMS,2041 => 2061 (R),W
256,64TH NEW ENGLAND OPEN,OPEN,1,,10402204,RICHARD SANSING,2025 => 2016 (R),W
257,64TH NEW ENGLAND OPEN,OPEN,2,,10031443,MATTHEW DEREK MEREDITH,2021 => 2055 (R),W
258,CONTINENTAL OPEN,O,5,,12760801,JAMES MAXWELL CRITELLI,2063 => 2116 (R),W
259,73RD MASSACHUSETTS OPEN,OPEN,1,,12621559,LEONID TKACH,2088 => 2100 (R),W
260,VERMONT SPRING OPEN!?,OPEN?!,3,,12930484,ERIK JACOBSON,2036 => 2133 (R),W
261,VERMONT SPRING OPEN!?,OPEN?!,5,,10402204,RICHARD SANSING,2030 => 2033 (R),W
262,TCC CLUB CHAMPIONSHIP,1,2,,11450008,JOHN CHAMBERLAIN,2053 => 2057 (R),W
263,TCC CLUB CHAMPIONSHIP,1,5,,10019702,EDWARD RUDOLPH EPP,2010 => 2000 (R),W
264,13TH EASTERN CLASS CHAMPIONSHI,MASTERS!!,1,,12671059,BENJAMIN D GOLDBERG,2083 => 2079 (R),W
265,36TH ANNUAL LIBERTY BELL OPEN,OPEN!!,1,,12705619,JEAN-PAUL LAMASTUS-CANDAL,2070 => 2178 (R),W
266,MCC HOLIDAY SWISS,OPEN,2,,12401039,DEREK C SLATER,2010 => 2013 (R),W
267,MCC HOLIDAY SWISS,OPEN,3,,12160210,BIJAN HARIRIAN,2080 => 2086 (R),W
268,PILLSBURY MEMORIAL,OPEN,1,,12679142,JOSH P BAKKER,2062 => 2067 (R),W
269,MCC STAN CROWE MEMORIAL,OPEN,2,,12595285,JOSEPH PERL,2056 => 2067 (R),W
270,9TH BOSTON UNIVERSITY OPEN,OPEN,2,,20016388,MICHAEL HENROID,2000 => 1992 (R),W
271,9TH BOSTON UNIVERSITY OPEN,OPEN,3,,12878982,DIMITAR A BORISOV,2007 => 2005 (R),W
272,MCC HALLOWEEN SWISS,OPEN,4,,12595285,JOSEPH PERL,2049 => 2076 (R),W
273,EASTERN CHESS CONGRESS!,PREMIER!!,1,,12864285,TATIANA VAYSERBERG,2045 => 2032 (R),W
274,13TH VERMONT RESORT OPEN!,OPEN,3,,12694870,MAX ENKIN,2062 => 2095 (R),W
275,53RD NEW HAMPSHIRE OPEN,OPEN,1,,12694870,MAX ENKIN,2083 => 2062 (R),W
276,8TH BRADLEY OPEN!,OPEN,1,,10126410,STANLEY F SMITH,2007 => 2014 (R),W
277,CCA INTERNATIONAL,,2,,12646318,CHRISTOPHER BELCHER,2014 => 2028 (R),L
278,CCA INTERNATIONAL,,3,,12679142,JOSH P BAKKER,2081 => 2086 (R),W
279,72ND MASSACHUSETTS OPEN!,OPEN,1,,12694870,MAX ENKIN,2081 => 2063 (R),W
280,STEPEHN VAUGHAN MEMORIAL: OPEN,OPEN,1,,12876359,JACOB MORRIS-SIEGEL,2004 => 1926 (R),W
281,STEPEHN VAUGHAN MEMORIAL: OPEN,OPEN,2,,12735952,HENRIKAS SAKALINSKAS,2014 => 2016 (R),W
282,STEPEHN VAUGHAN MEMORIAL: OPEN,OPEN,3,,11235611,PATRICK SCIACCA,2092 => 2109 (R),D
283,STEPEHN VAUGHAN MEMORIAL: OPEN,OPEN,4,,12817693,ROZA EYNULA,2084 => 2094 (R),W
284,MCC SPRING SWISS,OPEN,2,,11450008,JOHN CHAMBERLAIN,2008 => 2013 (R),W
285,2003 APRIL NORTHEAST CHESS,OPEN-G_55,3,,11235611,PATRICK SCIACCA,2088 => 2092 (R),W
286,13TH MASSACHUSETTS GAME/60,OPEN,1,,10019702,EDWARD RUDOLPH EPP,2011 => 2007 (R),W
287,PILLSBURY MEMORIAL,OPEN,1,,20113782,NIMAN V KENKRE,2045 => 2033 (R),W
288,13TH VERMONT,OPEN,1,,12756095,MARK H GAUDREAU,2078 => 2083 (R),W
289,103RD ANNUAL US OPEN - 2002,OPEN,2,,12400229,NM JOHN MACARTHUR,2080 => 2079 (R),W
290,103RD ANNUAL US OPEN - 2002,OPEN,6,,12141790,MICHAEL J HEHIR,2071 => 2062 (R),W
291,COOL ACTION,,3,,10066808,HERMAN B CHIU,2068 => 2074 (R),W
292,52ND NEW HAMPSHIRE OPEN,OPEN,1,,12675852,KENT W LEUNG,2053 => 2050 (R),W
293,2ND VERMONT SPRING OPEN!,OPEN,3,,10402204,RICHARD SANSING,2031 => 2026 (R),W
294,2ND VERMONT SPRING OPEN!,OPEN,5,,12806095,ADITYA PRASETYO,2077 => 2078 (R),W
295,4TH ANNUAL FOXWOODS OPEN,OPEN,3,,12806095,ADITYA PRASETYO,2078 => 2101 (R),W
296,2002 NATIONAL OPEN,OPEN,1,,12618415,ENRIQUE E RIOS,2089 => 2105 (R),W
297,GOVENORS CUP OPEN,1,3,,10328969,STEPHEN J TURMO,2063 => 2066 (R),W
298,2001 NEW JERSEY OPEN,1,1,,12606011,CHAYIM GOODMAN,2089 => 2106 (R),W
299,MCC SPRING SWISS,OPEN,6,,10019702,EDWARD RUDOLPH EPP,2039 => 2043 (R),W
300,33RD ANNUAL LIBERTY BELL OPEN,OPEN,2,,20101315,EVAN S ROSENBERG,2012 => 1997 (R),W
301,2000 PILLSBURY MEMORIAL,OPEN,5,,12394069,DAVID B LERNER,2046 => 2066 (R),W
302,MCC SPRING SWISS,OPEN,5,,11450008,JOHN CHAMBERLAIN,2015 => 2029 (R),W
303,10TH MASSACHUSETTS GAME/60,OPEN,1,,12598805,MR. EUGENE YANAYT,2009 => 2003 (R),W
304,NATIONAL OPEN 2000,OPEN,1,,12341550,MICHAEL ANTHONY SHEAF,2092 => 2099 (R),W
305,Land of the Sky XIII,Open,1,,10206502,CHRIS A KREMER,2072 => 2037 (R),W
306,MCC STANLEY CROWE MEMORIAL,OPEN,2,,12025170,JAMES A DELLA-SELVA,2083 => 2054 (R),W
307,27TH HARVARD OPEN,OPEN,1,,10014522,ALEX SLIVE,2000 => 2000 (R),W
308,CCA-CHESSWISE INTERNATIONAL!!,17 GMS!!,1,,12534964,BILL TURNER,2022 => 2000 (R),D
309,MCC SPRING SWI...N TWO SECTION,OPEN,2,,12456991,FRANCOIS G SICARD,2059 => 1997 (R),W
310,1ST ANNUAL FOXWOODS OPEN,OPEN,2,,12593986,JOSHUA E FRIEDEL,2080 => 2090 (R),W
311,NYS G/45 CHAMPIONSHIP,OPEN,1,,10096588,WILLIAM S ARLUCK,2009 => 1967 (R),W
312,23RD QUEEN CITY OPEN,OPEN,1,,10019702,EDWARD RUDOLPH EPP,2013 => 2056 (R),W
313,23RD QUEEN CITY OPEN,OPEN,5,,12593986,JOSHUA E FRIEDEL,2031 => 2074 (R),W
314,ATHOL SUNDAY SERVICES II,OPEN,3,,11235611,PATRICK SCIACCA,2098 => 2088 (R),W
315,26TH HARVARD OPEN,OPEN,1,,12414355,TODD S CHASE,2000 => 2014 (R),W
316,26TH HARVARD OPEN,OPEN,2,,11235611,PATRICK SCIACCA,2063 => 2085 (R),W
317,58TH NEW ENGLAND OPEN,OPEN,3,,12661307,ANDREW N BAKKER,2014 => 2055 (R),W
318,9TH VERMONT RESORT OPEN!,OPEN,1,,12661307,ANDREW N BAKKER,2007 => 2014 (R),W
319,CONTINENTAL OPEN,OPEN,5,,12060380,STEVEN A OWEN,2085 => 2077 (R),W
320,WALTHAM ACTION SWISS,OPEN,1,,12436451,DR. VESNA B DIMITRIJEVIC,2002 => 2012 (R),W
321,ATHOL SUNDAY SERVICES,,2,,10009006,RUSSELL M GOUVEIA,2000 => 1995 (R),W
322,MARCHAND OPEN 20TH ANNUAL,OPEN,1,,12647497,CALVIN SCOTT,2004 => 2001 (R),W
323,1998 NATIONAL OPEN,OPEN,1,,11158056,KEITH YAMANAKA,2072 => 2078 (R),W
324,22ND QUEEN CITY OPEN,OPEN,1,,10011965,ROGER CAPPALLO,2057 => 2036 (R),W
325,22ND QUEEN CITY OPEN,OPEN,3,,11235611,PATRICK SCIACCA,2050 => 2055 (R),W
326,15TH BERMUDA INTERNATIONAL OPE,,2,,12485833,ANDREI MOFFAT,2096 => 2103 (R),W
327,5TH GREEN MOUNTAIN OPEN!,OPEN,1,,12536027,GLEN GAUSEWITZ,2042 => 2005 (R),W
328,15TH ANNUAL WESTERN STATES OPE,OPEN,5,,12719650,TSAGAAN BATTSETSEG,2041 => 2241 (R),W
329,98TH ANNUAL US OPEN - 1997,U.S. OPEN!,2,,12638882,MATTHEW B HOEKSTRA,2024 => 1976 (R),W
330,98TH ANNUAL US OPEN - 1997,U.S. OPEN!,7,,12079690,GUILLERMO PEREZ,2068 => 2126 (R),W
331,1ST WESTERN MA OVER 1850 GRAND,1,1,,12045990,ADAM L COLBY,2077 => 2114 (R),W
332,1ST WESTERN MA OVER 1850 GRAND,1,2,,12600412,VSEVOLOD SOUR,2038 => 2055 (R),W
333,1ST WESTERN MA OVER 1850 GRAND,1,4,,12528922,WILLIAM M LOPES,2095 => 2125 (R),D
334,5TH ANNUAL HUDSON VALLEY OPEN!,OPEN,1,,10346151,PETER STUART ZAAS,2001 => 2026 (R),W
335,14TH ANNUAL BERMUDA INT'L OPEN,1,1,,12416440,SAMUEL SCOTT,2011 => 2014 (R),W
336,LAURIE MILLER GRAND PRIX,1,1,,10092990,ROGER E. PEDERSEN,2008 => 2008 (R),W
337,97TH ANNUAL US OPEN - 1996,Traditiona,2,,12240680,JOSEPH HITSELBERGER,2079 => 2052 (R),W
338,24TH ANNUAL HARVARD OPEN,OPEN,1,,12481381,KIMANI A STANCIL,2097 => 2120 (R),W
339,TWIN TOWERS OPEN-NHCP,OPEN,6,,10249961,RONALD J BURRIS,2089 => 2101 (R),W
340,19TH NEWTON OPEN,,4,,11480977,SCOTT DIDHAM,2000 => 2015 (R),D
341,4TH ANNUAL NYS ACTION CHAMPION,,2,,10096588,WILLIAM S ARLUCK,2061 => 2058 (R),W
342,JOE SPARK'S 5TH NEW ENGLAND AC,SEC 1,2,,12436451,DR. VESNA B DIMITRIJEVIC,2000 => 2029 (R),W
343,NATIONAL CHESS CONGRESS,OPEN,5,,11429378,STEVEN J ANDERSON,2022 => 2066 (R),W
344,MASS GAME/60,OPEN/U2200,2,,11489656,MR. RICHARD J JUDY,2000 => 2034 (R),W
345,17TH ANNUAL MONADNOCK MARATHON,,3,,12520640,MAURICIO RUIZ,2075 => 2097 (R),W
346,NAT'L 1994 NATIONAL OPEN,OPEN,1,,10187613,LOUIS GOLDER,2061 => 2093 (R),D
347,9TH CAPITAL DISTRICT OPEN,,2,,10125367,GARY E FARRELL,2048 => 2030 (R),W
348,9TH CAPITAL DISTRICT OPEN,,5,,12494314,MARK A SCHAEFFER,2030 => 2066 (R),W
349,JOE SPARK'S 4TH NEW ENGLAND AC,OPEN,2,,11519504,FRANK SISTO,2048 => 2026 (R),W
350,1ST SOUTHERN CHESS OPEN,,3,,10378885,GLENN RUIZ,2050 => 2081 (R),W
351,1ST SOUTHERN CHESS OPEN,,5,,12469409,DR. LAWRENCE R MEAD,2093 => 2103 (R),W
352,4TH ANNUAL VERMONT RESORT OPEN,OPEN,3,,12523249,DANIEL J WOODS,2099 => 2133 (R),W
353,US OPEN TUESDAY ACTION,,1,,10086078,ROBERT A FELDSTEIN ESQ,2000 => 2000 (R),W
354,1993 FUN FEST,OPEN,3,,10272211,REA B HAYES,2002 => 2034 (R),W
355,PHILADELPHIA OPEN,OPEN,3,,10032440,MORDECAI SCHWARTZ,2051 => 2092 (R),W
356,WESTERN MASS CLASSIC,OPEN,2,,11523595,CHARLES M LAAMANEN,2052 => 2024 (R),W
357,2ND  ANNUAL NORTH AMERICAN OPEN,,1,,12103270,RAFAEL ZAFORA,2098 => 2086 (R),W
2,12TH ANNUAL BOSTON CHESS CONGRESS!,PREMIER SECTION!,1,W,14991055,XIAOMAN CHU,2143 => 2129 (R),W
3,HARRY NELSON PILLSBURY MEMORIAL,OPEN,3,B,10146712,J TIMOTHY SAGE,2137 => 2131 (R),W
4,HARTFORD COUNTY & CITY CHAMPIONSHIP,OPEN,3,B,17048806,KYLE QIYU DONG,2192 => 2188 (R),W
5,BCF FALL FESTIVAL,OPEN,2,B,17068334,GAVIN MELAUGH,2115 => 2117 (R),W
6,88TH GREATER BOSTON OPEN,OPEN,3,W,15560438,VICTOR FENG,2129 => 2146 (R),W
7,53RD ANNUAL CONTINENTAL OPEN!,PREMIER SECTION!,1,B,16429310,DATTASAI KILARI,2112 => 2104 (R),W
8,53RD ANNUAL CONTINENTAL OPEN!,PREMIER SECTION!,4,W,17128308,HAARI MUTHUKUMAR,2122 => 2137 (R),D
9,53RD ANNUAL CONTINENTAL OPEN!,PREMIER SECTION!,5,B,16767486,SAM LUGER,2167 => 2175 (R),W
10,BOSTON ELITE SUMMER CLASSIC 2023,1_PREMIER,4,W,15742464,ERIC Z FENG,2199 => 2200 (R),W
11,6TH MASSACHUSETTS SENIOR OPEN,OPEN,2,B,10146712,J TIMOTHY SAGE,2136 => 2140 (R),W
12,91ST MASSACHUSETTS OPEN,CHAMPIONSHIP,2,W,15770981,KELSEY LIU,2199 => 2196 (R),W
13,SPRING FESTIVAL,OPEN,5,B,15714654,HENRY HE,2111 => 2135 (R),L
14,9TH QUEEN CITY TORNADO,OPEN,4,W,15256685,IAN W DUDLEY,2185 => 2193 (R),W
15,11TH ANNUAL BOSTON CHESS CONGRESS!,PREMIER SECTION!,1,W,13228778,RYAN YOUNG,2144 => 2145 (R),W
16,3RD_BOSTON_ELITE_THANKSGIVING_OPEN_,1_PREMIER__FIDE_,1,W,14684907,MARK DEDONA,2132 => 2103 (R),W
17,3RD_BOSTON_ELITE_THANKSGIVING_OPEN_,1_PREMIER__FIDE_,2,B,15742464,ERIC Z FENG,2177 => 2206 (R),D
18,3RD_BOSTON_ELITE_THANKSGIVING_OPEN_,1_PREMIER__FIDE_,3,W,10120560,MICHAEL P CAREY,2119 => 2112 (R),W
19,3RD_BOSTON_ELITE_THANKSGIVING_OPEN_,1_PREMIER__FIDE_,4,B,16379802,RYAN SUN,2198 => 2227 (R),L
20,CIRCUS & SPECTACLE,OPEN,1,B,15770981,KELSEY LIU,2161 => 2168 (R),L
21,87TH GREATER BOSTON OPEN,OPEN,2,W,15742464,ERIC Z FENG,2180 => 2177 (R),W
22,71ST NEW HAMPSHIRE OPEN,OPEN,3,W,12129900,KEVIN L COTREAU,2150 => 2161 (R),W
23,81ST NEW ENGLAND OPEN,CHAMPIONSHIP,2,B,15770981,KELSEY LIU,2163 => 2147 (R),W
24,90TH MASSACHUSETTS OPEN,CHAMPIONSHIP,4,B,16379802,RYAN SUN,2155 => 2200 (R),L
25,90TH MASSACHUSETTS OPEN,CHAMPIONSHIP,5,W,13679247,ANTON BARASH,2190 => 2222 (R),L
26,30TH ANNUAL EASTERN CLASS!,MASTERS!,1,B,15742464,ERIC Z FENG,2133 => 2125 (R),W
27,10TH ANNUAL BOSTON CHESS CONGRESS,PREMIER SECTION,1,W,12912844,DAVID RICHEY HAUGE,2136 => 2131 (R),D
28,2ND BOSTON ELITE THANKSGIVING OPEN,PREMIER,6,W,14581805,ALEX YU,2156 => 2174 (R),W
29,89TH MASSACHUSETTS OPEN,CHAMPIONSHIP,2,W,15391332,JERRY LI,2182 => 2183 (R),W
30,89TH MASSACHUSETTS OPEN,CHAMPIONSHIP,4,B,30255246,SIBO WU,2181 => 2186 (R),W
31,89TH MASSACHUSETTS OPEN,CHAMPIONSHIP,5,W,15418978,ALAN SONG,2177 => 2229 (R),D
32,80TH NEW ENGLAND OPEN,CHAMPIONSHIP,4,W,12129900,KEVIN L COTREAU,2134 => 2150 (R),W
33,LAURENCE SCHMITT MEMORIAL,OPEN,4,B,15200352,DEREK JIN,2174 => 2192 (R),W
34,MASS SENIOR CHAMPIONSHIP 2021,MASS SENIOR CHAMPIONSHIP,2,B,10146712,J TIMOTHY SAGE,2149 => 2142 (R),W
35,MASS SENIOR CHAMPIONSHIP 2021,MASS SENIOR CHAMPIONSHIP,5,W,10146712,J TIMOTHY SAGE,2149 => 2142 (R),W
36,7TH QUEEN CITY TORNADO,OPEN,3,B,12129900,KEVIN L COTREAU,2142 => 2136 (R),W
37,DR DAVID OSTFELD MEMORIAL ICA JAN 2,S7 O >140,2,,10158419,GREGORY MATTHEW NOLAN,2160 => 2149 (R),W
38,HARRY NELSON PILLSBURY MEMORIAL,OPEN,2,B,15072460,DUSTIN TY LIANG,2136 => 2179 (R),D
39,5TH ANNUAL STAMFORD OPEN!,MAJOR SECTION!,2,W,12537352,IGOR YELISEYEV,2136 => 2136 (R),W
40,86TH GREATER BOSTON OPEN,OPEN,1,W,15200352,DEREK JIN,2110 => 2114 (R),W
41,86TH GREATER BOSTON OPEN,OPEN,2,B,13679247,ANTON BARASH,2161 => 2148 (R),W
42,WESTFORD OCTOBER OPEN,CHAMPIONSHIP,2,B,10146712,J TIMOTHY SAGE,2194 => 2211 (R),W
43,10TH ANNUAL HARTFORD OPEN!,MAJOR SECTION!,2,B,12812582,MATTHEW WOFFORD,2126 => 2117 (R),W
44,69TH NEW HAMPSHIRE OPEN,OPEN,1,W,12686352,JOSEPH BIHLMEYER,2113 => 2115 (R),W
45,69TH NEW HAMPSHIRE OPEN,OPEN,2,B,14361257,SURAJ RAMANATHAN,2158 => 2163 (R),W
46,4TH MASSACHUSETTS SENIOR OPEN,OPEN,3,B,10146712,J TIMOTHY SAGE,2170 => 2194 (R),L
47,79TH NEW ENGLAND OPEN,CHAMPIONSHIP,2,W,14361257,SURAJ RAMANATHAN,2165 => 2158 (R),W
48,79TH NEW ENGLAND OPEN,CHAMPIONSHIP,4,W,15200352,DEREK JIN,2107 => 2111 (R),W
49,49TH ANNUAL CONTINENTAL OPEN,PREMIER,1,B,14212491,NITHIN KAVI,2184 => 2212 (R),D
50,49TH ANNUAL CONTINENTAL OPEN,PREMIER,2,W,12924445,BRETT KILDAHL,2161 => 2159 (R),W
51,BOSTON ELITE SUMMER CLASSIC AUGUST,PREMIER,2,W,15200352,DEREK JIN,2106 => 2121 (R),W
52,BOSTON ELITE SUMMER CLASSIC AUGUST,PREMIER,4,W,13679247,ANTON BARASH,2129 => 2142 (R),W
53,BOSTON ELITE SUMMER CLASSIC AUGUST,PREMIER,5,B,14194968,ELIJAH LOGOZAR,2121 => 2133 (R),W
54,24TH BRADLEY OPEN,MAJOR,4,W,15264313,JASON LU,2156 => 2176 (R),W
55,WESTFORD JULY OPEN,CHAMPIONSHIP,2,B,10146712,J TIMOTHY SAGE,2133 => 2142 (R),W
56,WESTFORD JUNE ACTION,OPEN,3,W,10031443,MATTHEW DEREK MEREDITH,2116 => 2082 (R),W
57,WESTFORD JUNE ACTION,OPEN,9,W,12812582,MATTHEW WOFFORD,2114 => 2126 (R),W
58,25TH ANNUAL NORTHEAST OPEN!,MAJOR SECTION!,1,B,14946257,JAKE WANG,2115 => 2104 (R),W
59,88TH MASSACHUSETTS OPEN,CHAMPIONSHIP,1,B,12924445,BRETT KILDAHL,2160 => 2179 (R),L
60,2019 BENNINGTON SPRING OPEN,OPEN,3,W,15256685,IAN W DUDLEY,2125 => 2136 (R),W
61,29TH MASSACHUSETTS G/60 CHAMPIONSHIP,OPEN,1,B,15072460,DUSTIN TY LIANG,2142 => 2138 (R),W
62,29TH MASSACHUSETTS G/60 CHAMPIONSHIP,OPEN,2,W,14297265,KARTHIK SAI PADMANABHAN,2190 => 2195 (R),W
63,28TH ANNUAL EASTERN CLASS CHAMPS,MASTER,3,B,14297265,KARTHIK SAI PADMANABHAN,2177 => 2168 (R),W
64,28TH ANNUAL EASTERN CLASS CHAMPS,MASTER,4,W,14686967,MR. MERRIC HU,2165 => 2187 (R),W
65,THE MODERN CHESS CONCEPTIONS CLASSIC,CHAMPIONSHIP,1,W,12853032,CHRISTOPHER WOOD,2155 => 2137 (R),W
66,THE MODERN CHESS CONCEPTIONS CLASSIC,CHAMPIONSHIP,2,B,15391332,JERRY LI,2157 => 2167 (R),W
67,6TH QUEEN CITY TORNADO,OPEN,3,W,14678004,MAXWELL D CHEN,2179 => 2191 (R),W
68,6TH QUEEN CITY TORNADO,OPEN,4,B,14212491,NITHIN KAVI,2175 => 2189 (R),W
69,WN 2019 WINTER OPEN,OPEN,2,B,14212491,NITHIN KAVI,2161 => 2143 (R),W
70,BCF POLAR VORTEX GRAND PIRX,OPEN,2,B,14361257,SURAJ RAMANATHAN,2169 => 2162 (R),W
71,WESTFORD JANUARY OPEN,CHAMPIONSHIP,1,B,14361257,SURAJ RAMANATHAN,2159 => 2169 (R),W
72,HARRY NELSON PILLSBURY MEMORIAL,OPEN,1,W,10031443,MATTHEW DEREK MEREDITH,2102 => 2085 (R),W
73,HARRY NELSON PILLSBURY MEMORIAL,OPEN,3,W,14678004,MAXWELL D CHEN,2129 => 2137 (R),W
74,4TH ANNUAL STAMFORD OPEN!,MAJOR SECTION!,3,B,15417342,PARIS PRESTIA,2179 => 2185 (R),W
75,85TH GREATER BOSTON OPEN,OPEN,1,W,15256685,IAN W DUDLEY,2148 => 2146 (R),L
76,WESTFORD OCTOBER OPEN,CHAMPIONSHIP,4,W,15417342,PARIS PRESTIA,2173 => 2167 (R),W
77,9TH ANNUAL HARTFORD OPEN!,MAJOR SECTION!,1,B,12666518,CHRIS BROOKS,2109 => 2098 (R),W
78,9TH ANNUAL HARTFORD OPEN!,MAJOR SECTION!,4,W,14297265,KARTHIK SAI PADMANABHAN,2178 => 2180 (R),W
79,78TH NEW ENGLAND OPEN,CHAMPIONSHIP,1,B,12812582,MATTHEW WOFFORD,2117 => 2109 (R),W
80,78TH NEW ENGLAND OPEN,CHAMPIONSHIP,2,W,15418978,ALAN SONG,2197 => 2197 (R),W
81,CAMBRIDGE SUMMER IM NORM INVITATIONAL,IM NORM,3,B,15448764,NICHOLAS VETTESE,2181 => 2212 (R),W
82,2ND BOSTON ELITE CHESS TOURNAMENT,MASTER,1,W,14969622,DANILA POLIANNIKOV,2182 => 2193 (R),W
83,WESTFORD JUNE OPEN,CHAMPIONSHIP,1,W,14699958,EVAN LING,2179 => 2187 (R),W
84,WESTFORD JUNE OPEN,CHAMPIONSHIP,2,B,14587517,EVELYN ZHU,2169 => 2172 (R),D
85,WESTFORD JUNE OPEN,CHAMPIONSHIP,3,W,14969622,DANILA POLIANNIKOV,2183 => 2182 (R),D
86,87TH MASSACHUSETTS OPEN,CHAMPIONSHIP,1,B,14361257,SURAJ RAMANATHAN,2150 => 2164 (R),W
87,1ST BOSTON ELITE CHESS TOURNAMENT,MASTERS,1,W,15072460,DUSTIN TY LIANG,2154 => 2152 (R),W
88,PORTSMOUTH OPEN,OPEN,2,W,14297265,KARTHIK SAI PADMANABHAN,2118 => 2127 (R),W
89,36TH EMPIRE CITY OPEN,MAJOR,3,B,13457373,IGOR KOVALCHUK,2162 => 2181 (R),W
90,BACK BAY OPEN,CHAMPIONSHIP,1,W,12503102,TIMOTHY M NEWMAN,2141 => 2160 (R),W
91,BACK BAY OPEN,CHAMPIONSHIP,2,B,14212491,NITHIN KAVI,2199 => 2201 (R),W
92,HARRY NELSON PILLSBURY MEMORIAL,OPEN,1,B,14969622,DANILA POLIANNIKOV,2132 => 2156 (R),W
93,HARRY NELSON PILLSBURY MEMORIAL,OPEN,4,B,12595285,JOSEPH PERL,2146 => 2179 (R),W
94,BCF MASTERS SUNDAY,OPEN,1,W,12932528,ATUL S KANNAN,2199 => 2197 (R),W
95,48TH ANNUAL NATIONAL CHESS CONGRESS,PREMIER,1,W,15249281,EDDY TIAN,2164 => 2126 (R),W
96,3RD ANNUAL STAMFORD OPEN!,OPEN SECTION!,1,B,10356857,MARC PLUM,2100 => 2100 (R),W
97,84TH GREATER BOSTON OPEN,OPEN,1,B,10146712,J TIMOTHY SAGE,2185 => 2165 (R),W
98,2ND MASSACHUSETTS SENIOR OPEN,OPEN,4,W,10146712,J TIMOTHY SAGE,2185 => 2185 (R),W
99,77TH NEW ENGLAND OPEN,CHAMPIONSHIP,6,B,14969622,DANILA POLIANNIKOV,2125 => 2147 (R),W
100,47TH ANNUAL CONTINENTAL OPEN,OPEN,1,W,13751616,AIDAN SOWA,2118 => 2121 (R),W
101,47TH ANNUAL CONTINENTAL OPEN,OPEN,2,B,15391332,JERRY LI,2112 => 2106 (R),W
102,PETER HENNER MEMORIAL,PREMIER SECTION!,2,W,15466232,LIRAN ZHOU,2161 => 2182 (R),W
103,PETER HENNER MEMORIAL,PREMIER SECTION!,5,B,14361257,SURAJ RAMANATHAN,2101 => 2135 (R),W
104,67TH NEW HAMPSHIRE OPEN,OPEN,1,W,12853032,CHRISTOPHER WOOD,2141 => 2133 (R),W
105,2ND ANNUAL WORLD OPEN SENIOR,OPEN,2,W,12352820,LEROY HILL,2112 => 2115 (R),W
106,2ND ANNUAL WORLD OPEN SENIOR,OPEN,5,B,10151384,MARTY C FRANK,2143 => 2145 (R),W
107,86TH MASSACHUSETTS OPEN,CHAMPIONSHIP,1,W,14217571,JASON TANG,2133 => 2147 (R),W
108,BCF MAY MASTERS SUNDAY,OPEN,1,W,10146712,J TIMOTHY SAGE,2114 => 2082 (R),W
109,BCF MAY MASTERS SUNDAY,OPEN,2,B,14217571,JASON TANG,2127 => 2135 (R),W
110,5TH ANNUAL BOSTON CHESS CONGRESS,PREMIER!,1,B,14217571,JASON TANG,2105 => 2108 (R),W
111,BCF FALL FIDE FESTIVAL,OPEN,2,W,14933988,BRANDON WU,2176 => 2171 (R),W
112,83RD GREATER BOSTON OPEN,OPEN,2,B,14933988,BRANDON WU,2154 => 2156 (R),W
113,MILLIONAIRE CHESS 3,OPEN,8,B,16110221,SERGIO CACERES VASQUEZ,2148 => 2171 (R),W
114,7TH ANNUAL HARTFORD OPEN,OPEN SECTION,1,B,13228778,RYAN YOUNG,2105 => 2094 (R),W
115,MASSACHUSETTS SENIOR OPEN,OPEN,4,B,10146712,J TIMOTHY SAGE,2142 => 2143 (R),W
116,76TH NEW ENGLAND OPEN,CHAMPIONSHIP,4,W,14212491,NITHIN KAVI,2128 => 2149 (R),W
117,46TH ANNUAL CONTINENTAL OPEN,OPEN,2,W,13454854,DANIEL KOSTOVETSKY,2197 => 2193 (R),W
118,21ST BRADLEY OPEN,OPEN,2,W,10031443,MATTHEW DEREK MEREDITH,2128 => 2137 (R),D
119,21ST BRADLEY OPEN,OPEN,3,B,14301848,DENNIS FAN LI,2153 => 2164 (R),W
120,85TH MASSACHUSETTS OPEN,CHAMPIONSHIP,5,B,14933988,BRANDON WU,2156 => 2178 (R),W
121,25TH ANNUAL EASTERN CLASS CHAMPIONSHIPS,MASTER,1,W,13751622,RYAN SOWA,2183 => 2182 (R),W
122,NEW ENGLAND MASTERS,MASTERS,2,,12748218,SHERIF KHATER,2199 => 2194 (R),W
123,LAND OF THE SKY XXIX,OPEN,1,W,12663277,PATRICK MCCARTNEY,2168 => 2143 (R),W
124,4TH ANNUAL BOSTON CHESS CONGRESS,PREMIER,1,B,13206647,SIDDHARTH ARUN,2197 => 2208 (R),W
125,HARRY NELSON PILLSBURY MEMORIAL,OPEN,2,B,14212491,NITHIN KAVI,2109 => 2121 (R),L
126,82ND GREATER BOSTON OPEN,OPEN,2,B,14212491,NITHIN KAVI,2139 => 2127 (R),W
127,6TH ANNUAL HARTFORD OPEN,OPEN,1,B,14212491,NITHIN KAVI,2173 => 2144 (R),W
128,137TH ANNUAL NY STATE CHAMPIONSHIP!,OPEN SECTION,3,B,12902833,MEGAN LEE,2168 => 2202 (R),W
129,45TH ANNUAL CONTINENTAL OPEN,OPEN,2,,14057593,EVAN MEYER,2163 => 2135 (R),W
130,MARSHALL GRAND PRIX,MERGE,1,,12550168,SAM BARSKY,2100 => 2100 (R),W
131,MARSHALL GRAND PRIX,MERGE,2,,14732288,JUSTIN CHEN,2151 => 2154 (R),W
132,20TH ANNUAL BRADLEY OPEN,OPEN,1,W,12719585,JOSH ROFRANO,2106 => 2098 (R),W
133,65TH NEW HAMPSHIRE OPEN,OPEN,3,W,14212491,NITHIN KAVI,2165 => 2175 (R),W
134,65TH NEW HAMPSHIRE OPEN,OPEN,4,B,10029732,DAVID E CARTER,2149 => 2163 (R),W
135,21ST ANNUAL NORTHEAST OPEN,OPEN!,1,,14256600,WESLEY WANG,2122 => 2094 (R),W
136,BURLINGTON OPEN,OPEN,2,,10029732,DAVID E CARTER,2173 => 2159 (R),W
137,2015 RENO LARRY EVANS MEMORIAL OPEN,OPEN,1,,14452555,GABRIEL JAMES BICK,2167 => 2184 (R),W
138,25TH MASSACHUSETTS G60 CHAMPIONSHIP,OPEN,1,,14941162,HAOTIAN WANG,2127 => 2126 (R),W
139,SACO OPEN,OPEN,2,,13424483,AARON SPENCER,2135 => 2126 (R),W
140,PORTSMOUTH OPEN,OPEN,2,,12748218,SHERIF KHATER,2173 => 2182 (R),W
141,PORTSMOUTH OPEN,OPEN,3,,10029732,DAVID E CARTER,2192 => 2198 (R),W
142,5TH ANNUAL HARTFORD OPEN,OPEN!,1,,12719585,JOSH ROFRANO,2102 => 2109 (R),W
143,WEST NEWBURY OPEN,OPEN,1,,14514636,CARISSA SHIWEN YIP,2131 => 2134 (R),W
144,WEST NEWBURY OPEN,OPEN,2,,13157281,MATTHEW E FISHBEIN,2177 => 2164 (R),W
145,74TH NEW ENGLAND OPEN,OPEN,1,,14514636,CARISSA SHIWEN YIP,2126 => 2131 (R),L
146,74TH NEW ENGLAND OPEN,OPEN,3,,14212491,NITHIN KAVI,2121 => 2100 (R),W
147,44TH ANNUAL CONTINENTAL OPEN,OPEN,1,,13252537,ATULYA VAIDYA,2165 => 2144 (R),W
148,44TH ANNUAL CONTINENTAL OPEN,OPEN,2,,12846607,ANDREW HOY,2158 => 2171 (R),W
149,44TH ANNUAL CONTINENTAL OPEN,OPEN,4,,14671518,YOON-YOUNG KIM,2112 => 2181 (R),L
150,19TH ANNUAL BRADLEY OPEN,OPEN,1,,13492147,MR. LUIS BAEZ,2117 => 2169 (R),W
151,19TH ANNUAL BRADLEY OPEN,OPEN,2,,13871294,AARON JACOBSON,2139 => 2140 (R),W
152,83RD MASSACHUSETTS OPEN,CHAMP,1,,12497363,LIBARDO RUEDA,2159 => 2154 (R),W
153,83RD MASSACHUSETTS OPEN,CHAMP,5,,10146712,J TIMOTHY SAGE,2190 => 2202 (R),W
154,3RD ANNUAL RENO - LARRY EVANS MEMOR,OPEN,1,,13464997,ART ZHAO,2111 => 2110 (R),W
155,EASTERN CLASS CHAMPIONSHIPS,MASTER,2,W,13668844,ARAVIND KUMAR,2165 => 2154 (R),W
156,36TH ANNUAL MARCHAND OPEN 2014,OPEN,2,,13790281,TAE KIM,2101 => 2163 (R),L
157,36TH ANNUAL MARCHAND OPEN 2014,OPEN,5,,12826782,GABRIEL EWING,2172 => 2181 (R),W
158,QUEEN CITY TORNADO,OPEN,3,,10146712,J TIMOTHY SAGE,2159 => 2161 (R),W
159,BOSTON CHESS CONGRESS,PREMIER,1,,13301606,DANIIL MOSIYENKO,2198 => 2233 (R),W
160,40TH EASTERN OPEN,OPEN,3,,12774394,DAVID PAULINA,2123 => 2127 (R),W
161,40TH EASTERN OPEN,OPEN,5,,14964913,HENNING JAKHELLN KJOITA,2162 => 2174 (R),W
162,NEWPORT OPEN,OPEN,2,,10146712,J TIMOTHY SAGE,2132 => 2142 (R),W
163,HARTFORD OPEN,OPEN,2,,13668844,ARAVIND KUMAR,2165 => 2164 (R),W
164,135TH NY STATE CHAMPIONSHIP,OPEN,1,,13258867,MAHIRO ABE,2121 => 2102 (R),W
165,BLACKSTONE CHESS FESTIVAL,OPEN,3,,10146712,J TIMOTHY SAGE,2158 => 2136 (R),W
166,43RD ANNUAL CONTINENTAL OPEN,OPEN!,2,,12911474,JACOB N FAUMAN,2128 => 2125 (R),W
167,114TH ANNUAL US OPEN - 2013,OPEN,3,,13252537,ATULYA VAIDYA,2189 => 2172 (R),W
168,63RD NEW HAMPSHIRE OPEN,CHAMP,3,,12747422,JOHN P ELMORE,2101 => 2119 (R),W
169,63RD NEW HAMPSHIRE OPEN,CHAMP,4,,12685114,BRIAN D SALOMON,2144 => 2153 (R),W
170,MASSACHUSETTS G/60 CHAMPIONSHIP,OPEN,1,,13206647,SIDDHARTH ARUN,2118 => 2104 (R),W
171,SACO OPEN,OPEN,2,,13157281,MATTHEW E FISHBEIN,2113 => 2117 (R),W
172,BLACKSTONE VERNAL VAMP,OPEN,3,,12489241,DAVID J HARRIS,2107 => 2115 (R),W
173,DR. LUVIZMINDA MACHAN OPEN X,S1,1,,12616543,MAURICIO CAMEJO,2115 => 2146 (R),W
174,CMC DEC 8,OPEN,4,,13301606,DANIIL MOSIYENKO,2160 => 2166 (R),W
175,BURLINGTON OPEN,OPEN,5,,13157281,MATTHEW E FISHBEIN,2131 => 2129 (R),W
176,NOVEMBER 10,SECTION1,2,,12868372,FARZAD ABDI,2173 => 2172 (R),W
177,SEACOAST OPEN,OPEN,2,,13157281,MATTHEW E FISHBEIN,2125 => 2131 (R),W
178,9-29-12 SATURDAY,OPEN-3,1,,12868372,FARZAD ABDI,2156 => 2148 (R),W
179,9-22-12 CMC SATURDAY  G30,OPEN-2,1,,12868372,FARZAD ABDI,2157 => 2156 (R),W
180,HARTFORD OPEN,OPEN,1,,12817693,ROZA EYNULA,2124 => 2117 (R),W
181,HARTFORD OPEN,OPEN,2,,12909500,ANDRES CASTANEDA,2163 => 2175 (R),W
182,134TH NYS CHAMPIONSHIP,OPEN,1,,12720571,EVAN RABIN,2192 => 2181 (R),W
183,CMC MASTERS,OPEN,1,,12496909,GEORGE SAMMOUR,2129 => 2108 (R),W
184,CMC MASTERS,OPEN,2,,12400352,WILLIAM SMIRNOV,2133 => 2130 (R),W
185,17TH BRADLEY OPEN,OPEN,1,,12550938,BENJAMIN KATZ,2180 => 2182 (R),W
186,17TH BRADLEY OPEN,OPEN,2,,13032476,MICHAEL FINNERAN,2149 => 2156 (R),W
187,"JULY,21,2012",OPEN,1,,13301606,DANIIL MOSIYENKO,2160 => 2167 (R),W
188,2012 U.S. SENIOR OPEN CHESS CHAMPIONSHIP,US SENIOR,2,,10462908,PAUL CHAPLIN,2120 => 2114 (R),W
189,2012 U.S. SENIOR OPEN CHESS CHAMPIONSHIP,US SENIOR,3,,10228956,JOHN B CARR,2117 => 2124 (R),W
190,GREATER PROVIDENCE OPEN,OPEN,1,,12489241,DAVID J HARRIS,2125 => 2124 (R),W
191,GREATER PROVIDENCE OPEN,OPEN,2,,12868372,FARZAD ABDI,2199 => 2201 (R),W
192,06-16-2012,MASTERS,2,,14933910,AHMET BOLAT,2157 => 2253 (R),W
193,06-16-2012,MASTERS,4,,12868372,FARZAD ABDI,2188 => 2199 (R),W
194,23RD  ANNUAL VERMONT RESORT OPEN!,OPEN!,4,,12653439,ROBERT P COUSINS,2167 => 2176 (R),W
195,MASSACHUSETTS G-60 CHAMPIONSHIP,OPEN,1,,13987660,ANDREW LIU,2108 => 2118 (R),W
196,CMC MARCH GRAND PRIX 03-31-2012,SECTION1,4,,13301606,DANIIL MOSIYENKO,2168 => 2183 (R),W
197,21ST ANNUAL EASTERN CLASS,MASTER,1,,13799893,JONATHAN TYLER RICHMAN,2104 => 2089 (R),W
198,21ST ANNUAL EASTERN CLASS,MASTER,3,,13462174,STANISLAV BUSYGIN,2113 => 2116 (R),W
199,WINTER RAPIDS,UPPER,2,,12489241,DAVID J HARRIS,2151 => 2161 (R),W
200,LAND OF THE SKY XXV,OPEN,1,W,10271045,JOHN TIMMEL,2178 => 2188 (R),D
201,LAND OF THE SKY XXV,OPEN,4,W,13055966,PETER GIANNATOS,2110 => 2112 (R),W
202,LAND OF THE SKY XXV,OPEN,5,B,10386161,THOMAS DAVID BRAUNLICH,2176 => 2189 (R),W
203,BLACKSTONE NEW YEAR OPEN,OPEN,3,,12489241,DAVID J HARRIS,2104 => 2103 (R),W
204,PORTSMOUTH OPEN,OPEN,2,,10029732,DAVID E CARTER,2172 => 2167 (R),W
205,NEW ENGLAND SENIOR OPEN!,GM SWEEP!,3,,10031443,MATTHEW DEREK MEREDITH,2187 => 2200 (R),W
206,PILLSBURY MEMORIAL,OPEN,2,,10031443,MATTHEW DEREK MEREDITH,2196 => 2187 (R),W
207,42ND ANNUAL NATIONAL CHESS CONGRESS,PREMIER,1,,13023280,KAPIL CHANDRAN,2171 => 2175 (R),W
208,42ND ANNUAL NATIONAL CHESS CONGRESS,PREMIER,3,,12885132,ALEXANDER KATZ,2150 => 2223 (R),D
209,20TH KINGS ISLAND OPEN!,OPEN!,1,,12641782,ROBERT F KEATING,2186 => 2185 (R),W
210,CMC SATURDAY 10-29-2011,OPEN,1,,13301606,DANIIL MOSIYENKO,2142 => 2133 (R),W
211,MARLBORO ACTION SWISS,OPEN,1,,12868372,FARZAD ABDI,2199 => 2201 (R),W
212,CONTINENTAL OPEN,OPEN,5,,12489241,DAVID J HARRIS,2108 => 2126 (R),W
213,16TH ANNUAL BRADLEY OPEN!,OPEN!,1,,13722590,GRANT Y XU,2162 => 2168 (R),W
214,CMC SATURDAY 7-2-2011,OPEN,2,,12472704,FRANK WANG,2159 => 2161 (R),W
215,19TH NY STATE OPEN!,OPEN!,2,,12919199,CHRISTOPHER WU,2151 => 2159 (R),D
216,2ND ANNUAL HARTFORD OPEN!,OPEN!,1,,13242201,JOSHUA COLAS,2186 => 2188 (R),W
217,2011 BERMUDA INTERNATIONAL OPEN,OPEN,2,,14621391,KEITH B RICHARDSON,2107 => 2071 (R),W
218,LAND OF THE SKY XXIV,OPEN,1,,12820785,JOSHUA MU,2114 => 2108 (R),W
219,LAND OF THE SKY XXIV,OPEN,3,,13957214,PHILIPP LAMBY,2190 => 2188 (R),W
220,PORTSMOUTH OPEN,OPEN,3,,14480077,BERNHARD SEEHAUS,2172 => 2171 (R),W
221,ATLANTIC CITY INTERNATIONAL 2010,OPEN,1,,12667543,HANA ITKIS,2113 => 2117 (R),W
222,BLACKSTONE DECEMBER DERBY,OPEN,2,,12671059,BENJAMIN D GOLDBERG,2197 => 2196 (R),W
223,2010 RHODE ISLAND OPEN,OPEN,1,,10006473,JOHN WILLARD MORAN,2178 => 2181 (R),W
224,2010 RHODE ISLAND OPEN,OPEN,2,,12853421,STUART S FINNEY,2161 => 2183 (R),W
225,2010 RHODE ISLAND OPEN,OPEN,3,,12671059,BENJAMIN D GOLDBERG,2175 => 2202 (R),D
226,2010 RHODE ISLAND OPEN,OPEN,4,,10031443,MATTHEW DEREK MEREDITH,2126 => 2130 (R),W
227,19TH KINGS ISLAND OPEN!,OPEN!,1,,10422159,GERALD A LARSON,2168 => 2166 (R),W
228,NOVEMBER VAMP,OPEN,3,,12671059,BENJAMIN D GOLDBERG,2176 => 2175 (R),W
229,PURITY SPRING OPEN,OPEN,2,,11235611,PATRICK SCIACCA,2171 => 2162 (R),W
230,CONTINENTAL CLASS CHAMPIONSHIPS,MASTER,1,,12919199,CHRISTOPHER WU,2133 => 2142 (R),W
231,GREEN MOUNTAIN OPEN,OPEN,2,,12919199,CHRISTOPHER WU,2127 => 2133 (R),W
232,70TH NEW ENGLAND OPEN,CHAMP,1,,12853421,STUART S FINNEY,2171 => 2150 (R),W
233,70TH NEW ENGLAND OPEN,CHAMP,6,,12921011,ALEXANDER FIKIET,2176 => 2210 (R),D
234,CONTINENTAL OPEN,OPEN,4,,12826713,BENJAMIN W KRAUSE,2158 => 2185 (R),W
235,16TH ANNUAL NORTHEAST OPEN!,OPEN!,3,,13023280,KAPIL CHANDRAN,2128 => 2136 (R),W
236,15TH ANNUAL BRADLEY OPEN!,OPEN!,4,,12910347,WILLIAM FISHER,2141 => 2158 (R),W
237,38TH ANNUAL WORLD OPEN,OPEN,1,,12913092,ROBERT M PEREZ,2175 => 2182 (R),W
238,CONNECTICUT STATE CHAMPIONSHIP,OPEN,2,,12796888,JAMES O DICKSON,2174 => 2178 (R),W
239,CONNECTICUT STATE CHAMPIONSHIP,OPEN,3,,12921011,ALEXANDER FIKIET,2188 => 2199 (R),W
240,SEACOAST OPEN,OPEN,2,,12449268,MICHAEL NIEMCZYK,2139 => 2150 (R),W
241,79TH MASSACHUSETTS OPEN,OPEN,1,,13023280,KAPIL CHANDRAN,2106 => 2083 (R),D
242,20TH MASSACHUSETTS G-60 CHAMPIONSHI,OPEN,3,,14241298,ZONGYUAN YUAN,2101 => 2107 (R),W
243,FREEPORT OPEN,OPEN,2,,12727791,DAVID ARIEL PLOTKIN,2120 => 2114 (R),W
244,2010 HARTFORD OPEN,OPEN,1,,12550938,BENJAMIN KATZ,2138 => 2129 (R),W
245,PHILADELPHIA OPEN,OPEN,5,,12921011,ALEXANDER FIKIET,2196 => 2211 (R),W
246,32ND ANNUAL MARCHAND OPEN 2010,OPEN,2,,12550168,SAM BARSKY,2100 => 2100 (R),W
247,2010 BERMUDA OPEN,BERMUDA OP,3,,12684922,SYLVESTER SMARTY,2136 => 2134 (R),W
248,PORTSMOUTH OPEN,OPEN,2,,11235611,PATRICK SCIACCA,2161 => 2155 (R),W
249,BCF $10 OPEN JAN 2010,OPEN,3,,12594672,CAREY THEIL,2199 => 2204 (R),W
250,36TH ANNUAL EASTERN OPEN,OPEN,1,,12693164,DANIEL E MALKIEL,2169 => 2167 (R),W
251,HARRY LYMAN MEMORIAL,OPEN,4,,12534712,ALAN CURTIS PRICE,2100 => 2128 (R),D
252,1ST SAINT NICK SWISS,OPEN,2,,11235611,PATRICK SCIACCA,2175 => 2165 (R),W
253,1ST SAINT NICK SWISS,OPEN,3,,12921011,ALEXANDER FIKIET,2115 => 2131 (R),W
254,3RD ELI BOURDON MEMORIAL,OPEN,1,,12848561,DANIEL ROZOVSKY,2134 => 2139 (R),W
255,15TH ANNUAL NORTHEAST OPEN,OPEN,2,,12631594,RYAN GOLDENBERG,2157 => 2175 (R),W
256,59TH NEW HAMPSHIRE OPEN,OPEN,3,,12634354,JASON STUART SPECTOR,2153 => 2154 (R),W
257,2009 NATIONAL OPEN CHAMPIONSHIP,OPEN,1,,12864719,HOWARD JED CHEN,2184 => 2188 (R),W
258,78TH MASSACHUSETTS OPEN,OPEN,1,,11235611,PATRICK SCIACCA,2141 => 2151 (R),W
259,78TH MASSACHUSETTS OPEN,OPEN,4,,12580336,ILYA KRASIK,2188 => 2207 (R),W
260,PORTSMOUTH OPEN,OPEN,2,,11235611,PATRICK SCIACCA,2131 => 2141 (R),W
261,CSCA 2009 STATE CHAMPIONHIP GRAND P,SECTION2,1,,10036917,HANON RUSSELL,2100 => 2091 (R),W
262,ICA SPRING 2009 OPEN CHAMPIONSHIP,S5 >14 ALL,2,,10158419,GREGORY MATTHEW NOLAN,2115 => 2139 (R),L
263,NASHUA OPEN,OPEN,4,,12580336,ILYA KRASIK,2164 => 2169 (R),W
264,2009 BERMUDA OPEN,BERMUDA OP,2,,13390280,CONRAD HO,2142 => 2155 (R),W
265,35TH ANNUAL EASTERN OPEN,OPEN,1,,11134131,JERALD TIMES,2168 => 2189 (R),L
266,MANCHESTER DECEMBER SWISS,OPEN,4,,11235611,PATRICK SCIACCA,2122 => 2109 (R),W
267,SOUTHERN NEW HAMPSHIRE OPEN,OPEN,5,,11235611,PATRICK SCIACCA,2114 => 2116 (R),W
268,CONTINENTAL OPEN,OPEN,1,,12631594,RYAN GOLDENBERG,2165 => 2153 (R),W
269,UCONN JUNE OPEN GRAND PRIX,SECTION1,3,,12616022,MR. DANIEL LOWINGER,2178 => 2210 (R),L
270,18TH MASS. G/60 CHAMPIONSHIP,OPEN,4,,12000550,GREGORY O KADEN,2186 => 2200 (R),W
271,LAND OF THE SKY XXI,OPEN,1,,10202850,MARK S HATHAWAY,2110 => 2102 (R),W
272,34TH ANNUAL EASTERN OPEN,OPEN,1,,12780648,PATRICK JOHN TAE,2179 => 2188 (R),W
273,67TH NEW ENGLAND OPEN,OPEN,1,,11235611,PATRICK SCIACCA,2125 => 2129 (R),L
274,129TH ANNUAL NY STATE CHAMPIONSHIP!,OPEN!!,4,,12690413,MICHAEL THALER,2125 => 2143 (R),W
275,19TH VERMONT RESORT OPEN!,ALEX'S_OPEN!,5,,12409157,ANATOLY TRUBMAN,2120 => 2122 (R),W
276,CONTINENTAL OPEN,CONO,1,,12690413,MICHAEL THALER,2112 => 2103 (R),W
277,35TH ANNUAL WORLD OPEN,O,1,,12669552,BRADLEY SAWYER,2142 => 2140 (R),W
278,BRADLEY OPEN,OPEN,1,,12817693,ROZA EYNULA,2138 => 2122 (R),W
279,76TH MASSACHUSETTS OPEN,OPEN,1,,12661307,ANDREW N BAKKER,2197 => 2202 (R),W
280,2007 RI STATE CHAMPIONSHIP,OPEN,2,,12580336,ILYA KRASIK,2128 => 2151 (R),W
281,2007 RI STATE CHAMPIONSHIP,OPEN,5,,12354190,MR. JOSEPH DELANO ACAMPORA JR.,2137 => 2152 (R),W
282,33RD ANNUAL EASTERN OPEN,OPEN,1,,12876648,DANIEL YEAGER,2190 => 2211 (R),W
283,33RD ANNUAL EASTERN OPEN,OPEN,3,,12801477,ALEXANDER C HEIMANN,2178 => 2170 (R),W
284,NATIONAL CHESS CONGRESS,NCCPR,1,,12809707,VICTOR C SHEN,2193 => 2196 (R),W
285,88TH RHODE ISLAND PAWN EATER,OPEN,2,,12841694,MAX G MALYUTA,2130 => 2139 (R),W
286,BOSTON UNIVERSITY OPEN,SECTION1,1,,12416945,MARK SHMULEVICH,2121 => 2106 (R),W
287,BOSTON UNIVERSITY OPEN,SECTION1,2,,12788759,CHRIS WILLIAMS,2174 => 2172 (R),W
288,2006 GOVERNOR'S CUP,OPEN,1,,12895744,MICHAEL YANG,2104 => 2103 (R),W
289,2006 GOVERNOR'S CUP,OPEN,2,,12632954,JASON M DRAKE,2168 => 2167 (R),W
290,SUDBURY RIVER CHESS 2006 FALL CLASS,OPEN,3,,12616022,MR. DANIEL LOWINGER,2119 => 2112 (R),W
291,75TH MASSACHUSETTS OPEN,OPEN,1,,12679142,JOSH P BAKKER,2142 => 2158 (R),W
292,2006 RHODE ISLAND CHAMPIONSHIP,OPEN,4,,12354190,MR. JOSEPH DELANO ACAMPORA JR.,2120 => 2129 (R),W
293,NYS G/45 & LI CHESS NUTS SCHOLASTIC,OPEN,2,,10098068,JON JACOBS,2182 => 2193 (R),W
294,NYS G/45 & LI CHESS NUTS SCHOLASTIC,OPEN,4,,12787319,PARKER BI GUANG ZHAO,2197 => 2208 (R),D
295,32ND EASTERN OPEN,OPEN,1,,12847250,RAY ROBSON,2171 => 2180 (R),W
296,32ND EASTERN OPEN,OPEN,2,,12810483,ZHI-YA HU,2166 => 2163 (R),W
297,32ND EASTERN OPEN,OPEN,3,,12770589,MARC TYLER ARNOLD,2193 => 2201 (R),W
298,32ND EASTERN OPEN,OPEN,6,,13220698,IGOR BOSS,2146 => 2235 (R),W
299,11TH GREEN MOUINTAIN OPEN!,OPEN!,3,,12426702,TIMOTHY MIRABILE,2197 => 2193 (R),W
300,78TH RHODE ISLAND PAWN EATER,OPEN,4,,12841694,MAX G MALYUTA,2121 => 2125 (R),W
301,16TH VERMONT RESORT OPEN!,OPEN,2,,12841694,MAX G MALYUTA,2168 => 2150 (R),W
302,74TH MASSACHUSETTS OPEN,OPEN,1,,12679142,JOSH P BAKKER,2146 => 2132 (R),W
303,2005 RHODE ISLAND STATE CHAMPIONSHI,OPEN,2,,12354190,MR. JOSEPH DELANO ACAMPORA JR.,2119 => 2120 (R),W
304,30TH HARVARD OPEN,OPEN,2,,12580336,ILYA KRASIK,2152 => 2157 (R),W
305,7TH ANNUAL FOXWOODS OPEN,FOX-OP,1,,12833280,SHIYAM THAVANDIRAN,2143 => 2266 (R),W
306,14TH EASTERN CLASS CHAMPIONSHIPS!,MASTERS!,1,,10266785,MARK JOHN LAROCCA,2100 => 2100 (R),D
307,2005 NORTHEAST CHESS WINTER GETAWAY,OPEN,1,,12832250,OSAMU KATSUHARA,2102 => 2109 (R),W
308,2005 NORTHEAST CHESS WINTER GETAWAY,OPEN,2,,10266785,MARK JOHN LAROCCA,2107 => 2108 (R),W
309,31ST ANNUAL EASTERN OPEN,OPEN,1,,12478873,MR. CHRIS MABE,2111 => 2104 (R),W
310,PILLSBURY MEMORIAL,OPEN,2,,12679142,JOSH P BAKKER,2171 => 2170 (R),W
311,VERMONT RESORT OPEN,OPEN,5,,12694870,MAX ENKIN,2130 => 2153 (R),D
312,NORTHEAST CHESS SUMMER GETAWAY,OPEN,4,,12694870,MAX ENKIN,2110 => 2130 (R),W
313,32ND ANNUAL WORLD OPEN,OPEN!!,5,,12789975,DANIEL A TAPIA,2190 => 2256 (R),W
314,73RD MASSACHUSETTS OPEN,OPEN,2,,12663907,MELVIN ZHANG,2126 => 2137 (R),D
315,MASSACHUSETTS G/60 CHAMPIONSHI,OPEN,1,,11235611,PATRICK SCIACCA,2121 => 2113 (R),W
316,MCC HOLIDAY SWISS,OPEN,4,,11235611,PATRICK SCIACCA,2125 => 2126 (R),W
317,PILLSBURY MEMORIAL,OPEN,2,,12621559,LEONID TKACH,2107 => 2091 (R),W
318,PILLSBURY MEMORIAL,OPEN,3,,12663907,MELVIN ZHANG,2132 => 2146 (R),W
319,MCC STAN CROWE MEMORIAL,OPEN,5,,11235611,PATRICK SCIACCA,2127 => 2129 (R),W
320,34 NATIONAL CHESS CONGRESS: TO,PREMIER,4,,12662799,TEDDY COLEMAN,2187 => 2197 (R),W
321,NORTHEAST CHESS FALL GETAWAY,OPEN,1,,12532893,MARK SHIFRIN,2159 => 2155 (R),L
322,NORTHEAST CHESS FALL GETAWAY,OPEN,3,,12694870,MAX ENKIN,2130 => 2124 (R),W
323,MCC HALLOWEEN SWISS,OPEN,2,,11235611,PATRICK SCIACCA,2129 => 2135 (R),W
324,13TH VERMONT RESORT OPEN!,OPEN,1,,12756095,MARK H GAUDREAU,2136 => 2183 (R),L
325,8TH BRADLEY OPEN!,OPEN,3,,12748070,MARTIN NILSSON,2165 => 2164 (R),W
326,8TH BRADLEY OPEN!,OPEN,5,,10036917,HANON RUSSELL,2138 => 2155 (R),W
327,NATIONAL OPEN,OPEN,1,,12667051,MONTY PECKHAM,2173 => 2163 (R),W
328,GAME/90 CHAMPIONSHIP,OPEN,5,,12806095,ADITYA PRASETYO,2122 => 2126 (R),W
329,12TH EASTERN CLASS CHAMPIONSHI,MASTERS,4,,12683681,JAKE KLEIMAN,2179 => 2192 (R),W
330,"25TH NEWTON OPEN $3,000 CHESS",1,2,,12598805,MR. EUGENE YANAYT,2135 => 2141 (R),W
331,"25TH NEWTON OPEN $3,000 CHESS",1,4,,12663907,MELVIN ZHANG,2108 => 2110 (R),W
332,PILLSBURY MEMORIAL,OPEN,2,,12663907,MELVIN ZHANG,2115 => 2108 (R),W
333,2002 NORTHEAST CHESS FALL GETA,OPEN,1,,12806095,ADITYA PRASETYO,2132 => 2136 (R),W
334,3RD DAVID M LEES MEMORIAL,OPEN,1,,12697615,JEREMY WHITNEY,2119 => 2110 (R),W
335,13TH VERMONT,OPEN,3,,10356857,MARC PLUM,2167 => 2174 (R),W
336,62ND NEW ENGLAND OPEN,OPEN,1,,12481381,KIMANI A STANCIL,2123 => 2109 (R),W
337,62ND NEW ENGLAND OPEN,OPEN,1,,12416945,MARK SHMULEVICH,2111 => 2109 (R),W
338,62ND NEW ENGLAND OPEN,OPEN,2,,12604250,MR. ANTOINE HUTCHINSON,2122 => 2104 (R),W
339,103RD ANNUAL US OPEN - 2002,OPEN,4,,12695139,DAVID A SCOTT,2122 => 2139 (R),W
340,7TH BRADLEY OPEN!,OPEN!,1,,10356857,MARC PLUM,2155 => 2150 (R),W
341,52ND NEW HAMPSHIRE OPEN,OPEN,2,,12598805,MR. EUGENE YANAYT,2141 => 2152 (R),W
342,DOWN EAST OPEN,OPEN,3,,12517761,DAVID J OSHANA,2125 => 2131 (R),W
343,71ST MASSACHUSETTS OPEN,OPEN,1,,12481381,KIMANI A STANCIL,2142 => 2133 (R),W
344,71ST MASSACHUSETTS OPEN,OPEN,2,,12649995,JACK STOLERMAN,2166 => 2176 (R),W
345,9TH NY STATE OPEN!,OPEN,1,,12697615,JEREMY WHITNEY,2110 => 2084 (R),W
346,2ND VERMONT SPRING OPEN!,OPEN,4,,12611870,CHARLES RIORDAN,2148 => 2150 (R),W
347,2002 NATIONAL OPEN,OPEN,6,,20076751,JEFFREY ASHTON,2194 => 2199 (R),W
348,MILLENNIUM CHESS FESTIVAL III,OPEN,1,,10251648,ROBERT J FISCHER,2119 => 2112 (R),W
349,MILLENNIUM CHESS FESTIVAL III,OPEN,3,,12657897,JOHN ROULEAU,2188 => 2192 (R),W
350,GOVENORS CUP OPEN,1,1,,10364833,BOB HOLLIMAN,2120 => 2123 (R),W
351,2001 NEW JERSEY OPEN,1,3,,12550168,SAM BARSKY,2117 => 2119 (R),W
352,MCC SPRING SWISS,OPEN,2,,12160210,BIJAN HARIRIAN,2101 => 2088 (R),W
353,2001 NATIONAL OPEN,OPEN,1,,12395007,PAUL D LANE,2108 => 2098 (R),W
354,10TH EASTERN CLASS CHAMPIONSHI,MASTERS,2,,12753681,BRADEN BOURNIVAL,2146 => 2150 (R),W
355,US AMATEUR TEAM EAST,OPEN,2,,12679167,VLADIMIR S GETMAN,2133 => 2130 (R),W
356,US AMATEUR TEAM EAST,OPEN,5,,12523517,GEORGE P BERG,2113 => 2125 (R),W
357,2000 PILLSBURY MEMORIAL,OPEN,1,,12413451,ROBERT ARMES,2106 => 2116 (R),D
358,69TH MASSACHUSETTS OPEN,OPEN,1,,12481381,KIMANI A STANCIL,2118 => 2138 (R),W
359,69TH MASSACHUSETTS OPEN,OPEN,3,,12575788,CHRIS DESMARAIS,2150 => 2187 (R),W
360,69TH MASSACHUSETTS OPEN,OPEN,4,,12661307,ANDREW N BAKKER,2148 => 2212 (R),L
361,NEW YORK OPEN,OPEN,1,,12630197,ARKADY KATLYAREVSKIY,2191 => 2186 (R),W
362,NATIONAL OPEN 2000,OPEN,6,,12458442,DALE HAESSEL,2189 => 2198 (R),W
363,24TH QUEEN CITY OPEN,OPEN,2,,12649995,JACK STOLERMAN,2126 => 2107 (R),W
364,24TH QUEEN CITY OPEN,OPEN,3,,12593986,JOSHUA E FRIEDEL,2199 => 2203 (R),W
365,EASTERN OPEN,OPEN,1,,12557735,SAMSON BENEN,2193 => 2228 (R),D
366,EASTERN OPEN,OPEN,2,,10078415,BRUCE E ALTSCHULER,2135 => 2095 (R),W
367,MCC STANLEY CROWE MEMORIAL,OPEN,5,,10019702,EDWARD RUDOLPH EPP,2101 => 2143 (R),W
368,5TH ANNUAL BOSTON UNIVERSITY O,OPEN,2,,10146712,J TIMOTHY SAGE,2171 => 2159 (R),W
369,66TH GREATER BOSTON OPEN,OPEN,1,,12593986,JOSHUA E FRIEDEL,2136 => 2143 (R),W
370,27TH HARVARD OPEN,OPEN,2,,12443224,TODD W ROWLAND,2159 => 2158 (R),W
371,27TH HARVARD OPEN,OPEN,4,,12481381,KIMANI A STANCIL,2149 => 2164 (R),W
372,4TH ANNUAL GOVERNOR'S CUP,OPEN,1,,10328969,STEPHEN J TURMO,2103 => 2103 (R),W
373,4TH ANNUAL BRADLEY OPEN!,OPEN,3,,12542977,VICTOR YING,2157 => 2154 (R),W
374,4TH ANNUAL BRADLEY OPEN!,OPEN,4,,12557735,SAMSON BENEN,2127 => 2149 (R),W
375,MCC SPRING SWI...N TWO SECTION,OPEN,4,,10019702,EDWARD RUDOLPH EPP,2104 => 2104 (R),W
376,6TH STRATTON MOUNTAIN OPEN!,OPEN?!,3,,12560381,ASUKA NAKAMURA,2142 => 2137 (R),W
377,ASIAN-AMERICAN,GRAND PRIX,5,,12691659,MIKHAIL BELORUSOV,2189 => 2219 (R),L
378,1999 NATIONAL OPEN,CHAMP,1,,10465117,LARRY SNYDER,2151 => 2132 (R),W
379,23RD QUEEN CITY OPEN,OPEN,2,,10266785,MARK JOHN LAROCCA,2162 => 2149 (R),W
380,LAND OF THE SKY XII,OpenS,1,,10062110,RICHARD FABIANO,2108 => 2099 (R),W
381,2ND HARRY LYMAN OPEN,OPEN,1,,12549169,TOMIHISA KATO,2159 => 2133 (R),W
382,BLACK IS OK!!,,6,,12613557,VLADIMIR GRECHIKHIN,2179 => 2197 (R),D
383,26TH HARVARD OPEN,OPEN,4,,12683127,DAVID TYLEVICH,2193 => 2215 (R),W
384,1998 GOVERNOR'S CUP,OPEN,1,,11204031,DAVID A COLE,2117 => 2137 (R),L
385,9TH VERMONT RESORT OPEN!,OPEN,4,,11508570,DAVID L KATZ,2176 => 2182 (R),W
386,CONTINENTAL OPEN,OPEN,1,,12458442,DALE HAESSEL,2199 => 2191 (R),W
387,48TH NH OPEN,OPEN,1,,11235611,PATRICK SCIACCA,2104 => 2099 (R),W
388,WALTHAM ACTION SWISS,OPEN,2,,11235611,PATRICK SCIACCA,2105 => 2109 (R),W
389,5TH STRATTON MOUNTAIN OPEN,OPEN,2,,12660144,VIKTOR LEVINE,2182 => 2184 (R),W
390,5TH STRATTON MOUNTAIN OPEN,OPEN,4,,10013119,LARRY L SCHMITT,2136 => 2145 (R),W
391,MARCHAND OPEN 20TH ANNUAL,OPEN,2,,12459755,CLIFTON H KHARROUBI,2132 => 2120 (R),W
392,MARCHAND OPEN 20TH ANNUAL,OPEN,3,,12712765,VIVEK NAMBIAR,2147 => 2157 (R),W
393,7TH EASTERN CLASS CHAMPIONSHIP,10 GM'S!!!,1,,12713319,ILYE FIGLER,2116 => 2118 (R),W
394,7TH EASTERN CLASS CHAMPIONSHIP,10 GM'S!!!,3,,10084512,PETER M CHUBINSKY,2190 => 2189 (R),W
395,20TH NEWTON OPEN,OPEN,4,,12602344,ANATOLY LEVIN,2109 => 2093 (R),W
396,FOUR QUEENS HOLIDAY CLASS CHAM,MASTER,2,,12451735,WILLIAM C HAINES,2114 => 2125 (R),W
397,FOUR QUEENS HOLIDAY CLASS CHAM,MASTER,4,,12433066,DANA A WOODS,2197 => 2195 (R),W
398,25TH HARVARD OPEN,OPEN,1,,12621559,LEONID TKACH,2124 => 2100 (R),W
399,27TH CONTINENTAL OPEN!!,OPEN,5,,12545884,GUILLERMO RUIZ GONZALEZ,2174 => 2229 (R),W
400,8TH VERMONT RESORT OPEN!,OPEN,1,,10001838,STANLEY TARGONSKI,2152 => 2163 (R),W
401,25TH ANNUAL WORLD OPEN,OPEN!,3,,12544863,JOVAN PROKOPLJEVIC,2148 => 2152 (R),W
402,4TH NY STATE OPEN,OPEN,2,,12198490,ERIC C JOHNSON,2142 => 2149 (R),W
403,1ST WESTERN MA OVER 1850 GRAND,1,3,,12443224,TODD W ROWLAND,2197 => 2191 (R),W
404,1997 NATIONAL OPEN,OPEN,1,,10301190,LINEAS BAZE,2147 => 2168 (R),W
405,Land of the Sky X,OPEN,2,,12415239,BRENT L SCHWAB,2147 => 2141 (R),W
406,4TH GREEN MOUNTAIN OPEN!,OPEN,1,,10030048,ALAN SHAW,2170 => 2175 (R),W
407,4TH GREEN MOUNTAIN OPEN!,OPEN,2,,12525215,KIRK MCMULLAN,2185 => 2216 (R),W
408,4TH GREEN MOUNTAIN OPEN!,OPEN,4,,10106451,JON FRIEDSON,2128 => 2156 (R),W
409,97TH ANNUAL US OPEN - 1996,Traditiona,5,,12606922,EDDIE TSIBULEVSKY,2120 => 2092 (R),L
410,97TH ANNUAL US OPEN - 1996,Traditiona,7,,12479861,NASSER S SHARIEF,2179 => 2141 (R),W
411,24TH ANNUAL WORLD OPEN,OPEN!,5,,12634777,ANDREI A ZAREMBA,2179 => 2206 (R),W
412,NATIONAL OPEN,CHAMPION,1,,12445071,DAVID CHRISTIAN ROPER,2150 => 2162 (R),W
413,TWIN TOWERS OPEN-NHCP,OPEN,3,,10017777,JAMES D ANDERSON,2143 => 2148 (R),W
414,24TH ANNUAL EMPIRE CITY OPEN!!,,1,,10136580,EDWARD A FRUMKIN,2124 => 2117 (R),W
415,NEWTON/WORCESTER GAME 64'S,SUN OPEN,3,,12414619,ILYA A FIGELMAN,2100 => 2100 (R),D
416,13TH ANNUAL SAND REGENCY WESTE,OPEN,3,,12557356,MARCEL MILAT,2192 => 2202 (R),W
417,2ND GREATER BOSTON GAME/60,OPEN,1,,12520640,MAURICIO RUIZ,2197 => 2191 (R),W
418,117TH ANNUAL NY STATE CHAMPION,CHAMPIONS,1,,12561884,JUSTIN J SARKAR,2168 => 2196 (R),W
419,117TH ANNUAL NY STATE CHAMPION,CHAMPIONS,2,,10118506,ALAN KANTOR,2138 => 2113 (R),W
420,3RD ANNUAL NY STATE OPEN,OPEN,2,,12602267,GEORGI ANGELOV,2169 => 2168 (R),W
421,45TH NEW HAMPSHIRE OPEN,OPEN,1,,12414619,ILYA A FIGELMAN,2118 => 2118 (R),W
422,23RD ANNUAL WORLD OPEN,OPEN,2,,10151384,MARTY C FRANK,2180 => 2185 (R),W
423,1995 NATIONAL OPEN,OPEN,1,,12546334,JEFFREY M MARTIN,2127 => 2097 (R),W
424,1995 NATIONAL OPEN,OPEN,6,,12167490,MICHAEL BUCHAWIECKI,2177 => 2198 (R),W
425,JOHN CURDO OPEN,MASTER/EXP,1,,11235611,PATRICK SCIACCA,2135 => 2104 (R),W
426,JOHN CURDO OPEN,MASTER/EXP,2,,20028434,RIGEL CAPPALLO,2112 => 2128 (R),W
427,JOHN CURDO OPEN,MASTER/EXP,4,,12520640,MAURICIO RUIZ,2187 => 2189 (R),W
428,NATIONAL CHESS CONGRESS,OPEN,3,,11057438,MOSHE KHATENA,2196 => 2202 (R),W
429,MASS GAME/60,OPEN/U2200,1,,12501406,MICHAEL CAVALLO,2110 => 2129 (R),W
430,17TH ANNUAL MONADNOCK MARATHON,,1,,11026290,CHARLES RENE GELINAS,2151 => 2151 (R),W
431,17TH ANNUAL MONADNOCK MARATHON,,8,,11519504,FRANK SISTO,2155 => 2163 (R),D
432,17TH ANNUAL MONADNOCK MARATHON,,9,,10400562,LAWRENCE T LAVIGNE JR.,2123 => 2154 (R),W
433,26TH ANNUAL ATLANTIC OPEN,OPEN,3,,10251648,ROBERT J FISCHER,2165 => 2167 (R),W
434,VERMONT RESORT OPEN,OPEN,1,,12540667,JORDY MONT-REYNAUD,2100 => 2100 (R),W
435,44TH NEW HAMPSHIRE OPEN,CHAMP,1,,12444347,MR. NATHAN A RESIKA,2190 => 2213 (R),W
436,44TH NEW HAMPSHIRE OPEN,CHAMP,5,,10017777,JAMES D ANDERSON,2173 => 2189 (R),W
437,PITTSBURGH OPEN,OPEN,1,,11052452,ANDREW B REA,2148 => 2156 (R),W
438,HARVARD OPEN,OPEN,1,,12416945,MARK SHMULEVICH,2185 => 2206 (R),W
439,NAT'L 1994 NATIONAL OPEN,OPEN,2,,10467276,W LEIGH HUNT,2135 => 2150 (R),W
440,NEW YORK OPEN - 1994,OPEN,1,,12426702,TIMOTHY MIRABILE,2165 => 2146 (R),D
441,GULF COAST OPEN,OPEN,1,,12449867,NORBERT WEISSINGER,2136 => 2129 (R),W
442,9TH CAPITAL DISTRICT OPEN,,3,,10122147,CARL ADAMEC,2116 => 2099 (R),W
443,29TH ANNUAL AMERICAN OPEN,OPEN,1,,12558660,ROBERT GUDINO,2190 => 2190 (R),W
444,CALLO/DIAZ OPEN,,2,,12494633,TOMMY GROOMBRIDGE,2101 => 2064 (R),W
445,4TH ANNUAL VERMONT RESORT OPEN,OPEN,1,,10107954,NAGIB GEBRAN,2122 => 2121 (R),W
446,94TH ANNUAL US OPEN - 1993,,2,,11304001,GLENN DARNELL UMSTEAD,2104 => 2117 (R),D
447,94TH ANNUAL US OPEN - 1993,,4,,12414619,ILYA A FIGELMAN,2171 => 2170 (R),W
448,1993 FUN FEST,OPEN,2,,11477526,JAMES WALKER JR.,2100 => 2105 (R),W
449,1993 FUN FEST,OPEN,4,,11324355,LEONARD S DICKERSON,2154 => 2168 (R),W
450,SOUTHERN OPEN,OPEN,1,,10038812,LOUIS V BUCCINO,2142 => 2136 (R),W
451,NAT'L 1993 NATIONAL OPEN,OPEN,1,,12458604,CHARLES D COLE,2122 => 2100 (R),W
452,8TH CAPITAL DISTRICT OPEN,,2,,10120365,DENNIS M SMITH,2105 => 2051 (R),W
453,8TH CAPITAL DISTRICT OPEN,,3,,10120292,LEE T BATTES,2109 => 2126 (R),W
454,16TH QUEEN CITY OPEN,OPEN,1,,10017777,JAMES D ANDERSON,2135 => 2136 (R),W
455,LAND OF THE SKY GRAND PRIX V,OPEN,1,,10215994,TIMOTHY BROOKSHEAR,2188 => 2181 (R),W
456,7TH CAPITAL DISTRICT OPEN,,2,,12433054,DAVID A ARNETT,2147 => 2152 (R),W
457,HARRY NELSON PILLSBURY MEMORIA,OPEN,1,,12555362,KENNETH G SARNER,2138 => 2116 (R),W
458,NASHUA FALL GAME/60,OPEN,2,,12153390,KENNETH TUCKER,2127 => 2138 (R),W
2,12TH ANNUAL BOSTON CHESS CONGRESS!,PREMIER SECTION!,4,B,12167330,LAWYER TIMES,2204 => 2201 (R),W
3,4TH BOSTON ELITE THANKSGIVING FIDE,PREMIER,3,B,12481929,SINCLAIR BANKS,2208 => 2208 (R),W
4,BCF FALL FESTIVAL,OPEN,4,B,30698398,MIKAYEL MKRTCHYAN,2272 => 2268 (R),D
5,OCEAN STATE CHESS PREMIER OPEN CHAMPIONSHIP,OPEN,4,B,13206647,SIDDHARTH ARUN,2200 => 2200 (R),W
6,82ND NEW ENGLAND OPEN,CHAMPIONSHIP,3,B,30698398,MIKAYEL MKRTCHYAN,2231 => 2228 (R),W
7,82ND NEW ENGLAND OPEN,CHAMPIONSHIP,5,B,14688723,JOSEPH TRUELSON,2289 => 2298 (R),D
8,82ND NEW ENGLAND OPEN,CHAMPIONSHIP,6,W,13679247,ANTON BARASH,2232 => 2246 (R),D
9,53RD ANNUAL CONTINENTAL OPEN!,PREMIER SECTION!,3,B,12598805,MR. EUGENE YANAYT,2227 => 2233 (R),L
10,53RD ANNUAL CONTINENTAL OPEN!,PREMIER SECTION!,7,B,13679247,ANTON BARASH,2223 => 2237 (R),L
11,BOSTON ELITE SUMMER CLASSIC 2023,1_PREMIER,6,W,12167330,LAWYER TIMES,2216 => 2217 (R),W
12,91ST MASSACHUSETTS OPEN,CHAMPIONSHIP,3,B,30698398,MIKAYEL MKRTCHYAN,2246 => 2265 (R),D
13,91ST MASSACHUSETTS OPEN,CHAMPIONSHIP,5,W,15742464,ERIC Z FENG,2208 => 2199 (R),W
14,31ST MASSACHUSETTS G/60 CHAMPIONSHIP,CHAMPIONSHIP,4,W,16379802,RYAN SUN,2260 => 2261 (R),W
15,SPRING FESTIVAL,OPEN,3,B,16379802,RYAN SUN,2267 => 2260 (R),W
16,11TH ANNUAL BOSTON CHESS CONGRESS!,PREMIER SECTION!,3,W,14212491,NITHIN KAVI,2230 => 2253 (R),W
17,3RD_BOSTON_ELITE_THANKSGIVING_OPEN_,1_PREMIER__FIDE_,6,B,13679247,ANTON BARASH,2213 => 2211 (R),W
18,CIRCUS & SPECTACLE,OPEN,6,B,12598805,MR. EUGENE YANAYT,2200 => 2210 (R),W
19,87TH GREATER BOSTON OPEN,OPEN,4,W,30749086,SHAMI ABDULLAYEV,2204 => 2208 (R),W
20,81ST NEW ENGLAND OPEN,CHAMPIONSHIP,3,W,14991426,PRATHIBA GOUNDER,2266 => 2240 (R),W
21,52ND ANNUAL CONTINENTAL OPEN,MASTER,1,B,13679247,ANTON BARASH,2208 => 2251 (R),W
22,52ND ANNUAL CONTINENTAL OPEN,MASTER,7,B,14215292,DAVID ZHURBINSKY,2251 => 2258 (R),W
23,BOSTON_ELITE_SUMMER_CLASSIC_2022- S,PREMIER,2,W,13743486,DEX WEBSTER,2266 => 2259 (R),W
24,90TH MASSACHUSETTS OPEN,CHAMPIONSHIP,2,B,12167330,LAWYER TIMES,2200 => 2200 (R),W
25,10TH ANNUAL BOSTON CHESS CONGRESS,PREMIER SECTION,3,W,12167330,LAWYER TIMES,2200 => 2213 (R),W
26,89TH MASSACHUSETTS OPEN,CHAMPIONSHIP,6,W,12167330,LAWYER TIMES,2200 => 2200 (R),W
27,80TH NEW ENGLAND OPEN,CHAMPIONSHIP,5,B,12167330,LAWYER TIMES,2205 => 2200 (R),W
28,BOSTON_ELITE_JUNE_OPEN,OPEN,3,B,14361257,SURAJ RAMANATHAN,2200 => 2207 (R),D
29,DR DAVID OSTFELD MEMORIAL ICA JAN 2,S7 O >140,3,,16939802,ROMAN P MALYSHEV,2223 => 2227 (R),D
30,8TH ANNUAL BOSTON CHESS CONGRESS!,PREMIER SECTION!,4,B,14920851,MARTHA SAMADASHVILI,2293 => 2296 (R),W
31,HARRY NELSON PILLSBURY MEMORIAL,OPEN,3,W,14212491,NITHIN KAVI,2289 => 2294 (R),W
32,BOSTON ELITE THANKSGIVING OPEN,MASTER,5,B,12167330,LAWYER TIMES,2231 => 2206 (R),W
33,BOSTON ELITE THANKSGIVING OPEN,MASTER,6,W,14212491,NITHIN KAVI,2251 => 2289 (R),D
34,5TH ANNUAL STAMFORD OPEN!,MAJOR SECTION!,5,W,17183386,CRISTIAN CAMILO OSORIO,2249 => 2271 (R),W
35,86TH GREATER BOSTON OPEN,OPEN,3,W,12167330,LAWYER TIMES,2219 => 2231 (R),W
36,4TH MASSACHUSETTS SENIOR OPEN,OPEN,4,W,12740272,ALEJANDRO FELIX BOTTA,2222 => 2228 (R),D
37,79TH NEW ENGLAND OPEN,CHAMPIONSHIP,5,B,12868372,FARZAD ABDI,2298 => 2308 (R),W
38,BOSTON ELITE SUMMER CLASSIC AUGUST,PREMIER,3,B,16434545,RAJESH SHANMUGASUNDARAM,2292 => 2308 (R),L
39,24TH BRADLEY OPEN,MAJOR,5,B,14969622,DANILA POLIANNIKOV,2283 => 2284 (R),W
40,WESTFORD JULY OPEN,CHAMPIONSHIP,4,W,10029732,DAVID E CARTER,2269 => 2267 (R),W
41,WESTFORD JUNE ACTION,OPEN,4,B,12846607,ANDREW HOY,2274 => 2271 (R),W
42,WESTFORD JUNE ACTION,OPEN,7,W,15391332,JERRY LI,2202 => 2207 (R),D
43,25TH ANNUAL NORTHEAST OPEN!,MAJOR SECTION!,2,W,14384293,JOSEPH HAN,2266 => 2288 (R),L
44,25TH ANNUAL NORTHEAST OPEN!,MAJOR SECTION!,5,W,14969622,DANILA POLIANNIKOV,2280 => 2282 (R),W
45,88TH MASSACHUSETTS OPEN,CHAMPIONSHIP,4,W,14969622,DANILA POLIANNIKOV,2269 => 2280 (R),W
46,88TH MASSACHUSETTS OPEN,CHAMPIONSHIP,5,B,16974012,RIDVAN SAKIR,2284 => 2337 (R),L
47,29TH MASSACHUSETTS G/60 CHAMPIONSHIP,OPEN,3,B,14969622,DANILA POLIANNIKOV,2252 => 2269 (R),L
48,28TH ANNUAL EASTERN CLASS CHAMPS,MASTER,2,W,14212491,NITHIN KAVI,2201 => 2211 (R),W
49,THE MODERN CHESS CONCEPTIONS CLASSIC,CHAMPIONSHIP,3,W,16434545,RAJESH SHANMUGASUNDARAM,2284 => 2287 (R),W
50,WN 2019 ST PATRICK'S DAY OPEN,OPEN,3,B,16434545,RAJESH SHANMUGASUNDARAM,2282 => 2284 (R),W
51,WN 2019 ST PATRICK'S DAY OPEN,OPEN,4,W,11519504,FRANK SISTO,2249 => 2256 (R),W
52,WN 2019 WINTER OPEN,OPEN,3,W,16434545,RAJESH SHANMUGASUNDARAM,2272 => 2267 (R),W
53,WN 2019 WINTER OPEN,OPEN,4,B,11519504,FRANK SISTO,2265 => 2260 (R),W
54,BCF POLAR VORTEX GRAND PIRX,OPEN,3,W,12846607,ANDREW HOY,2254 => 2275 (R),L
55,WESTFORD JANUARY OPEN,CHAMPIONSHIP,2,W,10029732,DAVID E CARTER,2271 => 2260 (R),W
56,78TH NEW ENGLAND OPEN,CHAMPIONSHIP,5,B,13751622,RYAN SOWA,2298 => 2309 (R),W
57,78TH NEW ENGLAND OPEN,CHAMPIONSHIP,6,W,10012571,WILLIAM J KELLEHER,2285 => 2298 (R),D
58,2ND BOSTON ELITE CHESS TOURNAMENT,MASTER,2,B,15418978,ALAN SONG,2233 => 2242 (R),W
59,WESTFORD JUNE OPEN,CHAMPIONSHIP,4,W,16434545,RAJESH SHANMUGASUNDARAM,2268 => 2288 (R),D
60,87TH MASSACHUSETTS OPEN,CHAMPIONSHIP,2,W,14212491,NITHIN KAVI,2270 => 2267 (R),D
61,87TH MASSACHUSETTS OPEN,CHAMPIONSHIP,3,B,15391332,JERRY LI,2201 => 2200 (R),W
62,87TH MASSACHUSETTS OPEN,CHAMPIONSHIP,5,W,14109882,MICHAEL GREGORY ISAKOV,2252 => 2291 (R),L
63,27TH ANNUAL EASTERN CLASS,MASTER,1,W,13640892,RICHARD YI,2257 => 2262 (R),W
64,27TH ANNUAL EASTERN CLASS,MASTER,3,W,14320958,ANGEL JOCHI HERNANDEZ-CAMEN,2228 => 2229 (R),W
65,27TH ANNUAL EASTERN CLASS,MASTER,4,B,15466232,LIRAN ZHOU,2226 => 2246 (R),W
66,PATRIOT'S DAY OPEN,OPEN,4,W,12740272,ALEJANDRO FELIX BOTTA,2282 => 2279 (R),W
67,2018 SACO OPEN,OPEN,2,W,12431174,JAROD J BRYAN,2252 => 2247 (R),W
68,5TH QUEEN CITY TORNADO,OPEN,3,W,14212491,NITHIN KAVI,2229 => 2236 (R),W
69,1ST BOSTON ELITE CHESS TOURNAMENT,MASTERS,2,B,14320958,ANGEL JOCHI HERNANDEZ-CAMEN,2212 => 2221 (R),W
70,1ST BOSTON ELITE CHESS TOURNAMENT,MASTERS,3,W,12748218,SHERIF KHATER,2247 => 2253 (R),W
71,LAND OF THE SKY XXXI,OPEN,2,B,11414966,PETER BEREOLOS,2243 => 2254 (R),D
72,6TH ANNUAL BOSTON CHESS CONGRESS,PREMIER,1,W,12748218,SHERIF KHATER,2280 => 2277 (R),W
73,6TH ANNUAL BOSTON CHESS CONGRESS,PREMIER,3,W,12788759,CHRIS WILLIAMS,2298 => 2289 (R),W
74,36TH EMPIRE CITY OPEN,MAJOR,4,W,13180925,MAJUR JUAC,2200 => 2200 (R),W
75,BACK BAY OPEN,CHAMPIONSHIP,3,W,16434545,RAJESH SHANMUGASUNDARAM,2271 => 2283 (R),W
76,BACK BAY OPEN,CHAMPIONSHIP,4,B,12598805,MR. EUGENE YANAYT,2289 => 2315 (R),D
77,HARRY NELSON PILLSBURY MEMORIAL,OPEN,2,W,14212491,NITHIN KAVI,2212 => 2199 (R),W
78,48TH ANNUAL NATIONAL CHESS CONGRESS,PREMIER,3,W,15297685,VINCENT TSAY,2252 => 2253 (R),W
79,GREATER PHILADELPHIA WEEKEND OPEN,PREMIER,4,B,13377996,MATTHEW J O'BRIEN,2264 => 2262 (R),W
80,3RD ANNUAL STAMFORD OPEN!,OPEN SECTION!,2,W,15466232,LIRAN ZHOU,2218 => 2215 (R),W
81,84TH GREATER BOSTON OPEN,OPEN,2,W,14212491,NITHIN KAVI,2228 => 2230 (R),W
82,84TH GREATER BOSTON OPEN,OPEN,4,W,12167330,LAWYER TIMES,2253 => 2260 (R),W
83,8TH ANNUAL HARTFORD OPEN,OPEN SECTION!,2,B,14732597,MAXIMILLIAN LU,2269 => 2283 (R),L
84,2ND MASSACHUSETTS SENIOR OPEN,OPEN,3,W,10029732,DAVID E CARTER,2264 => 2264 (R),W
85,77TH NEW ENGLAND OPEN,CHAMPIONSHIP,2,B,14212491,NITHIN KAVI,2202 => 2196 (R),W
86,47TH ANNUAL CONTINENTAL OPEN,OPEN,6,B,14933988,BRANDON WU,2235 => 2256 (R),W
87,PETER HENNER MEMORIAL,PREMIER SECTION!,3,B,14439638,MR. STEPHEN JAMES BARRETT,2247 => 2235 (R),W
88,PETER HENNER MEMORIAL,PREMIER SECTION!,4,W,14109882,MICHAEL GREGORY ISAKOV,2279 => 2287 (R),D
89,22ND ANNUAL BRADLEY OPEN!,OPEN SECTION!,1,W,16408114,HONGTAO LIU,2255 => 2239 (R),D
90,22ND ANNUAL BRADLEY OPEN!,OPEN SECTION!,2,B,12857211,MR. SAMEER SUHAS MUJUMDAR,2261 => 2271 (R),D
91,22ND ANNUAL BRADLEY OPEN!,OPEN SECTION!,4,W,14732597,MAXIMILLIAN LU,2247 => 2255 (R),W
92,67TH NEW HAMPSHIRE OPEN,OPEN,2,B,10029732,DAVID E CARTER,2251 => 2276 (R),L
93,IN MEMORY OF IM DR. DANNY KOPEC,MASTER-EXPERT,2,W,14212491,NITHIN KAVI,2242 => 2231 (R),W
94,BCF JUNE MASTERS SUNDAY,MASTERS,1,W,13751622,RYAN SOWA,2289 => 2307 (R),L
95,86TH MASSACHUSETTS OPEN,CHAMPIONSHIP,2,B,13718126,HAIK OLIVER DER MANUELIAN,2238 => 2243 (R),W
96,86TH MASSACHUSETTS OPEN,CHAMPIONSHIP,6,B,12167330,LAWYER TIMES,2251 => 2303 (R),L
97,26TH ANNUAL EASTERN CLASS CHAMPS,MASTER,4,B,14256600,WESLEY WANG,2272 => 2272 (R),W
98,27TH MASSACHUSETTS G/60 CHAMPIONSHIP,OPEN,2,B,14732597,MAXIMILLIAN LU,2240 => 2252 (R),D
99,27TH MASSACHUSETTS G/60 CHAMPIONSHIP,OPEN,3,W,12740272,ALEJANDRO FELIX BOTTA,2229 => 2244 (R),W
100,LAND OF THE SKY XXX,OPEN,1,W,10211191,NEAL DOUGLAS HARRIS,2202 => 2205 (R),W
101,LAND OF THE SKY XXX,OPEN,2,B,14772092,ARTHUR GUO,2232 => 2233 (R),W
102,LAND OF THE SKY XXX,OPEN,5,W,13093767,AARON S BALLEISEN,2284 => 2300 (R),W
103,PORTSMOUTH OPEN,OPEN,2,B,10029732,DAVID E CARTER,2230 => 2263 (R),L
104,5TH ANNUAL BOSTON CHESS CONGRESS,PREMIER!,2,W,12167330,LAWYER TIMES,2243 => 2249 (R),W
105,BACK BAY OPEN,CHAMPIONSHIP,2,W,10025265,HENRY L TERRIE III,2200 => 2215 (R),W
106,HARRY NELSON PILLSBURY MEMORIAL,OPEN,2,,14109882,MICHAEL GREGORY ISAKOV,2231 => 2225 (R),W
107,HARRY NELSON PILLSBURY MEMORIAL,OPEN,3,,13751622,RYAN SOWA,2232 => 2228 (R),W
108,BCF FALL FIDE FESTIVAL,OPEN,4,W,12720571,EVAN RABIN,2223 => 2184 (R),W
109,BCF FALL FIDE FESTIVAL,OPEN,6,B,12167330,LAWYER TIMES,2235 => 2248 (R),W
110,BCF FALL FIDE FESTIVAL,OPEN,7,W,12868372,FARZAD ABDI,2243 => 2251 (R),W
111,83RD GREATER BOSTON OPEN,OPEN,3,W,14514636,CARISSA SHIWEN YIP,2296 => 2303 (R),D
112,2016 RENO WESTERN STATES OPEN,OPEN,2,W,12458442,DALE HAESSEL,2227 => 2244 (R),W
113,MILLIONAIRE CHESS 3,OPEN,1,W,14373601,ARVIND JAYARAMAN,2295 => 2289 (R),W
114,MILLIONAIRE CHESS 3,OPEN,6,B,15819973,DANIEL ANWULI,2267 => 2335 (R),L
115,MASSACHUSETTS SENIOR OPEN,OPEN,3,W,10029732,DAVID E CARTER,2204 => 2206 (R),W
116,76TH NEW ENGLAND OPEN,CHAMPIONSHIP,2,B,12868372,FARZAD ABDI,2222 => 2241 (R),W
117,46TH ANNUAL CONTINENTAL OPEN,OPEN,1,B,14109882,MICHAEL GREGORY ISAKOV,2215 => 2223 (R),W
118,46TH ANNUAL CONTINENTAL OPEN,OPEN,3,B,12431174,JAROD J BRYAN,2244 => 2254 (R),D
119,SACO OPEN,OPEN,2,B,10029732,DAVID E CARTER,2208 => 2204 (R),W
120,SACO OPEN,OPEN,3,W,12431174,JAROD J BRYAN,2238 => 2244 (R),W
121,2016 U.S. SENIOR OPEN CHESS CHAMPIONSHIP,SENIOR OPEN,4,B,10050227,MR. STEPHEN STOYKO,2241 => 2265 (R),D
122,85TH MASSACHUSETTS OPEN,CHAMPIONSHIP,1,W,10025265,HENRY L TERRIE III,2200 => 2210 (R),W
123,85TH MASSACHUSETTS OPEN,CHAMPIONSHIP,4,B,14109882,MICHAEL GREGORY ISAKOV,2202 => 2222 (R),L
124,NEW ENGLAND MASTERS,MASTERS,1,,12167330,LAWYER TIMES,2246 => 2246 (R),L
125,NEW ENGLAND MASTERS,MASTERS,5,,15152752,CHAO ZHANG,2283 => 2287 (R),W
126,NEW ENGLAND MASTERS,MASTERS,7,,12868372,FARZAD ABDI,2260 => 2272 (R),W
127,LAND OF THE SKY XXIX,OPEN,2,B,14114902,SANJAY GHATTI,2247 => 2244 (R),W
128,42ND ANNUAL EASTERN OPEN,OPEN,1,B,10190851,DAVID SHERMAN,2200 => 2200 (R),W
129,42ND ANNUAL EASTERN OPEN,OPEN,2,W,14307325,SAHIL SINHA,2214 => 2206 (R),W
130,82ND GREATER BOSTON OPEN,OPEN,3,W,12167330,LAWYER TIMES,2284 => 2277 (R),W
131,82ND GREATER BOSTON OPEN,OPEN,4,B,13405236,MICHAEL CHEN,2266 => 2282 (R),D
132,6TH ANNUAL HARTFORD OPEN,OPEN,2,W,12893934,MATAN PRILLELTENSKY,2278 => 2290 (R),W
133,6TH ANNUAL HARTFORD OPEN,OPEN,3,B,12726115,ALISA MELEKHINA,2295 => 2295 (R),W
134,137TH ANNUAL NY STATE CHAMPIONSHIP!,OPEN SECTION,1,B,13616253,ZACHARY TANENBAUM,2242 => 2249 (R),W
135,137TH ANNUAL NY STATE CHAMPIONSHIP!,OPEN SECTION,2,W,12728295,RICO SALIMBAGAT,2292 => 2316 (R),L
136,137TH ANNUAL NY STATE CHAMPIONSHIP!,OPEN SECTION,4,W,12656884,YEFIM TREGER,2287 => 2282 (R),W
137,45TH ANNUAL CONTINENTAL OPEN,OPEN,1,,14307325,SAHIL SINHA,2205 => 2231 (R),D
138,45TH ANNUAL CONTINENTAL OPEN,OPEN,3,,13031541,PATRICK CHI,2273 => 2282 (R),W
139,20TH ANNUAL BRADLEY OPEN,OPEN,3,W,14384293,JOSEPH HAN,2202 => 2273 (R),L
140,20TH ANNUAL BRADLEY OPEN,OPEN,4,B,13346841,WILLIAM GRAIF,2238 => 2235 (R),W
141,2015 U.S. SENIOR OPEN CHESS CHAMPIONSHIP,OPEN,3,,11299083,ALBERT C CHOW,2200 => 2202 (R),W
142,21ST ANNUAL NORTHEAST OPEN,OPEN!,2,,14671518,YOON-YOUNG KIM,2204 => 2208 (R),W
143,21ST ANNUAL NORTHEAST OPEN,OPEN!,5,,13668844,ARAVIND KUMAR,2245 => 2287 (R),W
144,84TH MASSACHUSETTS OPEN,CHAMPIONSHIP,1,,14514636,CARISSA SHIWEN YIP,2257 => 2259 (R),W
145,84TH MASSACHUSETTS OPEN,CHAMPIONSHIP,2,,12677440,BENEDICT SMAIL,2257 => 2243 (R),W
146,84TH MASSACHUSETTS OPEN,CHAMPIONSHIP,5,,12167330,LAWYER TIMES,2285 => 2302 (R),W
147,24TH ANNUAL EASTERN CLASS CHAMPIONSHIPS,MASTER,1,,12921011,ALEXANDER FIKIET,2260 => 2270 (R),W
148,2015 RENO LARRY EVANS MEMORIAL OPEN,OPEN,2,,12595730,MICHAEL AIGNER,2236 => 2244 (R),W
149,2015 RENO LARRY EVANS MEMORIAL OPEN,OPEN,4,,10349842,ANDREW KARKLINS,2248 => 2262 (R),W
150,25TH MASSACHUSETTS G60 CHAMPIONSHIP,OPEN,2,,10146712,J TIMOTHY SAGE,2223 => 2228 (R),W
151,LAND OF THE SKY XXVIII,OPEN,1,W,10529191,MARIANO A ACOSTA,2200 => 2200 (R),W
152,BOSTON CHESS CONGRESS,PREMIER,1,,10529191,MARIANO A ACOSTA,2200 => 2200 (R),W
153,BOSTON CHESS CONGRESS,PREMIER,2,,12788759,CHRIS WILLIAMS,2296 => 2311 (R),W
154,41ST ANNUAL EASTERN OPEN,OPEN,1,,10170184,LARRY GILDEN,2208 => 2218 (R),W
155,41ST ANNUAL EASTERN OPEN,OPEN,2,,12057550,GREGORY MARKZON,2236 => 2224 (R),W
156,41ST ANNUAL EASTERN OPEN,OPEN,7,,14570606,SRDJAN DARMANOVIC,2298 => 2298 (R),W
157,EASTERN CHESS CONGRESS,PREMIER,1,,14671518,YOON-YOUNG KIM,2234 => 2210 (R),W
158,81ST GREATER BOSTON OPEN,OPEN,2,,13405236,MICHAEL CHEN,2214 => 2218 (R),W
159,81ST GREATER BOSTON OPEN,OPEN,3,,12167330,LAWYER TIMES,2296 => 2302 (R),W
160,2014 RENO WESTERN STATES OPEN CHESS,OPEN,2,,10511186,VIKTORS PUPOLS,2200 => 2200 (R),W
161,2014 RENO WESTERN STATES OPEN CHESS,OPEN,3,,14456386,AARON GRABINSKY,2272 => 2284 (R),W
162,2014 MILLIONAIRE CHESS OPEN,OPEN,1,,15505750,VILMOS BALINT,2268 => 2144 (R),W
163,5TH ANNUAL HARTFORD OPEN,OPEN!,2,,14671518,YOON-YOUNG KIM,2226 => 2229 (R),W
164,5TH ANNUAL HARTFORD OPEN,OPEN!,3,,12868372,FARZAD ABDI,2274 => 2291 (R),W
165,WEST NEWBURY OPEN,OPEN,4,,11519504,FRANK SISTO,2231 => 2235 (R),W
166,74TH NEW ENGLAND OPEN,OPEN,4,,13987660,ANDREW LIU,2286 => 2303 (R),W
167,19TH ANNUAL BRADLEY OPEN,OPEN,3,,13031541,PATRICK CHI,2264 => 2274 (R),W
168,19TH ANNUAL BRADLEY OPEN,OPEN,4,,12893934,MATAN PRILLELTENSKY,2298 => 2304 (R),W
169,KOPEC'S NEW HAMPTON CAMP TORNADO,OPEN,3,,10084369,JOHN RIDDELL,2234 => 2233 (R),W
170,PORTSMOUTH OPEN,OPEN,2,,10146712,J TIMOTHY SAGE,2202 => 2216 (R),W
171,83RD MASSACHUSETTS OPEN,CHAMP,6,,14380771,DAVID BRODSKY,2205 => 2226 (R),W
172,22ND ANNUAL NY STATE OPEN!,OPEN!,4,,10086795,LONNIE S KWARTLER,2214 => 2229 (R),W
173,3RD ANNUAL RENO - LARRY EVANS MEMOR,OPEN,2,,10349257,EDWARD WILLIAM FORMANEK,2272 => 2271 (R),W
174,EASTERN CLASS CHAMPIONSHIPS,MASTER,1,W,14952266,QIBIAO WANG,2255 => 2278 (R),L
175,EASTERN CLASS CHAMPIONSHIPS,MASTER,3,B,12780533,SERGEY VERTKIN,2229 => 2250 (R),W
176,QUEEN CITY TORNADO,OPEN,4,,10029732,DAVID E CARTER,2200 => 2198 (R),W
177,BOSTON CHESS CONGRESS,PREMIER,2,,12167330,LAWYER TIMES,2270 => 2273 (R),W
178,BOSTON CHESS CONGRESS,PREMIER,3,,12788759,CHRIS WILLIAMS,2266 => 2267 (R),W
179,40TH EASTERN OPEN,OPEN,2,,10034191,STEVEN D GREANIAS,2263 => 2253 (R),D
180,HARTFORD OPEN,OPEN,3,,13607663,ALEXANDER J CRUMP,2230 => 2235 (R),W
181,HARTFORD OPEN,OPEN,4,,14580431,FIRUZA VELIKHANLI,2298 => 2316 (R),D
182,2013 VERMONT OPEN,OPEN,4,,12758264,TED BELANOFF,2225 => 2232 (R),W
183,31ST ANNUAL RENO WESTERN STATES OPE,OPEN,1,,10349257,EDWARD WILLIAM FORMANEK,2247 => 2257 (R),W
184,31ST ANNUAL RENO WESTERN STATES OPE,OPEN,4,,10034191,STEVEN D GREANIAS,2276 => 2263 (R),W
185,80TH GREATER BOSTON OPEN,OPEN,1,,12858217,AVRAAM PISMENNYY,2299 => 2286 (R),W
186,YORK COUNTY OPEN,OPEN,4,,12431174,JAROD J BRYAN,2213 => 2202 (R),W
187,135TH NY STATE CHAMPIONSHIP,OPEN,2,,10029732,DAVID E CARTER,2207 => 2210 (R),W
188,135TH NY STATE CHAMPIONSHIP,OPEN,4,,13462174,STANISLAV BUSYGIN,2278 => 2300 (R),D
189,BLACKSTONE CHESS FESTIVAL,OPEN,2,,12481929,SINCLAIR BANKS,2221 => 2233 (R),W
190,43RD ANNUAL CONTINENTAL OPEN,OPEN!,4,,12167330,LAWYER TIMES,2274 => 2259 (R),W
191,43RD ANNUAL CONTINENTAL OPEN,OPEN!,5,,12921011,ALEXANDER FIKIET,2285 => 2289 (R),W
192,114TH ANNUAL US OPEN - 2013,OPEN,4,,13631615,ROLAND G FENG,2281 => 2292 (R),W
193,114TH ANNUAL US OPEN - 2013,OPEN,9,,13999045,AWONDER LIANG,2284 => 2299 (R),W
194,18TH BRADLEY OPEN,OPEN,1,,13987660,ANDREW LIU,2296 => 2298 (R),W
195,18TH BRADLEY OPEN,OPEN,4,,14129047,NICOLAS DE T CHECA,2267 => 2266 (R),W
196,NASHUA OPEN,OPEN,2,,12431174,JAROD J BRYAN,2215 => 2207 (R),W
197,2013 U.S. SENIOR OPEN CHESS CHAMPIONSHIP,SENIOR,1,,10503892,CARL A HAESSLER,2212 => 2211 (R),W
198,2013 U.S. SENIOR OPEN CHESS CHAMPIONSHIP,SENIOR,2,,10062632,DAVID GERTLER,2259 => 2255 (R),W
199,2013 U.S. SENIOR OPEN CHESS CHAMPIONSHIP,SENIOR,4,,10254451,DALE EUGENE SHARP,2200 => 2200 (R),W
200,82ND MASSACHUSETTS OPEN,CHAMPIONSHIP,1,,10030927,ERIC J GODIN,2228 => 2203 (R),W
201,MASSACHUSETTS G/60 CHAMPIONSHIP,OPEN,2,,13987660,ANDREW LIU,2211 => 2223 (R),W
202,2013 RENO LARRY EVANS MEMORIAL,OPEN,2,,13822210,COLIN CHOW,2222 => 2228 (R),W
203,2013 RENO LARRY EVANS MEMORIAL,OPEN,4,,12517518,CURT D COLLYER,2288 => 2290 (R),W
204,BLACKSTONE VERNAL VAMP,OPEN,2,,12481929,SINCLAIR BANKS,2200 => 2202 (R),W
205,EASTERN CLASS CHAMPIONSHIPS,MASTER,1,,12921011,ALEXANDER FIKIET,2274 => 2295 (R),L
206,"FEB,02,2013",MASTERS,1,,12167330,LAWYER TIMES,2281 => 2272 (R),W
207,"FEB,02,2013",MASTERS,2,,12481929,SINCLAIR BANKS,2206 => 2216 (R),W
208,"FEB,02,2013",MASTERS,4,,12520640,MAURICIO RUIZ,2297 => 2313 (R),L
209,CMC MASTERS,OPEN,2,,12868372,FARZAD ABDI,2212 => 2206 (R),W
210,CMC MASTERS,OPEN,3,,12414501,MIRO REVERBY,2294 => 2300 (R),W
211,CMC MASTERS,OPEN,4,,12520640,MAURICIO RUIZ,2297 => 2306 (R),W
212,DR. LUVIZMINDA MACHAN OPEN X,S1,2,,14056673,PRAVEEN BALAKRISHNAN,2206 => 2216 (R),W
213,DR. LUVIZMINDA MACHAN OPEN X,S1,3,,12407354,BORIS PRIVMAN,2227 => 2228 (R),W
214,CMC DEC 15 2012,OPEN,2,,12580336,ILYA KRASIK,2218 => 2220 (R),W
215,CMC DEC 8,OPEN,3,,12414501,MIRO REVERBY,2281 => 2290 (R),W
216,HARRY NELSON PILLSBURY MEMORIAL,OPEN,2,,10030927,ERIC J GODIN,2213 => 2225 (R),D
217,HARRY NELSON PILLSBURY MEMORIAL,OPEN,3,,10031443,MATTHEW DEREK MEREDITH,2200 => 2210 (R),W
218,BLACKSTONE CHESS ANNIVERSARY VAMP,OPEN,2,,12414501,MIRO REVERBY,2260 => 2264 (R),W
219,WESTERN STATES OPEN,OPEN,1,,10034191,STEVEN D GREANIAS,2274 => 2257 (R),W
220,BLACKSTONE FALL OPEN,OPEN,2,,12414501,MIRO REVERBY,2262 => 2254 (R),D
221,9-29-12 SATURDAY,OPEN-3,2,,12414501,MIRO REVERBY,2254 => 2256 (R),W
222,9-29-12 SATURDAY,OPEN-3,3,,12520640,MAURICIO RUIZ,2298 => 2302 (R),W
223,9-29-12 SATURDAY,OPEN-3,4,,12481929,SINCLAIR BANKS,2220 => 2225 (R),W
224,9-22-12 CMC SATURDAY  G30,OPEN-2,2,,12481929,SINCLAIR BANKS,2215 => 2220 (R),W
225,CMC MASTER,OPEN,1,,12414501,MIRO REVERBY,2273 => 2268 (R),W
226,134TH NYS CHAMPIONSHIP,OPEN,2,,14580431,FIRUZA VELIKHANLI,2272 => 2289 (R),W
227,134TH NYS CHAMPIONSHIP,OPEN,6,,13462174,STANISLAV BUSYGIN,2279 => 2273 (R),W
228,CMC MASTERS,OPEN,3,,12414501,MIRO REVERBY,2250 => 2264 (R),D
229,42ND CONTINENTAL OPEN,OPEN,1,,12782429,RICHARD TUHRIM,2291 => 2308 (R),W
230,"AUGUST,04-2012",OPEN,2,,12167330,LAWYER TIMES,2200 => 2206 (R),D
231,"AUGUST,04-2012",OPEN,4,,12520640,MAURICIO RUIZ,2270 => 2302 (R),L
232,17TH BRADLEY OPEN,OPEN,3,,12853421,STUART S FINNEY,2261 => 2266 (R),W
233,"JULY,21,2012",OPEN,2,,13722590,GRANT Y XU,2212 => 2203 (R),W
234,"JULY,21,2012",OPEN,3,,12853421,STUART S FINNEY,2246 => 2261 (R),W
235,2012 U.S. SENIOR OPEN CHESS CHAMPIONSHIP,US SENIOR,4,,10503892,CARL A HAESSLER,2219 => 2228 (R),W
236,NEW HAMPSHIRE OPEN,CHAMP,2,,10025265,HENRY L TERRIE III,2200 => 2200 (R),W
237,06-16-2012,MASTERS,1,,12520640,MAURICIO RUIZ,2256 => 2285 (R),W
238,06-16-2012,MASTERS,3,,12414501,MIRO REVERBY,2236 => 2239 (R),W
239,81ST MASSACHUSETTS OPEN,OPEN,1,,10009201,JOHN A CURDO,2228 => 2229 (R),W
240,81ST MASSACHUSETTS OPEN,OPEN,4,,12846588,ANDREW C WANG,2286 => 2318 (R),W
241,20TH NY STATE OPEN,OPEN,5,,10254451,DALE EUGENE SHARP,2200 => 2203 (R),W
242,2012 RENO LARRY EVANS MEMORIAL,OPEN,2,,13763260,DANIEL LIU,2201 => 2211 (R),D
243,CMC MARCH GRAND PRIX 03-31-2012,SECTION1,1,,12481929,SINCLAIR BANKS,2202 => 2200 (R),W
244,CMC MARCH GRAND PRIX 03-31-2012,SECTION1,2,,12167330,LAWYER TIMES,2295 => 2289 (R),W
245,CMC ACTION TOURNAMENT GRAND PRIX,OPEN,1,,12520640,MAURICIO RUIZ,2277 => 2274 (R),W
246,CMC ACTION TOURNAMENT GRAND PRIX,OPEN,4,,12580336,ILYA KRASIK,2277 => 2289 (R),W
247,LAND OF THE SKY XXV,OPEN,3,W,10199018,JOHN RUSSELL POTTER,2215 => 2228 (R),D
248,CMC SATURDAY ACTION SNOWSTORM,OPEN,1,,12520640,MAURICIO RUIZ,2250 => 2246 (R),W
249,CMC SATURDAY ACTION SNOWSTORM,OPEN,2,,12580336,ILYA KRASIK,2290 => 2285 (R),W
250,CMC SATURDAY ACTION SNOWSTORM,OPEN,3,,12473969,PREDRAG CICOVACKI,2245 => 2242 (R),D
251,2011 EASTERN OPEN,OPEN,1,,12919199,CHRISTOPHER WU,2268 => 2283 (R),W
252,2011 EASTERN OPEN,OPEN,2,,10195624,MACON A SHIBUT,2291 => 2285 (R),W
253,EASTERN OPEN WARMUP TOURNEY,OPEN,2,,12583831,ZAKHAR FAYVINOV,2200 => 2200 (R),W
254,DECEMBER DERBY,OPEN,2,,12414501,MIRO REVERBY,2242 => 2240 (R),W
255,CMC SATURDAY 12-17-2011,OPEN,1,,12481929,SINCLAIR BANKS,2216 => 2200 (R),W
256,CMC SATURDAY 12-17-2011,OPEN,2,,12414501,MIRO REVERBY,2241 => 2242 (R),W
257,CMC SATURDAY 12-17-2011,OPEN,3,,12520640,MAURICIO RUIZ,2246 => 2254 (R),D
258,CMC SATURDAY 12-17-2011,OPEN,4,,12167330,LAWYER TIMES,2282 => 2272 (R),W
259,NEW ENGLAND SENIOR OPEN!,GM SWEEP!,5,,10009201,JOHN A CURDO,2236 => 2240 (R),W
260,CMC SATURDAY 11-19-2011,OPEN,1,,12414501,MIRO REVERBY,2230 => 2219 (R),W
261,CMC SATURDAY 11-19-2011,OPEN,2,,12580336,ILYA KRASIK,2264 => 2271 (R),L
262,CMC SATURDAY 11-19-2011,OPEN,3,,12481929,SINCLAIR BANKS,2223 => 2224 (R),W
263,20TH KINGS ISLAND OPEN!,OPEN!,2,,10034191,STEVEN D GREANIAS,2253 => 2261 (R),W
264,20TH KINGS ISLAND OPEN!,OPEN!,5,,21004359,SEAN VIBBERT,2244 => 2257 (R),W
265,CMC SATURDAY 11-04-2011,OPEN,1,,12520640,MAURICIO RUIZ,2295 => 2286 (R),W
266,CMC SATURDAY 11-04-2011,OPEN,2,,12481929,SINCLAIR BANKS,2210 => 2218 (R),W
267,CMC SATURDAY 11-04-2011,OPEN,3,,12414501,MIRO REVERBY,2224 => 2234 (R),W
268,CMC SATURDAY 10-29-2011,OPEN,4,,12481929,SINCLAIR BANKS,2211 => 2210 (R),W
269,OCTOBER OCTADS,FIRST,3,,12481929,SINCLAIR BANKS,2207 => 2211 (R),W
270,WESTERN STATES OPEN 2011,OPEN,1,,12191230,ROGER M POEHLMANN,2263 => 2260 (R),W
271,CMC SATURDAY 10-15-2011,OPEN,1,,12481929,SINCLAIR BANKS,2225 => 2210 (R),W
272,CMC SATURDAY 10-15-2011,OPEN,2,,12414501,MIRO REVERBY,2233 => 2230 (R),W
273,CMC SATURDAY 10-15-2011,OPEN,3,,12580336,ILYA KRASIK,2245 => 2261 (R),W
274,CMC SATURDAY 10-08-2011,OPEN,1,,12481929,SINCLAIR BANKS,2230 => 2225 (R),W
275,CMC SATURDAY 10-08-2011,OPEN,2,,12580336,ILYA KRASIK,2249 => 2245 (R),W
276,CMC SAT 10-1-2011,OPEN,1,,12520640,MAURICIO RUIZ,2226 => 2245 (R),W
277,CMC SAT 10-1-2011,OPEN,2,,12580336,ILYA KRASIK,2257 => 2249 (R),W
278,MARLBORO ACTION SWISS,OPEN,2,,10009201,JOHN A CURDO,2263 => 2269 (R),W
279,16TH ANNUAL BRADLEY OPEN!,OPEN!,3,,12921011,ALEXANDER FIKIET,2276 => 2302 (R),L
280,16TH ANNUAL BRADLEY OPEN!,OPEN!,5,,12713319,ILYE FIGLER,2281 => 2304 (R),L
281,CMC SATURDAY 7-2-2011,OPEN,3,,12846588,ANDREW C WANG,2224 => 2263 (R),L
282,4TH NEW YORK INTERNATIONAL,CHANP,3,,13589760,RAUL VAZQUEZ,2272 => 2288 (R),L
283,CMC SATURDAY SWISS,OPEN,2,,12167330,LAWYER TIMES,2256 => 2258 (R),W
284,CMC SATURDAY SWISS,OPEN,3,,12788759,CHRIS WILLIAMS,2200 => 2212 (R),W
285,CMC SATURDAY SWISS,OPEN,4,,12414501,MIRO REVERBY,2258 => 2270 (R),W
286,19TH NY STATE OPEN!,OPEN!,5,,10029732,DAVID E CARTER,2208 => 2198 (R),W
287,WHITE RIVER OPEN,OPEN,2,,10025265,HENRY L TERRIE III,2200 => 2200 (R),W
288,CMC SATURDAY 5-7-2011,OPEN,1,,12580336,ILYA KRASIK,2266 => 2273 (R),W
289,2ND ANNUAL HARTFORD OPEN!,OPEN!,2,,12853421,STUART S FINNEY,2237 => 2245 (R),W
290,2ND ANNUAL HARTFORD OPEN!,OPEN!,3,,12424349,JOSE DOMINGUEZ,2287 => 2280 (R),W
291,CMC SATURDAY ACTION CHESS 4-2-2011,OPEN,1,,12690122,VADIM MARTIROSOV,2269 => 2282 (R),W
292,CMC SATURDAY ACTION CHESS 4-2-2011,OPEN,2,,12167330,LAWYER TIMES,2238 => 2254 (R),W
293,CMC SATURDAY ACTION CHESS 4-2-2011,OPEN,3,,12520640,MAURICIO RUIZ,2272 => 2268 (R),W
294,CMC SATURDAY ACTION CHESS 4-2-2011,OPEN,4,,12580336,ILYA KRASIK,2252 => 2234 (R),W
295,LAND OF THE SKY XXIV,OPEN,2,,13896801,MISAEL D MESTRES,2215 => 2209 (R),W
296,PORTSMOUTH OPEN,OPEN,5,,12694870,MAX ENKIN,2292 => 2309 (R),D
297,37TH EASTERN OPEN,OPEN,7,,20051892,ANDREW SAMUELSON,2209 => 2222 (R),W
298,BLACKSTONE DECEMBER DERBY,OPEN,3,,12481929,SINCLAIR BANKS,2256 => 2253 (R),W
299,NATIONAL CHESS CONGRESS,PREMIER,1,,12877422,DEEPAK AARON,2262 => 2287 (R),L
300,NATIONAL CHESS CONGRESS,PREMIER,3,,12733121,MIKHAIL M SHER,2233 => 2248 (R),L
301,19TH KINGS ISLAND OPEN!,OPEN!,2,,10433592,ARIEL S LEVI,2210 => 2226 (R),W
302,19TH KINGS ISLAND OPEN!,OPEN!,3,,10349842,ANDREW KARKLINS,2226 => 2263 (R),W
303,NOVEMBER VAMP,OPEN,2,,12481929,SINCLAIR BANKS,2257 => 2251 (R),W
304,28TH SANDS REGENCY WSO,OPEN,1,,10034191,STEVEN D GREANIAS,2225 => 2217 (R),W
305,70TH NEW ENGLAND OPEN,CHAMP,2,,10009201,JOHN A CURDO,2273 => 2280 (R),W
306,70TH NEW ENGLAND OPEN,CHAMP,3,,12797252,MOVSES MOVSISYAN,2281 => 2277 (R),W
307,2010 U.S. SENIOR OPEN CHESS CHAMPIONSHIP,MAIN,3,,12726662,LUIS BARREDO,2229 => 2247 (R),W
308,CONTINENTAL OPEN,OPEN,1,,12580336,ILYA KRASIK,2245 => 2237 (R),W
309,CONTINENTAL OPEN,OPEN,2,,12594672,CAREY THEIL,2235 => 2216 (R),W
310,16TH ANNUAL NORTHEAST OPEN!,OPEN!,4,,12455549,BORIS REICHSTEIN,2207 => 2215 (R),W
311,15TH ANNUAL BRADLEY OPEN!,OPEN!,2,,12891899,BELA LORAND KIS,2215 => 2218 (R),W
312,79TH MASSACHUSETTS OPEN,OPEN,3,,10025265,HENRY L TERRIE III,2200 => 2217 (R),W
313,79TH MASSACHUSETTS OPEN,OPEN,5,,10009201,JOHN A CURDO,2234 => 2246 (R),W
314,EASTERN MAINE CHAMPIONSHIP,CHAMPION,3,,10562163,GRAHAM P COOPER,2210 => 2193 (R),W
315,20TH MASSACHUSETTS G-60 CHAMPIONSHI,OPEN,5,,12690122,VADIM MARTIROSOV,2235 => 2248 (R),W
316,FREEPORT OPEN,OPEN,3,,10562163,GRAHAM P COOPER,2200 => 2210 (R),W
317,2010 HARTFORD OPEN,OPEN,2,,12877422,DEEPAK AARON,2227 => 2221 (R),W
318,PHILADELPHIA OPEN,OPEN,2,,12592469,WILLIAM JAMES ARAMIL,2265 => 2292 (R),D
319,PHILADELPHIA OPEN,OPEN,3,,12462633,DOV GORMAN,2294 => 2318 (R),W
320,PHILADELPHIA OPEN,OPEN,6,,12875350,ARTHUR SHEN,2208 => 2243 (R),W
321,19TH ANNUAL EASTERN CLASS CHAMPS,MASTER,1,,12616022,MR. DANIEL LOWINGER,2202 => 2210 (R),W
322,LAND OF THE SKY XXIII,OPEN,2,,12739656,BRADLEY J DENTON,2214 => 2229 (R),W
323,LAND OF THE SKY XXIII,OPEN,4,,12910644,RYAN JOSEPH MOON,2244 => 2247 (R),W
324,LAND OF THE SKY XXIII,OPEN,5,,12631588,RICHARD TYLER FRANCISCO,2222 => 2243 (R),W
325,EARLY BIRD RAPID QUADS 12010,SECTION 1,2,,12594672,CAREY THEIL,2211 => 2210 (R),W
326,PORTSMOUTH OPEN,OPEN,3,,10029732,DAVID E CARTER,2248 => 2249 (R),W
327,PORTSMOUTH OPEN,OPEN,5,,12694870,MAX ENKIN,2298 => 2301 (R),W
328,36TH ANNUAL EASTERN OPEN,OPEN,2,,20051892,ANDREW SAMUELSON,2284 => 2257 (R),W
329,HARRY LYMAN MEMORIAL,OPEN,2,,12000550,GREGORY O KADEN,2207 => 2206 (R),W
330,27TH WESTERN STATES,OPEN,1,,12881167,ADARSH JAYAKUMAR,2229 => 2211 (R),W
331,27TH WESTERN STATES,OPEN,2,,12707782,MICHAEL ITALO PEARSON,2278 => 2280 (R),W
332,BCF $10 OPEN,OPEN,2,,12788759,CHRIS WILLIAMS,2286 => 2284 (R),W
333,39TH CONTINENTAL OPEN,OPEN,2,,12167330,LAWYER TIMES,2293 => 2299 (R),W
334,39TH CONTINENTAL OPEN,OPEN,3,,12788759,CHRIS WILLIAMS,2249 => 2266 (R),W
335,39TH CONTINENTAL OPEN,OPEN,6,,20101315,EVAN S ROSENBERG,2241 => 2278 (R),W
336,37TH ANNUAL WORLD OPEN,OPEN,1,,12080410,MICHAEL DOUGHERTY,2219 => 2216 (R),W
337,59TH NEW HAMPSHIRE OPEN,OPEN,4,,10029732,DAVID E CARTER,2265 => 2256 (R),W
338,2009 NATIONAL OPEN CHAMPIONSHIP,OPEN,5,,12943371,JONATHAN ABRAHAM TAYAR,2239 => 2273 (R),W
339,17TH ANNUAL NY STATE OPEN!,OPEN!,2,,12877422,DEEPAK AARON,2202 => 2209 (R),W
340,PORTSMOUTH OPEN,OPEN,3,,12564228,NELSON CASTANEDA,2292 => 2319 (R),L
341,2009 RI STATE CHAMPIONSHIP,OPEN,4,,12414501,MIRO REVERBY,2205 => 2200 (R),W
342,11TH ANNUAL FOXWOODS OPEN,OPEN,1,,11155189,SUNIL P WEERAMANTRY,2235 => 2230 (R),W
343,11TH ANNUAL FOXWOODS OPEN,OPEN,2,,12661900,ERIC O RODRIGUEZ,2289 => 2298 (R),W
344,EARLY BIRD RAPID QUA,SECTION 1,1,,12594672,CAREY THEIL,2244 => 2261 (R),L
345,LAND OF THE SKY XXII,OPEN,2,,12478873,MR. CHRIS MABE,2261 => 2248 (R),W
346,18TH MIDWINTER CLASSIC,OPEN,3,,12564228,NELSON CASTANEDA,2299 => 2303 (R),W
347,35TH ANNUAL EASTERN OPEN,OPEN,3,,12805454,ALEC GETZ,2272 => 2274 (R),W
348,NATIONAL CHESS CONGRESS,PREMIER,1,,12057550,GREGORY MARKZON,2261 => 2249 (R),W
349,SOUTHERN NEW HAMPSHIRE OPEN,OPEN,2,,10025265,HENRY L TERRIE III,2200 => 2200 (R),W
350,2008 PAN AMER. CONTINENTAL CHAMP.,PAN AM,1,,12544520,JOHN BICK,2248 => 2251 (R),W
351,26TH SANDS REGENCY WSO,OPEN,1,,10349842,ANDREW KARKLINS,2256 => 2244 (R),W
352,26TH SANDS REGENCY WSO,OPEN,4,,10228972,GREGG H SMALL,2262 => 2278 (R),W
353,MANCHESTER SEPTEMBER SWISS,OPEN,2,,10025265,HENRY L TERRIE III,2202 => 2200 (R),W
354,2008 MIAMI OPEN,OPEN,1,,20101315,EVAN S ROSENBERG,2238 => 2233 (R),W
355,2008 MIAMI OPEN,OPEN,6,,10229391,RENARD ANDERSON,2209 => 2200 (R),W
356,2008 MIAMI OPEN,OPEN,8,,14014423,PATRICK SCHARRER,2296 => 2351 (R),D
357,2008 MIAMI OPEN,OPEN,9,,12637496,ARTEM E RUPPERT,2218 => 2225 (R),W
358,68TH NEW ENGLAND OPEN,OPEN,1,,10025265,HENRY L TERRIE III,2200 => 2202 (R),W
359,11TH ANNUAL W.MASS.OPEN,OPEN,2,,12564228,NELSON CASTANEDA,2292 => 2286 (R),W
360,11TH ANNUAL W.MASS.OPEN,OPEN,3,,12694870,MAX ENKIN,2278 => 2288 (R),W
361,13TH ANNUAL BRADLEY OPEN!,OPEN!,3,,12694870,MAX ENKIN,2281 => 2284 (R),W
362,CONTINENTAL OPEN,OPEN,3,,11137148,BEM TYEHIMBA,2217 => 2200 (R),W
363,CONTINENTAL OPEN,OPEN,4,,12809699,ANYA SUN CORKE,2261 => 2304 (R),L
364,CONTINENTAL OPEN,OPEN,5,,12787319,PARKER BI GUANG ZHAO,2280 => 2284 (R),W
365,10TH NYS G/45 & LI CHESS NUTS SCHOL,OPEN,2,,11155189,SUNIL P WEERAMANTRY,2218 => 2215 (R),W
366,2008 FKB USA CH QUALIFIER FIDE OPEN,OPEN,1,,12544520,JOHN BICK,2204 => 2233 (R),W
367,10TH ANNUAL FOXWOODS OPEN,FOX-OP,1,,12790312,ROBERT HUNGASKI,2279 => 2297 (R),W
368,2008 BERMUDA INTERNATIONAL,OPEN,2,,10254451,DALE EUGENE SHARP,2200 => 2200 (R),W
369,LAND OF THE SKY XXI,OPEN,2,,12973317,TIMUR ALIYEV,2286 => 2292 (R),D
370,LAND OF THE SKY XXI,OPEN,3,,10242126,JERRY T WHEELER,2200 => 2200 (R),W
371,34TH ANNUAL EASTERN OPEN,OPEN,2,,12932453,ADITHYA BALA,2230 => 2228 (R),W
372,34TH ANNUAL EASTERN OPEN,OPEN,3,,12726115,ALISA MELEKHINA,2248 => 2265 (R),W
373,34TH ANNUAL EASTERN OPEN,OPEN,5,,12466997,RALPH PATRICK ZIMMER,2265 => 2269 (R),W
374,34TH ANNUAL EASTERN OPEN,OPEN,6,,12560488,ALEX BETANELI,2287 => 2301 (R),W
375,BCC MIR SULTAN KHAN,OPEN,3,,10030927,ERIC J GODIN,2202 => 2206 (R),W
376,BCC MIR SULTAN KHAN,OPEN,4,,10010985,CHRISTOPHER W CHASE,2274 => 2276 (R),W
377,25TH SANDS REGENCY WSO,OPEN,1,,12796667,JOHN D BRYANT,2260 => 2267 (R),W
378,25TH SANDS REGENCY WSO,OPEN,3,,10114357,WALTER J SHIPMAN,2231 => 2241 (R),W
379,25TH SANDS REGENCY WSO,OPEN,4,,12622875,KENAN ZILDZIC,2260 => 2252 (R),W
380,129TH ANNUAL NY STATE CHAMPIONSHIP!,OPEN!!,5,,11177573,DAVID MICHAEL FILIPOVICH,2230 => 2226 (R),W
381,CONTINENTAL OPEN,CONO,6,,11096239,ALEX CHERNIACK,2296 => 2299 (R),W
382,35TH ANNUAL WORLD OPEN,O,4,,12809707,VICTOR C SHEN,2246 => 2252 (R),W
383,BRADLEY OPEN,OPEN,4,,12537352,IGOR YELISEYEV,2236 => 2248 (R),W
384,BRADLEY OPEN,OPEN,5,,12694870,MAX ENKIN,2245 => 2254 (R),W
385,76TH MASSACHUSETTS OPEN,OPEN,2,,12858217,AVRAAM PISMENNYY,2248 => 2253 (R),L
386,76TH MASSACHUSETTS OPEN,OPEN,4,,12232580,PAUL MAC INTYRE,2286 => 2304 (R),L
387,2007 RI STATE CHAMPIONSHIP,OPEN,3,,12414501,MIRO REVERBY,2206 => 2200 (R),W
388,17TH MASSACHUSETTS G/60 CHAMPIONSHI,OPEN,1,,10009201,JOHN A CURDO,2296 => 2315 (R),D
389,9TH ANNUAL FOXWOODS OPEN,FOX-OP,1,,12407354,BORIS PRIVMAN,2246 => 2224 (R),W
390,9TH ANNUAL FOXWOODS OPEN,FOX-OP,4,,12882025,PEDRAM ATOUFI,2290 => 2317 (R),W
391,29TH ANNUAL MARCHAND OPEN 2007,OPEN,2,,12825619,MATT J PARRY,2235 => 2234 (R),D
392,16TH EASTERN CLASS CHAMPIONSHIPS!,MASTERS!,1,,12407354,BORIS PRIVMAN,2241 => 2232 (R),D
393,16TH EASTERN CLASS CHAMPIONSHIPS!,MASTERS!,2,,10009201,JOHN A CURDO,2275 => 2289 (R),W
394,LAND OF THE SKY XX,OPEN,1,,10214033,KLAUS A POHL,2208 => 2215 (R),W
395,LAND OF THE SKY XX,OPEN,3,,10199018,JOHN RUSSELL POTTER,2233 => 2229 (R),W
396,39TH ANNUAL LIBERTY BELL OPEN,OPEN!,1,,12740630,EVAN D JU,2279 => 2271 (R),W
397,39TH ANNUAL LIBERTY BELL OPEN,OPEN!,2,,12057550,GREGORY MARKZON,2289 => 2282 (R),W
398,39TH ANNUAL LIBERTY BELL OPEN,OPEN!,3,,11137148,BEM TYEHIMBA,2237 => 2264 (R),W
399,33RD ANNUAL EASTERN OPEN,OPEN,2,,10179629,DENIS F STRENZWILK,2200 => 2200 (R),D
400,33RD ANNUAL EASTERN OPEN,OPEN,6,,12802899,MARK HEIMANN,2269 => 2268 (R),W
401,90TH MARSHALL CHAMPIONSHIP!,GM NORM!!,1,,12485831,JUAN SENA,2212 => 2202 (R),W
402,90TH MARSHALL CHAMPIONSHIP!,GM NORM!!,2,,10098068,JON JACOBS,2274 => 2270 (R),W
403,NATIONAL CHESS CONGRESS,NCCPR,2,,12520640,MAURICIO RUIZ,2255 => 2260 (R),W
404,NATIONAL CHESS CONGRESS,NCCPR,5,,20058328,RAY KAUFMAN,2299 => 2307 (R),W
405,88TH RHODE ISLAND PAWN EATER,OPEN,3,,10009201,JOHN A CURDO,2284 => 2282 (R),W
406,SUDBURY RIVER CHESS 2006 FALL CLASS,OPEN,2,,12598805,MR. EUGENE YANAYT,2296 => 2304 (R),W
407,SUDBURY RIVER CHESS 2006 FALL CLASS,OPEN,4,,10009201,JOHN A CURDO,2274 => 2284 (R),W
408,24TH WESTERN STATES OPEN,OPEN,1,,11223834,ZORAN LAZETICH,2230 => 2216 (R),W
409,24TH WESTERN STATES OPEN,OPEN,3,,12191230,ROGER M POEHLMANN,2259 => 2265 (R),D
410,66TH NEW ENGLAND OPEN,OPEN,6,,10009201,JOHN A CURDO,2256 => 2258 (R),D
411,11TH ANNUAL BRADLEY OPEN!,OPEN!,3,,12694870,MAX ENKIN,2226 => 2235 (R),W
412,CONTINENTAL OPEN,CONO,2,,12662799,TEDDY COLEMAN,2262 => 2275 (R),W
413,CONTINENTAL OPEN,CONO,4,,12443402,EREZ KLEIN,2296 => 2288 (R),W
414,12TH ANNUAL NORTHEAST OPEN!,OPEN!,2,,12740630,EVAN D JU,2203 => 2213 (R),W
415,12TH ANNUAL NORTHEAST OPEN!,OPEN!,3,,12662799,TEDDY COLEMAN,2254 => 2262 (R),W
416,12TH ANNUAL NORTHEAST OPEN!,OPEN!,5,,12694870,MAX ENKIN,2218 => 2222 (R),W
417,34TH ANNUAL WORLD OPEN,WO-O,1,,12786967,NICOLAS ALEXANDER YAP,2236 => 2282 (R),D
418,34TH ANNUAL WORLD OPEN,WO-O,2,,12544520,JOHN BICK,2204 => 2226 (R),W
419,56TH NEW HAMPSHIRE OPEN,OPEN,2,,12431174,JAROD J BRYAN,2211 => 2224 (R),W
420,75TH MASSACHUSETTS OPEN,OPEN,2,,10310351,JOSEF I FRIEDMAN,2217 => 2212 (R),W
421,75TH MASSACHUSETTS OPEN,OPEN,3,,12407354,BORIS PRIVMAN,2283 => 2285 (R),W
422,75TH MASSACHUSETTS OPEN,OPEN,5,,12753681,BRADEN BOURNIVAL,2291 => 2300 (R),W
423,75TH MASSACHUSETTS OPEN,OPEN,6,,11096239,ALEX CHERNIACK,2275 => 2276 (R),W
424,2006 RHODE ISLAND CHAMPIONSHIP,OPEN,3,,12414501,MIRO REVERBY,2229 => 2231 (R),W
425,8TH ANNUAL FOXWOODS OPEN,FOX-OPEN,1,,12648048,PIETER ANTON BIERKENS,2258 => 2252 (R),W
426,2006 MARCH NORTHEAST CHESS,OPEN_G-55,3,,12788759,CHRIS WILLIAMS,2247 => 2249 (R),W
427,84TH RHODE ISLAND PAWN EATER,OPEN,4,,12414501,MIRO REVERBY,2230 => 2227 (R),W
428,32ND EASTERN OPEN,OPEN,4,,20051892,ANDREW SAMUELSON,2235 => 2240 (R),W
429,32ND EASTERN OPEN,OPEN,8,,12631588,RICHARD TYLER FRANCISCO,2228 => 2235 (R),W
430,11TH GREEN MOUINTAIN OPEN!,OPEN!,4,,12431174,JAROD J BRYAN,2200 => 2212 (R),W
431,11TH GREEN MOUINTAIN OPEN!,OPEN!,5,,10009201,JOHN A CURDO,2237 => 2242 (R),W
432,23RD WESTERN STATES OPEN,OPEN SECTI,1,,12532112,ALEX BARBALAT,2283 => 2286 (R),W
433,65TH NEW ENGLAND OPEN,OPEN,1,,12694870,MAX ENKIN,2247 => 2256 (R),W
434,65TH NEW ENGLAND OPEN,OPEN,2,,10010985,CHRISTOPHER W CHASE,2287 => 2292 (R),W
435,CONTINENTAL OPEN,O,1,,12531274,NAWROSE F NUR,2228 => 2241 (R),W
436,CONTINENTAL OPEN,O,2,,12443402,EREZ KLEIN,2283 => 2296 (R),W
437,CONTINENTAL OPEN,O,5,,12057550,GREGORY MARKZON,2225 => 2259 (R),W
438,11TH NORTHEAST OPEN!,OPEN!,2,,12057550,GREGORY MARKZON,2216 => 2225 (R),W
439,33RD ANNUAL WORLD OPEN,WO-O,1,,13200496,HENRIK PASHAYAN,2205 => 2090 (R),W
440,55TH NEW HAMPSHIRE OPEN,OPEN,2,,12431174,JAROD J BRYAN,2210 => 2205 (R),W
441,55TH NEW HAMPSHIRE OPEN,OPEN,4,,12753681,BRADEN BOURNIVAL,2272 => 2287 (R),D
442,16TH VERMONT RESORT OPEN!,OPEN,3,,10004179,DAVID E TIMBERLAKE,2200 => 2200 (R),W
443,74TH MASSACHUSETTS OPEN,OPEN,2,,12473969,PREDRAG CICOVACKI,2284 => 2293 (R),W
444,74TH MASSACHUSETTS OPEN,OPEN,4,,12611870,CHARLES RIORDAN,2274 => 2275 (R),W
445,74TH MASSACHUSETTS OPEN,OPEN,5,,10010985,CHRISTOPHER W CHASE,2296 => 2300 (R),W
446,FIRST ANNUAL HB GLOBAL CHESS CHALLE,OPEN,1,,12908294,FELIX BARRIOS MOVILLA,2252 => 2266 (R),W
447,FIRST ANNUAL HB GLOBAL CHESS CHALLE,OPEN,4,,12715867,DARWIN LAYLO,2287 => 2409 (R),W
448,2005 RHODE ISLAND STATE CHAMPIONSHI,OPEN,3,,12473969,PREDRAG CICOVACKI,2283 => 2291 (R),D
449,2005 RHODE ISLAND STATE CHAMPIONSHI,OPEN,5,,12414501,MIRO REVERBY,2232 => 2245 (R),L
450,76TH RHODE ISLAND PAWN EATER,OPEN,3,,10009201,JOHN A CURDO,2223 => 2226 (R),W
451,14TH EASTERN CLASS CHAMPIONSHIPS!,MASTERS!,2,,12694870,MAX ENKIN,2216 => 2229 (R),W
452,14TH EASTERN CLASS CHAMPIONSHIPS!,MASTERS!,3,,12232580,PAUL MAC INTYRE,2296 => 2305 (R),D
453,LAND OF THE SKY XVIII,OPEN,1,,10211191,NEAL DOUGLAS HARRIS,2200 => 2203 (R),W
454,LAND OF THE SKY XVIII,OPEN,2,,12461305,MIKE KLEIN,2284 => 2289 (R),W
455,31ST ANNUAL EASTERN OPEN,OPEN,2,,12407354,BORIS PRIVMAN,2251 => 2247 (R),W
456,31ST ANNUAL EASTERN OPEN,OPEN,4,,12713319,ILYE FIGLER,2252 => 2249 (R),W
457,PILLSBURY MEMORIAL,OPEN,1,,12753681,BRADEN BOURNIVAL,2267 => 2280 (R),L
458,PILLSBURY MEMORIAL,OPEN,3,,10009201,JOHN A CURDO,2212 => 2215 (R),W
459,PILLSBURY MEMORIAL,OPEN,4,,12611870,CHARLES RIORDAN,2269 => 2274 (R),W
460,2005 CHESSMASTER U. S. CHAMPIO,SECTION1,3,,12630804,LAURA R SMITH,2200 => 2204 (R),W
461,22ND ANNUAL WESTERN STATES OPE,OPEN SECTI,1,,12595730,MICHAEL AIGNER,2283 => 2278 (R),W
462,NORTHEAST CHESS SUMMER GETAWAY,OPEN,1,,12575788,CHRIS DESMARAIS,2257 => 2239 (R),W
463,NORTHEAST CHESS SUMMER GETAWAY,OPEN,3,,12013830,DYLAN MC CLAIN,2285 => 2283 (R),W
464,NORTHEAST CHESS SUMMER GETAWAY,OPEN,5,,12431174,JAROD J BRYAN,2211 => 2201 (R),W
465,CONTINENTAL OPEN,O,1,,12598805,MR. EUGENE YANAYT,2263 => 2250 (R),W
466,32ND ANNUAL WORLD OPEN,OPEN!!,1,,12566496,YAACOV NOROWITZ,2251 => 2246 (R),W
467,9TH BRADLEY OPEN?!,OPEN?!?,4,,12685687,ANDREW BOEKHOFF,2253 => 2254 (R),W
468,73RD MASSACHUSETTS OPEN,OPEN,3,,12611870,CHARLES RIORDAN,2246 => 2258 (R),W
469,73RD MASSACHUSETTS OPEN,OPEN,6,,12564228,NELSON CASTANEDA,2298 => 2308 (R),D
470,NORTHEAST CHESS SPRING GETAWAY,OPEN,4,,12753681,BRADEN BOURNIVAL,2288 => 2279 (R),W
471,6TH ANNUAL FOXWOODS OPEN,OPEN,1,,11155189,SUNIL P WEERAMANTRY,2202 => 2200 (R),W
472,TCC CLUB CHAMPIONSHIP,1,4,,12611870,CHARLES RIORDAN,2237 => 2241 (R),W
473,MASSACHUSETTS G/60 CHAMPIONSHI,OPEN,2,,10009201,JOHN A CURDO,2271 => 2276 (R),W
474,NORTH EAST CHESS WINTER GETAWA,OPEN,1,,10025265,HENRY L TERRIE III,2205 => 2200 (R),W
475,34 NATIONAL CHESS CONGRESS: TO,PREMIER,1,,12909594,OMAR RIVERA,2263 => 2282 (R),L
476,34 NATIONAL CHESS CONGRESS: TO,PREMIER,2,,12750098,ALEKSANDR PELEKHATY,2207 => 2204 (R),W
477,34 NATIONAL CHESS CONGRESS: TO,PREMIER,3,,12426702,TIMOTHY MIRABILE,2225 => 2223 (R),D
478,34 NATIONAL CHESS CONGRESS: TO,PREMIER,5,,12057550,GREGORY MARKZON,2293 => 2296 (R),W
479,34 NATIONAL CHESS CONGRESS: TO,PREMIER,6,,20008479,MARC ESSERMAN,2275 => 2293 (R),W
480,NORTHEAST CHESS FALL GETAWAY,OPEN,1,,12649995,JACK STOLERMAN,2261 => 2280 (R),L
481,NORTHEAST CHESS FALL GETAWAY,OPEN,5,,12753681,BRADEN BOURNIVAL,2273 => 2279 (R),W
482,21ST ANNUAL WESTERN STATES OPE,OPEN SECTI,1,,10114357,WALTER J SHIPMAN,2250 => 2246 (R),W
483,EDWARD LEVY MEMORIAL COLORADO,OPEN!!,1,,10403227,GARY SIMMS,2212 => 2204 (R),W
484,EASTERN CHESS CONGRESS!,PREMIER!!,5,,12655955,RAFAL FURDZIK,2200 => 2209 (R),W
485,13TH VERMONT RESORT OPEN!,OPEN,2,,12117670,MATTHEW EVANS NOBLE,2220 => 2209 (R),W
486,53RD NEW HAMPSHIRE OPEN,OPEN,2,,12753681,BRADEN BOURNIVAL,2250 => 2253 (R),W
487,31ST ANNUAL WORLD OPEN,OPEN!!,1,,11155189,SUNIL P WEERAMANTRY,2235 => 2226 (R),W
488,31ST ANNUAL WORLD OPEN,OPEN!!,4,,12581229,MICHAEL LANGER,2249 => 2277 (R),W
489,NATIONAL OPEN,OPEN,2,,12546954,CHARLES GELMAN,2288 => 2270 (R),W
490,CCA INTERNATIONAL,,4,,12560488,ALEX BETANELI,2282 => 2267 (R),W
491,CCA INTERNATIONAL,,5,,10163013,NORMAN ROGERS,2220 => 2234 (R),W
492,CCA INTERNATIONAL,,8,,12649995,JACK STOLERMAN,2240 => 2238 (R),W
493,72ND MASSACHUSETTS OPEN!,OPEN,2,,10025265,HENRY L TERRIE III,2200 => 2200 (R),W
494,72ND MASSACHUSETTS OPEN!,OPEN,5,,10009201,JOHN A CURDO,2213 => 2222 (R),W
495,2003 NORTHEAST CHESS SPRING GE,OPEN,1,,12057550,GREGORY MARKZON,2282 => 2291 (R),W
496,2003 NORTHEAST CHESS SPRING GE,OPEN,5,,10009201,JOHN A CURDO,2210 => 2209 (R),W
497,MCC SPRING SWISS,OPEN,4,,12611870,CHARLES RIORDAN,2253 => 2259 (R),W
498,MCC SPRING SWISS,OPEN,5,,10009201,JOHN A CURDO,2206 => 2210 (R),W
499,5TH ANNUAL FOXWOODS OPEN,OPEN,1,,12550676,A.J. STEIGMAN,2262 => 2239 (R),W
500,5TH ANNUAL FOXWOODS OPEN,OPEN,3,,12718516,JOHN BARTHOLOMEW,2282 => 2329 (R),D
501,GAME/90 CHAMPIONSHIP,OPEN,1,,10009201,JOHN A CURDO,2206 => 2208 (R),W
502,2002 NORTHEAST CHESS FALL GETA,OPEN,5,,11096239,ALEX CHERNIACK,2291 => 2297 (R),W
503,20TH ANNUAL WESTERN STATES OPE,MASTER,1,,12718516,JOHN BARTHOLOMEW,2280 => 2264 (R),W
504,20TH ANNUAL WESTERN STATES OPE,MASTER,3,,10114357,WALTER J SHIPMAN,2239 => 2254 (R),W
505,20TH ANNUAL WESTERN STATES OPE,MASTER,6,,12191230,ROGER M POEHLMANN,2247 => 2240 (R),W
506,62ND NEW ENGLAND OPEN,OPEN,2,,11096239,ALEX CHERNIACK,2280 => 2297 (R),L
507,32ND CONTINENTAL OPEN!!,HIKARU,1,,12753681,BRADEN BOURNIVAL,2244 => 2234 (R),W
508,103RD ANNUAL US OPEN - 2002,OPEN,3,,12611882,MR. ALEXANDER BELTRE,2251 => 2256 (R),D
509,103RD ANNUAL US OPEN - 2002,OPEN,5,,10349842,ANDREW KARKLINS,2290 => 2337 (R),L
510,7TH BRADLEY OPEN!,OPEN!,3,,12431174,JAROD J BRYAN,2218 => 2212 (R),W
511,52ND NEW HAMPSHIRE OPEN,OPEN,3,,12593986,JOSHUA E FRIEDEL,2281 => 2280 (R),W
512,52ND NEW HAMPSHIRE OPEN,OPEN,4,,12753681,BRADEN BOURNIVAL,2239 => 2240 (R),W
513,52ND NEW HAMPSHIRE OPEN,OPEN,5,,10018790,JOSEPH H FANG,2296 => 2306 (R),D
514,30TH ANNUAL WORLD OPEN,OPEN!,1,,10174309,STANLEY WILLMAR FINK JR.,2200 => 2200 (R),W
515,30TH ANNUAL WORLD OPEN,OPEN!,2,,11264239,CRAIG W JONES,2258 => 2243 (R),W
516,30TH ANNUAL WORLD OPEN,OPEN!,3,,12080410,MICHAEL DOUGHERTY,2295 => 2311 (R),D
517,DOWN EAST OPEN,OPEN,4,,10026521,STANLEY J ELOWITCH,2297 => 2299 (R),W
518,DOWN EAST OPEN,OPEN,5,,10009201,JOHN A CURDO,2217 => 2223 (R),D
519,9TH NY STATE OPEN!,OPEN,2,,10086582,MITCHELL D GOLDBERG,2219 => 2210 (R),W
520,EDWARD LEVY MEMORIAL COLO CLAS,OPEN,1,,12157520,JAMES M MC CARTY,2292 => 2297 (R),W
521,EDWARD LEVY MEMORIAL COLO CLAS,OPEN,3,,10229391,RENARD ANDERSON,2262 => 2258 (R),W
522,NYS GAME/45 CHAMPIONSHIP!,OPEN,2,,10118492,ILAN KREITNER,2200 => 2200 (R),W
523,MILLENNIUM CHESS FESTIVAL III,OPEN,2,,10180732,FLOYD A BOUDREAUX JR.,2200 => 2200 (R),W
524,2001 NORTH EAST CHESS FALL GET,OPEN,1,,10025265,HENRY L TERRIE III,2234 => 2223 (R),W
525,2001 NORTH EAST CHESS FALL GET,OPEN,2,,10018790,JOSEPH H FANG,2275 => 2271 (R),W
526,19TH ANNUAL WESTERN STATES OPE,OPEN,1,,10229391,RENARD ANDERSON,2274 => 2277 (R),W
527,GOVENORS CUP OPEN,1,4,,11299083,ALBERT C CHOW,2291 => 2297 (R),W
528,2001 NEW JERSEY OPEN,1,4,,12559979,THOMAS BARTELL,2228 => 2261 (R),W
529,29TH ANNUAL WORLD OPEN,OPEN!!,1,,12623850,SERGEY A SHCHUKIN,2235 => 2232 (R),W
530,MCC SPRING SWISS,OPEN,3,,10009201,JOHN A CURDO,2283 => 2287 (R),W
531,3RD ANNUAL FOXWOODS OPEN,OPEN,1,,12613557,VLADIMIR GRECHIKHIN,2217 => 2230 (R),D
532,3RD ANNUAL FOXWOODS OPEN,OPEN,2,,10179629,DENIS F STRENZWILK,2200 => 2204 (R),W
533,3RD ANNUAL FOXWOODS OPEN,OPEN,4,,10060036,RONALD HENRY,2211 => 2208 (R),W
534,3RD ANNUAL FOXWOODS OPEN,OPEN,7,,10018790,JOSEPH H FANG,2265 => 2280 (R),W
535,2001 NATIONAL OPEN,OPEN,2,,12452938,NATHANIEL J GRAHAM,2289 => 2274 (R),W
536,10TH EASTERN CLASS CHAMPIONSHI,MASTERS,1,,10030048,ALAN SHAW,2200 => 2200 (R),W
537,10TH EASTERN CLASS CHAMPIONSHI,MASTERS,4,,12683127,DAVID TYLEVICH,2293 => 2304 (R),W
538,2001 NORTH EAST CHESS GETAWAY,OPEN,1,,12582590,DIEGO GARCIA,2299 => 2281 (R),W
539,33RD ANNUAL LIBERTY BELL OPEN,OPEN,1,,11138187,RONALD SIMPSON,2288 => 2312 (R),L
540,33RD ANNUAL LIBERTY BELL OPEN,OPEN,5,,20058274,JENNIFER SHAHADE,2273 => 2281 (R),W
541,EASTERN OPEN,OPEN,1,,10060036,RONALD HENRY,2200 => 2211 (R),W
542,EASTERN OPEN,OPEN,7,,12713319,ILYE FIGLER,2297 => 2328 (R),D
543,18TH ANNUAL WESTERN STATES OPE,MASTER,1,,12659833,DANIEL M RENSCH,2267 => 2298 (R),W
544,60TH NEW ENGLAND OPEN,OPEN,1,,10025265,HENRY L TERRIE III,2200 => 2200 (R),W
545,60TH NEW ENGLAND OPEN,OPEN,4,,11186769,ALLAN D BENNETT,2279 => 2295 (R),W
546,11TH VERMONT RESORT OPEN,OPEN,2,,12117670,MATTHEW EVANS NOBLE,2267 => 2278 (R),W
547,11TH VERMONT RESORT OPEN,OPEN,4,,10254451,DALE EUGENE SHARP,2200 => 2200 (R),W
548,50TH NEW HAMPSHIRE OPEN,CHAMP,1,,11186769,ALLAN D BENNETT,2297 => 2292 (R),W
549,28TH ANNUAL WORLD OPEN,OPEN!,1,,12431174,JAROD J BRYAN,2282 => 2263 (R),W
550,69TH MASSACHUSETTS OPEN,OPEN,2,,10025265,HENRY L TERRIE III,2218 => 2209 (R),W
551,69TH MASSACHUSETTS OPEN,OPEN,5,,11186769,ALLAN D BENNETT,2286 => 2299 (R),W
552,2ND ANNUAL FOXWOODS OPEN,OPEN!!,1,,12565369,AARON C PIXTON,2278 => 2272 (R),W
553,NATIONAL OPEN 2000,OPEN,2,,12544520,JOHN BICK,2222 => 2249 (R),D
554,NATIONAL OPEN 2000,OPEN,3,,10346100,ERIC A SCHILLER,2218 => 2222 (R),W
555,2000 U.S. MASTERS,,1,,10288851,ROBERT CIAFFONE,2217 => 2203 (R),W
556,2000 U.S. MASTERS,,2,,10511186,VIKTORS PUPOLS,2216 => 2216 (R),W
557,2000 U.S. MASTERS,,6,,12790055,DOMINIK PEDZICH,2253 => 2295 (R),W
558,Land of the Sky XIII,Open,2,,12461305,MIKE KLEIN,2277 => 2282 (R),W
559,30TH NATIONAL CHESS CONGRESS:,OPEN,1,,12519530,DAVID E KOENIG,2263 => 2260 (R),W
560,30TH NATIONAL CHESS CONGRESS:,OPEN,2,,12655955,RAFAL FURDZIK,2259 => 2256 (R),W
561,5TH ANNUAL BOSTON UNIVERSITY O,OPEN,3,,12702069,FABRIZIO PATUZZO,2227 => 2236 (R),W
562,17TH ANNUAL WESTERN STATES OPE,MASTER,1,,10410860,EUGENE LEVIN,2200 => 2200 (R),D
563,17TH ANNUAL WESTERN STATES OPE,MASTER,2,,12425364,RODOLFO H HERNANDEZ,2201 => 2200 (R),W
564,4TH ANNUAL GOVERNOR'S CUP,OPEN,2,,10322022,NELS W TRUELSON,2224 => 2235 (R),W
565,27TH ANNUAL WORLD OPEN,OPEN!!!,1,,10174309,STANLEY WILLMAR FINK JR.,2200 => 2204 (R),D
566,27TH ANNUAL WORLD OPEN,OPEN!!!,2,,10113334,DAVID M LEVINE,2274 => 2254 (R),W
567,8TH ANNUAL CHICAGO OPEN,OPEN!,1,,12638882,MATTHEW B HOEKSTRA,2241 => 2223 (R),W
568,6TH STRATTON MOUNTAIN OPEN!,OPEN?!,4,,12641216,HIKARU NAKAMURA,2253 => 2252 (R),W
569,9TH MASSACHUSETTS G/60 CHAMPIO,OPEN,1,,12147190,MARK D KERNIGHAN,2207 => 2200 (R),W
570,9TH MASSACHUSETTS G/60 CHAMPIO,OPEN,2,,10009596,JOEL F JOHNSON,2204 => 2203 (R),W
571,1ST ANNUAL FOXWOODS OPEN,OPEN,5,,12611882,MR. ALEXANDER BELTRE,2238 => 2258 (R),L
572,NYS G/45 CHAMPIONSHIP,OPEN,2,,12431174,JAROD J BRYAN,2250 => 2227 (R),W
573,1999 NATIONAL OPEN,CHAMP,2,,10048711,MARK A PINTO,2211 => 2212 (R),W
574,8TH EASTERN CLASS CHAMPIONSHIP,MASTERS!!,1,,10503892,CARL A HAESSLER,2281 => 2302 (R),W
575,8TH EASTERN CLASS CHAMPIONSHIP,MASTERS!!,2,,12641216,HIKARU NAKAMURA,2255 => 2251 (R),W
576,LAND OF THE SKY XII,OpenS,2,,12389170,JOHN KIRBY,2226 => 2253 (R),W
577,LAND OF THE SKY XII,OpenS,3,,10014549,LARRY TAPPER,2280 => 2305 (R),W
578,LAND OF THE SKY XII,OpenS,5,,12641216,HIKARU NAKAMURA,2235 => 2278 (R),W
579,12TH SUPER(!) SATURDAY IN NEW,LOOK ROBIN,1,,12655955,RAFAL FURDZIK,2212 => 2208 (R),W
580,12TH SUPER(!) SATURDAY IN NEW,LOOK ROBIN,2,,20008213,LEWIS EISEN,2287 => 2301 (R),W
581,MARSHALL CC JANUARY GRAND PRIX,OPEN,1,,12613557,VLADIMIR GRECHIKHIN,2214 => 2211 (R),W
582,MARSHALL CC JANUARY GRAND PRIX,OPEN,2,,12580897,JOAN SANTANA,2287 => 2289 (R),W
583,31ST ANNUAL LIBERTY BELL OPEN,OPEN??!,1,,10099463,ERNEST P COLDING,2229 => 2234 (R),L
584,31ST ANNUAL LIBERTY BELL OPEN,OPEN??!,3,,12583831,ZAKHAR FAYVINOV,2262 => 2290 (R),W
585,25TH EASTERN OPEN,OPEN,1,,10180732,FLOYD A BOUDREAUX JR.,2200 => 2220 (R),W
586,25TH EASTERN OPEN,OPEN,2,,12580897,JOAN SANTANA,2282 => 2290 (R),W
587,29TH NATIONAL CHESS CONGRESS!,OPEN!,1,,12638882,MATTHEW B HOEKSTRA,2216 => 2202 (R),D
588,29TH NATIONAL CHESS CONGRESS!,OPEN!,2,,12596066,MATTHEW R TRALDI,2279 => 2285 (R),W
589,BLACK IS OK!!,,2,,10084369,JOHN RIDDELL,2212 => 2208 (R),W
590,ATHOL SUNDAY SERVICES II,OPEN,4,,10004179,DAVID E TIMBERLAKE,2200 => 2200 (R),W
591,26TH HARVARD OPEN,OPEN,3,,12690122,VADIM MARTIROSOV,2214 => 2222 (R),W
592,1998 GOVERNOR'S CUP,OPEN,3,,12455097,NATHAN E HOOVER,2213 => 2207 (R),W
593,58TH NEW ENGLAND OPEN,OPEN,1,,10022908,KEITH A KAPLAN,2211 => 2224 (R),W
594,30TH ATLANTIC OPEN!!,OPEN!,1,,10174309,STANLEY WILLMAR FINK JR.,2210 => 2200 (R),W
595,30TH ATLANTIC OPEN!!,OPEN!,2,,10145422,MICHAEL J MAZOCK,2247 => 2249 (R),W
596,30TH ATLANTIC OPEN!!,OPEN!,4,,12455549,BORIS REICHSTEIN,2272 => 2289 (R),W
597,3RD BRADLEY OPEN!,OPEN,1,,12339900,NEIL BASESCU,2263 => 2256 (R),W
598,3RD BRADLEY OPEN!,OPEN,3,,10009201,JOHN A CURDO,2287 => 2306 (R),W
599,48TH NH OPEN,OPEN,2,,12129900,KEVIN L COTREAU,2238 => 2233 (R),W
600,26TH ANNUAL WORLD OPEN,OPEN,1,,10505429,CLARK R HARMON,2244 => 2202 (R),W
601,26TH ANNUAL WORLD OPEN,OPEN,2,,12497557,JIM H DEAN,2290 => 2295 (R),D
602,26TH ANNUAL WORLD OPEN,OPEN,6,,12655955,RAFAL FURDZIK,2262 => 2243 (R),W
603,26TH ANNUAL WORLD OPEN,OPEN,7,,12339900,NEIL BASESCU,2234 => 2273 (R),W
604,WALTHAM ACTION SWISS,OPEN,3,,12167330,LAWYER TIMES,2231 => 2239 (R),W
605,7TH ANNUAL CHICAGO OPEN,OPEN!!!,1,,10347483,FREDERICK S RHINE,2232 => 2217 (R),W
606,7TH ANNUAL CHICAGO OPEN,OPEN!!!,2,,12713319,ILYE FIGLER,2274 => 2260 (R),W
607,7TH ANNUAL CHICAGO OPEN,OPEN!!!,7,,12571512,SEAN NAGLE,2273 => 2303 (R),W
608,NEWTON SPRING OPEN,OPEN,4,,12431174,JAROD J BRYAN,2272 => 2290 (R),W
609,ATHOL SUNDAY SERVICES,,3,,10214033,KLAUS A POHL,2284 => 2283 (R),W
610,EMPIRE STATE OPEN,OPEN,1,,12550168,SAM BARSKY,2225 => 2251 (R),W
611,EMPIRE STATE OPEN,OPEN,5,,12472698,GRANT C SPRAGGETT,2241 => 2270 (R),D
612,EMPIRE STATE OPEN,OPEN,6,,10251648,ROBERT J FISCHER,2206 => 2165 (R),W
613,1998 NATIONAL OPEN,OPEN,2,,10146224,DANIEL H BURKHARD,2219 => 2206 (R),W
614,1998 NATIONAL OPEN,OPEN,6,,10442435,RONALD JOSEPH GROSS,2265 => 2283 (R),W
615,22ND QUEEN CITY OPEN,OPEN,2,,12549813,STEVEN WINER,2294 => 2325 (R),L
616,THE JOHN CURDO OPEN,1,4,,11186769,ALLAN D BENNETT,2294 => 2282 (R),W
617,1ST HARRY LYMAN OPEN,OPEN,1,,11096239,ALEX CHERNIACK,2263 => 2284 (R),W
618,1ST HARRY LYMAN OPEN,OPEN,3,,12567854,VALERY FRENKLAKH,2292 => 2305 (R),W
619,30TH ANNUAL LIBERTY BELL OPEN,OPEN,1,,10163013,NORMAN ROGERS,2234 => 2238 (R),W
620,24TH EASTERN OPEN,OPEN,1,,10169861,PHILIP M COLLIER,2201 => 2200 (R),W
621,24TH EASTERN OPEN,OPEN,2,,12232580,PAUL MAC INTYRE,2299 => 2319 (R),L
622,24TH EASTERN OPEN,OPEN,3,,12074620,DAVID L PETERS,2210 => 2227 (R),W
623,24TH EASTERN OPEN,OPEN,4,,12573681,STAN RITVIN,2294 => 2306 (R),W
624,20TH NEWTON OPEN,OPEN,1,,12147190,MARK D KERNIGHAN,2228 => 2247 (R),W
625,20TH NEWTON OPEN,OPEN,2,,12431174,JAROD J BRYAN,2238 => 2248 (R),W
626,FOUR QUEENS HOLIDAY CLASS CHAM,MASTER,1,,12537852,MARTIN HERZOG,2247 => 2253 (R),W
627,PILLSBURY MEMORIAL 4SS,OPEN,1,,10025265,HENRY L TERRIE III,2200 => 2214 (R),W
628,PILLSBURY MEMORIAL 4SS,OPEN,2,,12656034,LEONID RASIN,2244 => 2250 (R),D
629,28TH NATIONAL CHESS CONGRESS!,OPEN,1,,11185509,STEVEN F MAYER,2259 => 2282 (R),L
630,28TH NATIONAL CHESS CONGRESS!,OPEN,1,,10099463,ERNEST P COLDING,2271 => 2267 (R),W
631,28TH NATIONAL CHESS CONGRESS!,OPEN,2,,12691659,MIKHAIL BELORUSOV,2254 => 2233 (R),D
632,28TH NATIONAL CHESS CONGRESS!,OPEN,5,,11060871,BRIAN MC CARTHY,2287 => 2312 (R),W
633,5TH GREEN MOUNTAIN OPEN!,OPEN,2,,12549813,STEVEN WINER,2277 => 2276 (R),W
634,15TH ANNUAL WESTERN STATES OPE,OPEN,1,,10410860,EUGENE LEVIN,2251 => 2263 (R),W
635,25TH HARVARD OPEN,OPEN,2,,10266785,MARK JOHN LAROCCA,2205 => 2221 (R),W
636,25TH HARVARD OPEN,OPEN,3,,20028434,RIGEL CAPPALLO,2279 => 2295 (R),W
637,98TH ANNUAL US OPEN - 1997,U.S. OPEN!,3,,20058682,MR. DANIEL FERNANDEZ,2230 => 2217 (R),W
638,98TH ANNUAL US OPEN - 1997,U.S. OPEN!,6,,12498866,DR. SHEARWOOD MC CLELLAND III,2207 => 2227 (R),W
639,27TH CONTINENTAL OPEN!!,OPEN,3,,12562346,RON PEREZ,2207 => 2200 (R),W
640,25TH ANNUAL WORLD OPEN,OPEN!,1,,10345898,GARY C DE FOTIS,2245 => 2218 (R),W
641,4TH STRATTON MOUNTAIN OPEN,OPEN,2,,10001838,STANLEY TARGONSKI,2223 => 2211 (R),W
642,4TH STRATTON MOUNTAIN OPEN,OPEN,4,,11186769,ALLAN D BENNETT,2282 => 2306 (R),W
643,1997 NATIONAL OPEN,OPEN,2,,11500030,EDMUND PASCUAL,2277 => 2291 (R),W
644,5TH ANNUAL HUDSON VALLEY OPEN!,OPEN,2,,10084369,JOHN RIDDELL,2227 => 2225 (R),W
645,5TH ANNUAL HUDSON VALLEY OPEN!,OPEN,5,,12630197,ARKADY KATLYAREVSKIY,2250 => 2284 (R),D
646,1997 U.S. MASTERS,,1,,10048711,MARK A PINTO,2259 => 2254 (R),W
647,1997 U.S. MASTERS,,3,,12585442,WIN MOE,2268 => 2280 (R),W
648,Middle Tennessee Open,Open,1,,12569456,MATTHEW PUCKETT,2284 => 2251 (R),W
649,14TH ANNUAL BERMUDA INT'L OPEN,1,2,,10081378,JERRY C SIMON,2216 => 2197 (R),W
650,Land of the Sky X,OPEN,4,,11155189,SUNIL P WEERAMANTRY,2266 => 2288 (R),W
651,29TH ANNUAL LIBERTY BELL OPEN,OPEN!,1,,12543137,IRINA KRUSH,2200 => 2224 (R),W
652,29TH ANNUAL LIBERTY BELL OPEN,OPEN!,2,,10084369,JOHN RIDDELL,2233 => 2227 (R),W
653,23RD EASTERN OPEN,OPEN,1,,10242126,JERRY T WHEELER,2224 => 2227 (R),W
654,DENNIS BARRY GRAND PRIX,1,3,,10047943,TODD W LUNNA,2244 => 2259 (R),W
655,DENNIS BARRY GRAND PRIX,1,4,,12691659,MIKHAIL BELORUSOV,2287 => 2367 (R),L
656,VIKING ACTION G/30 GRAND PRIX,1,2,,10047943,TODD W LUNNA,2259 => 2270 (R),W
657,PINFORK GP 4 OF 4,OPEN,1,,12509332,VASIK G RAJLICH,2253 => 2241 (R),W
658,LAURIE MILLER GRAND PRIX,1,2,,12460475,PETER RADOMSKYJ,2224 => 2213 (R),W
659,5TH KINGS ISLAND OPEN!,OPEN!,1,,12585442,WIN MOE,2261 => 2268 (R),W
660,4TH GREEN MOUNTAIN OPEN!,OPEN,3,,10047943,TODD W LUNNA,2273 => 2263 (R),W
661,4TH GREEN MOUNTAIN OPEN!,OPEN,5,,10086582,MITCHELL D GOLDBERG,2219 => 2237 (R),D
662,97TH ANNUAL US OPEN - 1996,Traditiona,3,,10696275,MICHAEL SHAHADE,2292 => 2271 (R),W
663,97TH ANNUAL US OPEN - 1996,Traditiona,9,,12546276,GEOFFREY GELMAN,2281 => 2289 (R),W
664,BRADLEY OPEN!,OPEN,5,,10047943,TODD W LUNNA,2240 => 2260 (R),W
665,24TH ANNUAL WORLD OPEN,OPEN!,1,,10345898,GARY C DE FOTIS,2240 => 2245 (R),D
666,24TH ANNUAL WORLD OPEN,OPEN!,2,,12080680,ANTHONY ORTEGA,2255 => 2239 (R),W
667,5TH ANNUAL CHICAGO OPEN,OPEN,3,,11177573,DAVID MICHAEL FILIPOVICH,2227 => 2243 (R),W
668,NATIONAL OPEN,CHAMPION,2,,12188500,KENNETH T WALLACH,2239 => 2246 (R),W
669,1996 New York Open,Open,1,,12678898,HANNES GANAUS,2272 => 2247 (R),W
670,1996 New York Open,Open,3,,12602267,GEORGI ANGELOV,2205 => 2232 (R),W
671,MID-AMERICA CLASS CHAMPIONSHIP,MASTER,1,,10242126,JERRY T WHEELER,2200 => 2206 (R),W
672,PINFORK DALLAS GRAND PRIX (1 O,OPEN,1,,12350320,MARK W DEJMEK,2204 => 2213 (R),W
673,TWIN TOWERS OPEN-NHCP,OPEN,4,,10024111,GARY A NUTE,2246 => 2230 (R),W
674,TWIN TOWERS OPEN-NHCP,OPEN,7,,12520640,MAURICIO RUIZ,2215 => 2221 (R),W
675,1996 BERMUDA INTERNATIONAL,OPEN,2,,10179629,DENIS F STRENZWILK,2200 => 2214 (R),W
676,24TH ANNUAL EMPIRE CITY OPEN!!,,3,,11180035,ERIC COOKE,2268 => 2264 (R),W
677,NEWTON/WORCESTER GAME 64'S,SUN OPEN,1,,12496909,GEORGE SAMMOUR,2224 => 2243 (R),W
678,NEWTON/WORCESTER GAME 64'S,SUN OPEN,2,,12473969,PREDRAG CICOVACKI,2292 => 2281 (R),W
679,13TH ANNUAL SAND REGENCY WESTE,OPEN,1,,11168361,RALPH DUBISCH,2299 => 2307 (R),W
680,1995 US CLASS CHAMPIONSHIPS,1,2,,12216670,STEPHEN P CAPP,2201 => 2189 (R),W
681,2ND GREATER BOSTON GAME/60,OPEN,3,,12147190,MARK D KERNIGHAN,2281 => 2299 (R),W
682,27TH ANNUAL ATLANTIC OPEN,OPEN,1,,12495961,EDGAR J INOCENCIO,2234 => 2236 (R),W
683,27TH ANNUAL ATLANTIC OPEN,OPEN,4,,10167990,CHARLES BOUZOUKIS,2273 => 2307 (R),W
684,3RD ANNUAL NY STATE OPEN,OPEN,4,,10057361,DAVID H LEVIN,2277 => 2274 (R),W
685,45TH NEW HAMPSHIRE OPEN,OPEN,2,,12431174,JAROD J BRYAN,2234 => 2250 (R),W
686,45TH NEW HAMPSHIRE OPEN,OPEN,4,,10923344,BRIAN D WALL,2255 => 2281 (R),W
687,45TH NEW HAMPSHIRE OPEN,OPEN,5,,10024111,GARY A NUTE,2202 => 2246 (R),D
688,6TH ANNUAL VERMONT RESORT OPEN,OPEN,1,,12363210,EDWARD FRANCIS MCHUGH,2236 => 2239 (R),W
689,23RD ANNUAL WORLD OPEN,OPEN,1,,10163676,ROBERT R LARDIZABAL,2203 => 2171 (R),W
690,23RD ANNUAL WORLD OPEN,OPEN,4,,12431174,JAROD J BRYAN,2260 => 2234 (R),W
691,23RD ANNUAL WORLD OPEN,OPEN,8,,12540110,EDUARDO D TEODORO IV,2220 => 2277 (R),W
692,2ND ANNUAL PCA/INTEL NY QUALIF,,7,,10094879,DANIEL E SHAPIRO,2290 => 2331 (R),W
693,HARVARD OPEN,SECTION 1,1,,12562710,CHRISTOPHER J VON KROGH,2204 => 2229 (R),W
694,1995 NATIONAL OPEN,OPEN,2,,12583603,STEWART REUBEN,2218 => 2245 (R),D
695,1995 NATIONAL OPEN,OPEN,3,,10275831,ERIC V FISCHVOGT,2210 => 2217 (R),W
696,1995 New York Open,Open,1,,11057438,MOSHE KHATENA,2225 => 2260 (R),L
697,1995 New York Open,Open,3,,10110793,GARY M SHURE,2206 => 2225 (R),W
698,1995 New York Open,Open,4,,12454688,YLON SCHWARTZ,2283 => 2279 (R),W
699,1995 BERMUDA INTERNATIONAL OPE,,2,,10696275,MICHAEL SHAHADE,2292 => 2292 (R),W
700,EMPIRE CITY OPEN,OPEN,2,,12492845,VINOD N SOLANKI,2235 => 2266 (R),W
701,1994 EASTERN OPEN,OPEN,1,,10190851,DAVID SHERMAN,2249 => 2265 (R),W
702,1994 EASTERN OPEN,OPEN,2,,10083761,GREGORY CHIEDOZIE ACHOLONU,2290 => 2315 (R),W
703,1994 EASTERN OPEN,OPEN,4,,12546954,CHARLES GELMAN,2233 => 2233 (R),W
704,1994 EASTERN OPEN,OPEN,6,,10057361,DAVID H LEVIN,2282 => 2307 (R),W
705,61ST HARRY NELSON PILLSBURY ME,OPEN,2,,10266785,MARK JOHN LAROCCA,2260 => 2300 (R),D
706,NATIONAL CHESS CONGRESS,OPEN,1,,10034191,STEVEN D GREANIAS,2247 => 2268 (R),L
707,NATIONAL CHESS CONGRESS,OPEN,1,,10118492,ILAN KREITNER,2200 => 2200 (R),W
708,17TH ANNUAL MONADNOCK MARATHON,,2,,10562163,GRAHAM P COOPER,2200 => 2200 (R),W
709,26TH ANNUAL ATLANTIC OPEN,OPEN,1,,12481756,JOHN HECHTLINGER,2228 => 2218 (R),W
710,26TH ANNUAL ATLANTIC OPEN,OPEN,4,,11341667,BILL R MASON,2263 => 2304 (R),L
711,VERMONT RESORT OPEN,OPEN,2,,10055725,ARTHUR WILLIAM FEUERSTEIN,2279 => 2276 (R),W
712,NEW YORK STATE OPEN,OPEN,1,,12498866,DR. SHEARWOOD MC CLELLAND III,2202 => 2173 (R),W
713,SOUTHERN NEW ENGLAND CLASS CH.,MASTER/EXP,1,,10614830,KERRY J LEAHY,2291 => 2255 (R),W
714,SOUTHERN NEW ENGLAND CLASS CH.,MASTER/EXP,2,,12583831,ZAKHAR FAYVINOV,2282 => 2312 (R),W
715,4TH NEW ENGLAND MASTERS,,1,,12581229,MICHAEL LANGER,2208 => 2200 (R),W
716,22ND ANNUAL WORLD OPEN,OPEN,2,,12466353,BOAZ WEINSTEIN,2260 => 2300 (R),W
717,PITTSBURGH OPEN,OPEN,2,,10141222,THOMAS P MAGAR,2225 => 2236 (R),W
718,3RD ANNUAL CHICAGO OPEN,OPEN,1,,12550427,CAMILO C PANGAN,2278 => 2248 (R),W
719,NAT'L 1994 NATIONAL OPEN,OPEN,3,,11035230,MARK D REEVE,2228 => 2248 (R),W
720,NEW YORK OPEN - 1994,OPEN,3,,10078644,BRIAN HULSE,2230 => 2224 (R),W
721,MID-AMERICA CLASS CHAMPIONSHIP,MASTER,4,,12490909,B P COMPX,2260 => 2297 (R),W
722,GULF COAST OPEN,OPEN,2,,10375746,DENNIS CLAUDE BAKER,2240 => 2256 (R),W
723,EASTERN CLASS CHAMPIONSHIPS,MASTERS,1,,10014549,LARRY TAPPER,2297 => 2325 (R),W
724,PACIFIC COAST OPEN,OPEN,1,,10484413,PAUL DAVID STAINTHORPE,2278 => 2261 (R),W
725,18TH QUEEN CITY OPEN,OPEN,1,,12542137,ARKADIUSZ LUKSZA,2244 => 2207 (R),W
726,BERMUDA INTERNATIONAL OPEN,,5,,10179629,DENIS F STRENZWILK,2205 => 2214 (R),W
727,9TH CAPITAL DISTRICT OPEN,,6,,10092256,DANIEL W VAN RIPER,2265 => 2270 (R),D
728,JOE SPARK'S 4TH NEW ENGLAND AC,OPEN,3,,12483814,RICHARD RUSH,2254 => 2243 (R),W
729,WESTERN STATES OPEN XI,OPEN,1,,12398090,GJON FEINSTEIN,2294 => 2300 (R),W
730,WESTERN STATES OPEN XI,OPEN,4,,11190197,TIM D POINTON,2278 => 2308 (R),W
731,SOUTHERN CLASS CHAMPIONSHIPS,MASTER/EXP,1,,12485443,TOM G STIERS,2200 => 2213 (R),W
732,SOUTHERN CLASS CHAMPIONSHIPS,MASTER/EXP,2,,10229821,MIGUEL F SALOMON,2220 => 2220 (R),W
733,SOUTHERN CLASS CHAMPIONSHIPS,MASTER/EXP,4,,12126730,RONALD C HOLT,2203 => 2240 (R),W
734,CALLO/DIAZ OPEN,,3,,12461949,ADRIAN RIOS CABELLO,2281 => 2295 (R),W
735,60TH GREATER BOSTON OPEN,OPEN,1,,12378560,NASSER M ABBASI,2278 => 2323 (R),L
736,60TH GREATER BOSTON OPEN,OPEN,2,,12416945,MARK SHMULEVICH,2206 => 2199 (R),W
737,53RD NEW ENGLAND OPEN,OPEN,1,,12494878,WILLIAM MARK PASCHALL,2297 => 2290 (R),W
738,53RD NEW ENGLAND OPEN,OPEN,4,,10024111,GARY A NUTE,2230 => 2268 (R),W
739,4TH ANNUAL VERMONT RESORT OPEN,OPEN,2,,12601495,CHRISTOPHER NOGLY,2232 => 2214 (R),D
740,94TH ANNUAL US OPEN - 1993,,5,,12441851,ROBERT R H SELTZER,2284 => 2305 (R),W
741,US OPEN TUESDAY ACTION,,2,,10220718,RUBEN M SHOCRON,2252 => 2266 (R),W
742,US OPEN TUESDAY ACTION,,4,,12150400,ROBBY ADAMSON,2299 => 2308 (R),W
743,SOUTHERN OPEN,OPEN,2,,12485443,TOM G STIERS,2215 => 2205 (R),W
744,21ST ANNUAL WORLD OPEN,OPEN,1,,10161371,RICHARD A COSTIGAN,2284 => 2319 (R),W
745,2ND ANNUAL CHICAGO OPEN,OPEN,1,,12558151,MR. VLADIMIR DRKULEC,2209 => 2207 (R),W
746,PHILADELPHIA OPEN,OPEN,2,,11357652,LUIS BERNARDO HOYOS-MILLAN,2220 => 2221 (R),W
747,17TH QUEEN CITY OPEN,OPEN,5,,11186769,ALLAN D BENNETT,2200 => 2203 (R),W
748,8TH CAPITAL DISTRICT OPEN,,5,,12589245,HOLGER DIETZ,2275 => 2230 (R),W
749,8TH CAPITAL DISTRICT OPEN,,6,,10092256,DANIEL W VAN RIPER,2217 => 2243 (R),D
750,1993 NEWTON OPEN,OPEN,4,,12440626,MICHAEL CASELLA,2242 => 2268 (R),D
751,J SPARKS 3RD NEW ENGLAND ACTIO,,2,,10146712,J TIMOTHY SAGE,2208 => 2164 (R),W
752,J SPARKS 3RD NEW ENGLAND ACTIO,,3,,10014549,LARRY TAPPER,2268 => 2287 (R),W
753,NEW ENGLAND CLASS CHAMPIONSHIP,MASTER-EXP,1,,11186769,ALLAN D BENNETT,2214 => 2212 (R),W
754,WESTERN MASS CLASSIC,OPEN,1,,10092256,DANIEL W VAN RIPER,2233 => 2228 (R),D
755,LOS ANGELES OPEN,OPEN,1,,12023620,PAUL A REJTO,2233 => 2229 (R),W
756,LOS ANGELES OPEN,OPEN,4,,10455715,TODD HAROLD SMITH,2265 => 2293 (R),W
757,20TH ANNUAL WORLD OPEN,OPEN,1,,10084369,JOHN RIDDELL,2283 => 2278 (R),W
758,VERMONT RESORT OPEN,OPEN,1,,11247172,JACK YOUNG,2232 => 2233 (R),W
759,VERMONT RESORT OPEN,OPEN,5,,12528654,ROBERT A QUANCE,2223 => 2233 (R),W
760,1992 NEW YORK OPEN,OPEN,1,,11297331,RONALD M YOUNG,2294 => 2278 (R),W
761,NOR'EASTER OPEN,OPEN,1,,12494878,WILLIAM MARK PASCHALL,2238 => 2272 (R),W
762,MID-AMERICA CLASS CHAMP IN CHI,MASTER,1,,12521248,ROMAN LEVIT,2281 => 2327 (R),W
763,LAND OF THE SKY GRAND PRIX V,OPEN,2,,12550427,CAMILO C PANGAN,2217 => 2235 (R),W
764,LAND OF THE SKY GRAND PRIX V,OPEN,5,,11078273,EUGENE FURMAN,2204 => 2230 (R),W
765,7TH CAPITAL DISTRICT OPEN,,3,,11282008,STEVEN A TAYLOR,2218 => 2243 (R),W
766,2ND  ANNUAL NORTH AMERICAN OPEN,,2,,12393882,NM BRIAN S ZAVODNIK,2226 => 2226 (R),W
767,HARRY NELSON PILLSBURY MEMORIA,OPEN,2,,12440626,MICHAEL CASELLA,2289 => 2281 (R),W
768,8TH METRO OPEN TOUR DE MACA EV,OPEN,4,,12416945,MARK SHMULEVICH,2233 => 2231 (R),W
2,NEW HAVEN COUNTY & MERIDEN CITY CHA,OPEN,4,B,11257585,SERGEY KUDRIN,2390 => 2391 (R),D
3,HARTFORD COUNTY & CITY CHAMPIONSHIP,OPEN,4,W,11257585,SERGEY KUDRIN,2387 => 2390 (R),D
4,4TH BOSTON ELITE THANKSGIVING FIDE,PREMIER,4,W,12426279,DAVID VIGORITO,2339 => 2339 (R),W
5,BCF FALL FESTIVAL,OPEN,3,W,16379802,RYAN SUN,2319 => 2326 (R),D
6,53RD ANNUAL CONTINENTAL OPEN!,PREMIER SECTION!,6,W,17109163,ANSH SHAH,2303 => 2308 (R),W
7,91ST MASSACHUSETTS OPEN,CHAMPIONSHIP,6,W,16434545,RAJESH SHANMUGASUNDARAM,2363 => 2367 (R),D
8,CIRCUS & SPECTACLE,OPEN,3,B,16434545,RAJESH SHANMUGASUNDARAM,2344 => 2363 (R),D
9,87TH GREATER BOSTON OPEN,OPEN,3,B,16434545,RAJESH SHANMUGASUNDARAM,2338 => 2347 (R),L
10,71ST NEW HAMPSHIRE OPEN,OPEN,4,B,14969622,DANILA POLIANNIKOV,2391 => 2406 (R),L
11,81ST NEW ENGLAND OPEN,CHAMPIONSHIP,5,B,12426279,DAVID VIGORITO,2387 => 2389 (R),D
12,52ND ANNUAL CONTINENTAL OPEN,MASTER,2,W,17109163,ANSH SHAH,2310 => 2300 (R),L
13,52ND ANNUAL CONTINENTAL OPEN,MASTER,3,B,14026495,JASON SHI,2314 => 2288 (R),W
14,BOSTON_ELITE_SUMMER_CLASSIC_2022- S,PREMIER,4,W,12426279,DAVID VIGORITO,2366 => 2377 (R),D
15,30TH ANNUAL EASTERN CLASS!,MASTERS!,4,B,14969622,DANILA POLIANNIKOV,2388 => 2391 (R),W
16,10TH ANNUAL BOSTON CHESS CONGRESS,PREMIER SECTION,4,B,12561884,JUSTIN J SARKAR,2399 => 2397 (R),D
17,HARRY NELSON PILLSBURY MEMORIAL,OPEN,3,W,16434545,RAJESH SHANMUGASUNDARAM,2341 => 2346 (R),D
18,2ND BOSTON ELITE THANKSGIVING OPEN,PREMIER,3,B,16434545,RAJESH SHANMUGASUNDARAM,2327 => 2341 (R),D
19,2ND BOSTON ELITE THANKSGIVING OPEN,PREMIER,4,W,10010985,CHRISTOPHER W CHASE,2313 => 2307 (R),W
20,80TH NEW ENGLAND OPEN,CHAMPIONSHIP,6,W,16434545,RAJESH SHANMUGASUNDARAM,2326 => 2338 (R),W
21,MASS SENIOR CHAMPIONSHIP 2021,MASS SENIOR CHAMPIONSHIP,3,W,12426279,DAVID VIGORITO,2382 => 2395 (R),D
22,MASS SENIOR CHAMPIONSHIP 2021,MASS SENIOR CHAMPIONSHIP,6,B,12426279,DAVID VIGORITO,2382 => 2395 (R),D
23,DR DAVID OSTFELD MEMORIAL ICA JAN 2,S7 O >140,4,,17109163,ANSH SHAH,2305 => 2305 (R),W
24,BOSTON ELITE THANKSGIVING OPEN,MASTER,2,W,12868372,FARZAD ABDI,2309 => 2303 (R),W
25,5TH ANNUAL STAMFORD OPEN!,MAJOR SECTION!,3,B,16041488,JASON LIANG,2302 => 2326 (R),D
26,69TH NEW HAMPSHIRE OPEN,OPEN,3,W,14969622,DANILA POLIANNIKOV,2317 => 2321 (R),W
27,69TH NEW HAMPSHIRE OPEN,OPEN,4,B,16434545,RAJESH SHANMUGASUNDARAM,2313 => 2338 (R),L
28,79TH NEW ENGLAND OPEN,CHAMPIONSHIP,3,B,14969622,DANILA POLIANNIKOV,2301 => 2317 (R),L
29,49TH ANNUAL CONTINENTAL OPEN,PREMIER,4,W,14684893,JOSEPH ZELTSAN,2378 => 2380 (R),W
30,49TH ANNUAL CONTINENTAL OPEN,PREMIER,8,B,12598805,MR. EUGENE YANAYT,2343 => 2372 (R),W
31,49TH ANNUAL CONTINENTAL OPEN,PREMIER,9,W,16434545,RAJESH SHANMUGASUNDARAM,2308 => 2313 (R),W
32,WESTFORD APRIL OPEN,CHAMPIONSHIP,3,W,12426279,DAVID VIGORITO,2399 => 2394 (R),W
33,28TH ANNUAL EASTERN CLASS CHAMPS,MASTER,1,B,12167330,LAWYER TIMES,2310 => 2303 (R),L
34,WESTFORD JANUARY OPEN,CHAMPIONSHIP,3,B,12564228,NELSON CASTANEDA,2346 => 2350 (R),D
35,NEW HAMPSHIRE SENIOR CHAMPIONSHIP,CHAMPIONSHIP,4,W,12564228,NELSON CASTANEDA,2345 => 2346 (R),W
36,HARRY NELSON PILLSBURY MEMORIAL,OPEN,2,B,12637883,NATHAN SOLON,2393 => 2398 (R),D
37,4TH ANNUAL STAMFORD OPEN!,MAJOR SECTION!,1,W,14667931,ARSLAN OTCHIYEV,2388 => 2389 (R),D
38,78TH NEW ENGLAND OPEN,CHAMPIONSHIP,3,B,12167330,LAWYER TIMES,2320 => 2317 (R),W
39,CAMBRIDGE SUMMER IM NORM INVITATIONAL,IM NORM,1,B,12637883,NATHAN SOLON,2392 => 2384 (R),W
40,CAMBRIDGE SUMMER IM NORM INVITATIONAL,IM NORM,4,W,15445874,MR. EUGENE HUA,2311 => 2317 (R),W
41,2ND BOSTON ELITE CHESS TOURNAMENT,MASTER,3,W,12637883,NATHAN SOLON,2383 => 2384 (R),W
42,27TH ANNUAL EASTERN CLASS,MASTER,2,B,14514636,CARISSA SHIWEN YIP,2365 => 2377 (R),L
43,LAND OF THE SKY XXXI,OPEN,3,B,14114902,SANJAY GHATTI,2346 => 2350 (R),W
44,36TH EMPIRE CITY OPEN,MAJOR,6,W,14256600,WESLEY WANG,2332 => 2353 (R),W
45,HARRY NELSON PILLSBURY MEMORIAL,OPEN,3,B,13751622,RYAN SOWA,2322 => 2328 (R),W
46,BCF MASTERS SUNDAY,OPEN,3,W,13751622,RYAN SOWA,2323 => 2322 (R),W
47,BCF MASTERS SUNDAY,OPEN,4,B,12748218,SHERIF KHATER,2301 => 2297 (R),W
48,48TH ANNUAL NATIONAL CHESS CONGRESS,PREMIER,2,B,13462174,STANISLAV BUSYGIN,2314 => 2326 (R),D
49,48TH ANNUAL NATIONAL CHESS CONGRESS,PREMIER,4,B,10098327,MR. JAY RICHARD BONIN,2389 => 2386 (R),W
50,48TH ANNUAL NATIONAL CHESS CONGRESS,PREMIER,6,B,12561884,JUSTIN J SARKAR,2397 => 2407 (R),W
51,GREATER PHILADELPHIA WEEKEND OPEN,PREMIER,2,B,20006337,PETER MINEAR,2358 => 2357 (R),W
52,3RD ANNUAL STAMFORD OPEN!,OPEN SECTION!,5,B,14774846,LEV PACIORKOWSKI,2394 => 2406 (R),L
53,NEW HAMPSHIRE SENIOR CHAMPIONSHIP,CHAMPIONSHIP,4,B,12564228,NELSON CASTANEDA,2328 => 2333 (R),W
54,8TH ANNUAL HARTFORD OPEN,OPEN SECTION!,4,B,12857211,MR. SAMEER SUHAS MUJUMDAR,2307 => 2291 (R),W
55,77TH NEW ENGLAND OPEN,CHAMPIONSHIP,3,W,10010985,CHRISTOPHER W CHASE,2372 => 2397 (R),L
56,IN MEMORY OF IM DR. DANNY KOPEC,MASTER-EXPERT,4,W,12868372,FARZAD ABDI,2325 => 2328 (R),W
57,86TH MASSACHUSETTS OPEN,CHAMPIONSHIP,3,W,13987660,ANDREW LIU,2359 => 2364 (R),D
58,86TH MASSACHUSETTS OPEN,CHAMPIONSHIP,4,W,14514636,CARISSA SHIWEN YIP,2355 => 2371 (R),D
59,86TH MASSACHUSETTS OPEN,CHAMPIONSHIP,5,B,10010985,CHRISTOPHER W CHASE,2376 => 2372 (R),W
60,BCF MAY MASTERS SUNDAY,OPEN,3,W,12868372,FARZAD ABDI,2331 => 2336 (R),W
61,BCF MAY MASTERS SUNDAY,OPEN,4,B,12788759,CHRIS WILLIAMS,2341 => 2342 (R),D
62,27TH MASSACHUSETTS G/60 CHAMPIONSHIP,OPEN,4,B,14514636,CARISSA SHIWEN YIP,2354 => 2354 (R),W
63,QUEEN CITY IM NORM,NORM,1,B,14982402,NIKHIL KUMAR,2394 => 2357 (R),W
64,QUEEN CITY IM NORM,NORM,5,W,14097165,AKSHITA GORTI,2315 => 2339 (R),D
65,QUEEN CITY IM NORM,NORM,6,W,14982402,NIKHIL KUMAR,2394 => 2357 (R),W
66,QUEEN CITY IM NORM,NORM,9,B,14097165,AKSHITA GORTI,2315 => 2339 (R),W
67,LAND OF THE SKY XXX,OPEN,3,W,14543654,DANIEL CREMISI,2304 => 2303 (R),W
68,5TH ANNUAL BOSTON CHESS CONGRESS,PREMIER!,5,B,14514636,CARISSA SHIWEN YIP,2324 => 2348 (R),D
69,BCF FALL FIDE FESTIVAL,OPEN,5,B,14514636,CARISSA SHIWEN YIP,2303 => 2297 (R),W
70,2016 RENO WESTERN STATES OPEN,OPEN,6,B,14006506,JOSIAH STEARMAN,2300 => 2305 (R),W
71,MILLIONAIRE CHESS 3,OPEN,4,B,16110091,RAHUL SRIVATSHAV P,2343 => 2370 (R),W
72,7TH ANNUAL HARTFORD OPEN,OPEN SECTION,2,W,14671518,YOON-YOUNG KIM,2352 => 2352 (R),W
73,2016 U.S. SENIOR OPEN CHESS CHAMPIONSHIP,SENIOR OPEN,6,B,10172918,MARK GINSBURG,2371 => 2387 (R),L
74,85TH MASSACHUSETTS OPEN,CHAMPIONSHIP,2,B,11096239,ALEX CHERNIACK,2314 => 2318 (R),L
75,85TH MASSACHUSETTS OPEN,CHAMPIONSHIP,6,W,14380771,DAVID BRODSKY,2345 => 2353 (R),L
76,25TH ANNUAL EASTERN CLASS CHAMPIONSHIPS,MASTER,2,B,12545837,ABELARDO CADAVID,2353 => 2349 (R),W
77,26TH MASSACHUSETTS G/60 CHAMPIONSHIP,OPEN,2,B,10012571,WILLIAM J KELLEHER,2317 => 2313 (R),W
78,26TH MASSACHUSETTS G/60 CHAMPIONSHIP,OPEN,3,W,10010985,CHRISTOPHER W CHASE,2388 => 2392 (R),D
79,LAND OF THE SKY XXIX,OPEN,4,B,14099361,TIANQI WANG,2305 => 2312 (R),W
80,PORTSMOUTH OPEN,OPEN,4,B,12564228,NELSON CASTANEDA,2378 => 2380 (R),W
81,4TH ANNUAL BOSTON CHESS CONGRESS,PREMIER,2,W,14671518,YOON-YOUNG KIM,2330 => 2329 (R),W
82,42ND ANNUAL EASTERN OPEN,OPEN,3,B,20058328,RAY KAUFMAN,2337 => 2354 (R),L
83,42ND ANNUAL EASTERN OPEN,OPEN,4,W,12778089,OLADAPO OLUTOLA ADU,2318 => 2331 (R),W
84,MILLIONAIRE CHESS OPEN 2,OPEN,1,W,12728295,RICO SALIMBAGAT,2316 => 2341 (R),W
85,MILLIONAIRE CHESS OPEN 2,OPEN,5,B,15819334,AMIN NASRI,2350 => 2360 (R),W
86,MILLIONAIRE CHESS OPEN 2,OPEN,7,W,14683376,AGHASI INANTS,2392 => 2381 (R),W
87,MILLIONAIRE CHESS OPEN 2,OPEN,9,W,13242201,JOSHUA COLAS,2353 => 2362 (R),D
88,6TH ANNUAL HARTFORD OPEN,OPEN,4,W,14380771,DAVID BRODSKY,2341 => 2354 (R),D
89,137TH ANNUAL NY STATE CHAMPIONSHIP!,OPEN SECTION,5,B,13539092,MR. ETHAN LI,2324 => 2343 (R),D
90,137TH ANNUAL NY STATE CHAMPIONSHIP!,OPEN SECTION,6,W,14380771,DAVID BRODSKY,2324 => 2341 (R),D
91,MARSHALL GRAND PRIX,MERGE,3,,14380771,DAVID BRODSKY,2343 => 2339 (R),W
92,MARSHALL GRAND PRIX,MERGE,4,,13539092,MR. ETHAN LI,2321 => 2329 (R),W
93,20TH ANNUAL BRADLEY OPEN,OPEN,5,W,15609641,KAMBEZ NURI,2328 => 2345 (R),L
94,2015 U.S. SENIOR OPEN CHESS CHAMPIONSHIP,OPEN,4,,10164176,KARL DEHMELT,2336 => 2330 (R),W
95,84TH MASSACHUSETTS OPEN,CHAMPIONSHIP,6,,14380771,DAVID BRODSKY,2302 => 2308 (R),D
96,2015 RENO LARRY EVANS MEMORIAL OPEN,OPEN,3,,20058328,RAY KAUFMAN,2341 => 2359 (R),W
97,25TH MASSACHUSETTS G60 CHAMPIONSHIP,OPEN,3,,12811395,MICHAEL VILENCHUK,2320 => 2320 (R),W
98,LAND OF THE SKY XXVIII,OPEN,2,B,11414966,PETER BEREOLOS,2306 => 2301 (R),W
99,BOSTON CHESS CONGRESS,PREMIER,3,,12592391,BRANDON ASHE,2321 => 2323 (R),W
100,41ST ANNUAL EASTERN OPEN,OPEN,3,,12616022,MR. DANIEL LOWINGER,2349 => 2365 (R),W
101,41ST ANNUAL EASTERN OPEN,OPEN,6,,10179416,LAWRENCE CHARLES KAUFMAN,2394 => 2409 (R),D
102,HARRY NELSON PILLSBURY MEMORIAL,OPEN,2,,12167330,LAWYER TIMES,2327 => 2331 (R),W
103,EASTERN CHESS CONGRESS,PREMIER,2,,15206958,LUIS FLAQUER,2323 => 2321 (R),W
104,81ST GREATER BOSTON OPEN,OPEN,4,,12811395,MICHAEL VILENCHUK,2305 => 2333 (R),D
105,2014 MILLIONAIRE CHESS OPEN,OPEN,3,,13534356,JUSTUS WILLIAMS,2383 => 2388 (R),W
106,5TH ANNUAL HARTFORD OPEN,OPEN!,4,,10010985,CHRISTOPHER W CHASE,2396 => 2410 (R),D
107,83RD MASSACHUSETTS OPEN,CHAMP,2,,10010985,CHRISTOPHER W CHASE,2390 => 2408 (R),W
108,22ND ANNUAL NY STATE OPEN!,OPEN!,3,,13462174,STANISLAV BUSYGIN,2303 => 2306 (R),W
109,3RD ANNUAL RENO - LARRY EVANS MEMOR,OPEN,3,,12470662,NICK RAPTIS,2392 => 2399 (R),W
110,3RD ANNUAL RENO - LARRY EVANS MEMOR,OPEN,6,,13473477,CAMERON WHEELER,2373 => 2382 (R),W
111,EASTERN CLASS CHAMPIONSHIPS,MASTER,5,W,10141591,JONATHAN YEDIDIA,2399 => 2404 (R),W
112,NEWPORT OPEN,OPEN,3,,10141591,JONATHAN YEDIDIA,2391 => 2410 (R),L
113,HARRY NELSON PILLSBURY MEMORIAL,OPEN,3,,13052087,MIKA BRATTAIN,2386 => 2394 (R),D
114,HARTFORD OPEN,OPEN,5,,12616022,MR. DANIEL LOWINGER,2335 => 2333 (R),W
115,80TH GREATER BOSTON OPEN,OPEN,2,,10012571,WILLIAM J KELLEHER,2386 => 2384 (R),W
116,135TH NY STATE CHAMPIONSHIP,OPEN,3,,14580431,FIRUZA VELIKHANLI,2302 => 2298 (R),W
117,114TH ANNUAL US OPEN - 2013,OPEN,7,,13768313,RUIFENG LI,2349 => 2365 (R),L
118,18TH BRADLEY OPEN,OPEN,2,,12616022,MR. DANIEL LOWINGER,2312 => 2295 (R),W
119,18TH BRADLEY OPEN,OPEN,5,,12737698,GABRIEL PETESCH,2302 => 2312 (R),W
120,NASHUA OPEN,OPEN,4,,10018790,JOSEPH H FANG,2342 => 2356 (R),W
121,63RD NEW HAMPSHIRE OPEN,CHAMP,5,,12753681,BRADEN BOURNIVAL,2385 => 2390 (R),D
122,82ND MASSACHUSETTS OPEN,CHAMPIONSHIP,2,,10010985,CHRISTOPHER W CHASE,2358 => 2347 (R),W
123,82ND MASSACHUSETTS OPEN,CHAMPIONSHIP,6,,13052087,MIKA BRATTAIN,2349 => 2354 (R),W
124,MASSACHUSETTS G/60 CHAMPIONSHIP,OPEN,4,,13052087,MIKA BRATTAIN,2334 => 2347 (R),D
125,2013 RENO LARRY EVANS MEMORIAL,OPEN,6,,12470662,NICK RAPTIS,2384 => 2379 (R),W
126,EASTERN CLASS CHAMPIONSHIPS,MASTER,2,,10012571,WILLIAM J KELLEHER,2389 => 2408 (R),L
127,"CMC FEB,16,2013",OPEN,3,,12520640,MAURICIO RUIZ,2313 => 2318 (R),W
128,BOSTON CHESS CONGRESS,PREMIER,3,,12616022,MR. DANIEL LOWINGER,2356 => 2351 (R),W
129,DR. LUVIZMINDA MACHAN OPEN X,S1,4,,12413101,RODION RUBENCHIK,2381 => 2382 (R),W
130,CMC DEC 15 2012,OPEN,3,,12167330,LAWYER TIMES,2316 => 2319 (R),W
131,CMC DEC 15 2012,OPEN,4,,12520640,MAURICIO RUIZ,2314 => 2309 (R),W
132,NOVEMBER 10,SECTION1,4,,12520640,MAURICIO RUIZ,2320 => 2328 (R),D
133,"OCTOBER 20, 2012",OPEN,1,,12520640,MAURICIO RUIZ,2320 => 2321 (R),W
134,CMC MASTER,OPEN,2,,12690122,VADIM MARTIROSOV,2353 => 2351 (R),W
135,134TH NYS CHAMPIONSHIP,OPEN,4,,12836880,RAVEN M STURT,2362 => 2378 (R),D
136,CMC MASTERS,OPEN,4,,12690122,VADIM MARTIROSOV,2340 => 2338 (R),W
137,42ND CONTINENTAL OPEN,OPEN,2,,12057550,GREGORY MARKZON,2303 => 2304 (R),W
138,17TH BRADLEY OPEN,OPEN,4,,12564228,NELSON CASTANEDA,2357 => 2360 (R),W
139,NEW HAMPSHIRE OPEN,CHAMP,3,,12753681,BRADEN BOURNIVAL,2380 => 2385 (R),D
140,NEW HAMPSHIRE OPEN,CHAMP,4,,12564228,NELSON CASTANEDA,2396 => 2395 (R),W
141,81ST MASSACHUSETTS OPEN,OPEN,2,,10012571,WILLIAM J KELLEHER,2393 => 2386 (R),W
142,20TH NY STATE OPEN,OPEN,3,,12564228,NELSON CASTANEDA,2388 => 2391 (R),W
143,WHITE RIVER OPEN,OPEN,3,,12564228,NELSON CASTANEDA,2390 => 2388 (R),W
144,23RD  ANNUAL VERMONT RESORT OPEN!,OPEN!,2,,10012571,WILLIAM J KELLEHER,2380 => 2393 (R),W
145,MASSACHUSETTS G-60 CHAMPIONSHIP,OPEN,3,,10012571,WILLIAM J KELLEHER,2381 => 2380 (R),W
146,2012 RENO LARRY EVANS MEMORIAL,OPEN,3,,12470662,NICK RAPTIS,2316 => 2318 (R),W
147,13TH ANNUAL PITTSBURGH OPEN!,OPEN!,2,,12846035,IRYNA ZENYUK,2312 => 2314 (R),W
148,CMC ACTION TOURNAMENT GRAND PRIX,OPEN,2,,10012571,WILLIAM J KELLEHER,2372 => 2384 (R),W
149,CMC ACTION TOURNAMENT GRAND PRIX,OPEN,3,,12690122,VADIM MARTIROSOV,2348 => 2364 (R),W
150,WINTER RAPIDS,UPPER,1,,10019656,JAMES A RIZZITANO,2393 => 2392 (R),W
151,2011 EASTERN OPEN,OPEN,3,,12564228,NELSON CASTANEDA,2335 => 2337 (R),W
152,2011 EASTERN OPEN,OPEN,6,,12923890,JARED E DEFIBAUGH,2336 => 2349 (R),W
153,EASTERN OPEN WARMUP TOURNEY,OPEN,4,,12923890,JARED E DEFIBAUGH,2332 => 2336 (R),W
154,NEW ENGLAND SENIOR OPEN!,GM SWEEP!,4,,12564228,NELSON CASTANEDA,2331 => 2335 (R),W
155,PILLSBURY MEMORIAL,OPEN,3,,12858217,AVRAAM PISMENNYY,2333 => 2336 (R),W
156,42ND ANNUAL NATIONAL CHESS CONGRESS,PREMIER,2,,12877422,DEEPAK AARON,2305 => 2289 (R),W
157,42ND ANNUAL NATIONAL CHESS CONGRESS,PREMIER,4,,12778089,OLADAPO OLUTOLA ADU,2341 => 2369 (R),W
158,20TH KINGS ISLAND OPEN!,OPEN!,3,,11414966,PETER BEREOLOS,2333 => 2334 (R),W
159,CMC SATURDAY 10-29-2011,OPEN,2,,12520640,MAURICIO RUIZ,2302 => 2295 (R),W
160,WESTERN STATES OPEN 2011,OPEN,2,,12833623,ALEXANDRE KRETCHETOV,2378 => 2409 (R),L
161,WESTERN STATES OPEN 2011,OPEN,5,,12742780,KOSTYA KAVUTSKIY,2318 => 2367 (R),L
162,CMC SATURDAY 10-08-2011,OPEN,3,,10012571,WILLIAM J KELLEHER,2333 => 2362 (R),L
163,CMC SATURDAY 10-08-2011,OPEN,4,,12913092,ROBERT M PEREZ,2393 => 2401 (R),L
164,CMC SAT 10-1-2011,OPEN,3,,12690122,VADIM MARTIROSOV,2333 => 2340 (R),W
165,MARLBORO ACTION SWISS,OPEN,3,,10019656,JAMES A RIZZITANO,2364 => 2374 (R),W
166,MARLBORO ACTION SWISS,OPEN,4,,12913092,ROBERT M PEREZ,2385 => 2378 (R),D
167,CONTINENTAL OPEN,OPEN,1,,12921011,ALEXANDER FIKIET,2302 => 2292 (R),W
168,CONTINENTAL OPEN,OPEN,2,,12564228,NELSON CASTANEDA,2353 => 2350 (R),W
169,4TH NEW YORK INTERNATIONAL,CHANP,1,,12693373,LEIF PRESSMAN,2385 => 2387 (R),W
170,SEACOAST OPEN,OPEN,2,,12564228,NELSON CASTANEDA,2350 => 2366 (R),L
171,80TH MASSACHUSETTS OPEN,OPEN,2,,12564228,NELSON CASTANEDA,2351 => 2356 (R),W
172,WHITE RIVER OPEN,OPEN,4,,10108756,DANNY KOPEC,2360 => 2366 (R),W
173,CMC SATURDAY 5-7-2011,OPEN,4,,12809699,ANYA SUN CORKE,2327 => 2329 (R),W
174,EASTERN CLASS CHAMPIONSHIPS,MASTER,1,,12846035,IRYNA ZENYUK,2322 => 2304 (R),W
175,PORTSMOUTH OPEN,OPEN,4,,10012571,WILLIAM J KELLEHER,2392 => 2393 (R),W
176,37TH EASTERN OPEN,OPEN,1,,10094879,DANIEL E SHAPIRO,2306 => 2304 (R),W
177,37TH EASTERN OPEN,OPEN,6,,20058328,RAY KAUFMAN,2370 => 2382 (R),D
178,37TH EASTERN OPEN,OPEN,8,,12576027,ANTON PAOLO DEL MUNDO,2391 => 2402 (R),L
179,ATLANTIC CITY INTERNATIONAL 2010,OPEN,2,,20058328,RAY KAUFMAN,2381 => 2370 (R),W
180,ATLANTIC CITY INTERNATIONAL 2010,OPEN,4,,12057550,GREGORY MARKZON,2330 => 2334 (R),D
181,ATLANTIC CITY INTERNATIONAL 2010,OPEN,5,,12846035,IRYNA ZENYUK,2348 => 2346 (R),W
182,28TH SANDS REGENCY WSO,OPEN,2,,12559824,ANJELINA BELAKOVSKAIA,2362 => 2355 (R),W
183,28TH SANDS REGENCY WSO,OPEN,6,,12948665,YIAN LIOU,2311 => 2342 (R),D
184,CONTINENTAL CLASS CHAMPIONSHIPS,MASTER,2,,20058328,RAY KAUFMAN,2395 => 2373 (R),W
185,CONTINENTAL CLASS CHAMPIONSHIPS,MASTER,5,,12462633,DOV GORMAN,2319 => 2320 (R),W
186,GREEN MOUNTAIN OPEN,OPEN,3,,12564228,NELSON CASTANEDA,2321 => 2322 (R),W
187,70TH NEW ENGLAND OPEN,CHAMP,5,,10010985,CHRISTOPHER W CHASE,2380 => 2387 (R),W
188,2010 U.S. SENIOR OPEN CHESS CHAMPIONSHIP,MAIN,6,,11126545,EMORY TATE,2387 => 2389 (R),W
189,CONTINENTAL OPEN,OPEN,3,,12611870,CHARLES RIORDAN,2394 => 2427 (R),D
190,CONTINENTAL OPEN,OPEN,5,,12634777,ANDREI A ZAREMBA,2361 => 2414 (R),D
191,16TH ANNUAL NORTHEAST OPEN!,OPEN!,1,,12713319,ILYE FIGLER,2368 => 2387 (R),L
192,16TH ANNUAL NORTHEAST OPEN!,OPEN!,5,,12805454,ALEC GETZ,2366 => 2368 (R),W
193,60TH NEW HAMPSHIRE OPEN,CHAMPION,1,,11096239,ALEX CHERNIACK,2323 => 2324 (R),W
194,60TH NEW HAMPSHIRE OPEN,CHAMPION,2,,10108756,DANNY KOPEC,2366 => 2357 (R),W
195,38TH ANNUAL WORLD OPEN,OPEN,2,,12805454,ALEC GETZ,2381 => 2377 (R),W
196,VERMONT SPRING OPEN,OPEN,3,,12564228,NELSON CASTANEDA,2316 => 2321 (R),W
197,79TH MASSACHUSETTS OPEN,OPEN,4,,10012571,WILLIAM J KELLEHER,2393 => 2383 (R),W
198,20TH MASSACHUSETTS G-60 CHAMPIONSHI,OPEN,6,,10012571,WILLIAM J KELLEHER,2379 => 2393 (R),D
199,PHILADELPHIA OPEN,OPEN,8,,13405786,FARAI MANDIZHA,2317 => 2329 (R),W
200,PHILADELPHIA OPEN,OPEN,9,,12513968,MLADEN VUCIC,2364 => 2388 (R),W
201,2010 BERMUDA OPEN,BERMUDA OP,4,,14132522,DAVID CUMMINGS,2398 => 2400 (R),W
202,36TH ANNUAL EASTERN OPEN,OPEN,5,,12564228,NELSON CASTANEDA,2327 => 2315 (R),W
203,36TH ANNUAL EASTERN OPEN,OPEN,6,,20058328,RAY KAUFMAN,2372 => 2394 (R),W
204,36TH ANNUAL EASTERN OPEN,OPEN,8,,12876570,SHINSAKU UESUGI,2341 => 2350 (R),W
205,27TH WESTERN STATES,OPEN,3,,12945617,DARWIN YANG,2362 => 2369 (R),W
206,BCF $10 OPEN,OPEN,3,,10010985,CHRISTOPHER W CHASE,2326 => 2332 (R),W
207,3RD ELI BOURDON MEMORIAL,OPEN,2,,12564228,NELSON CASTANEDA,2342 => 2345 (R),L
208,39TH CONTINENTAL OPEN,OPEN,1,,12564228,NELSON CASTANEDA,2313 => 2315 (R),D
209,39TH CONTINENTAL OPEN,OPEN,5,,12876570,SHINSAKU UESUGI,2352 => 2364 (R),W
210,15TH ANNUAL NORTHEAST OPEN,OPEN,4,,12805454,ALEC GETZ,2318 => 2328 (R),W
211,37TH ANNUAL WORLD OPEN,OPEN,3,,13822947,MESGEN AMANOV,2377 => 2394 (R),L
212,37TH ANNUAL WORLD OPEN,OPEN,4,,12726115,ALISA MELEKHINA,2301 => 2296 (R),W
213,37TH ANNUAL WORLD OPEN,OPEN,5,,12858009,MICHAEL LEE,2384 => 2407 (R),W
214,2009 NATIONAL OPEN CHAMPIONSHIP,OPEN,4,,12661123,ALI MORSHEDI,2318 => 2326 (R),W
215,78TH MASSACHUSETTS OPEN,OPEN,2,,12753681,BRADEN BOURNIVAL,2365 => 2369 (R),W
216,78TH MASSACHUSETTS OPEN,OPEN,3,,10012571,WILLIAM J KELLEHER,2378 => 2401 (R),L
217,78TH MASSACHUSETTS OPEN,OPEN,5,,12232580,PAUL MAC INTYRE,2340 => 2335 (R),W
218,17TH ANNUAL NY STATE OPEN!,OPEN!,3,,12564228,NELSON CASTANEDA,2319 => 2312 (R),W
219,CSCA 2009 STATE CHAMPIONHIP GRAND P,SECTION2,2,,12790312,ROBERT HUNGASKI,2388 => 2390 (R),W
220,11TH ANNUAL FOXWOODS OPEN,OPEN,4,,10226678,MILES F ARDAMAN,2330 => 2334 (R),W
221,11TH ANNUAL FOXWOODS OPEN,OPEN,6,,12462633,DOV GORMAN,2337 => 2330 (R),W
222,2009 BERMUDA OPEN,BERMUDA OP,3,,11096239,ALEX CHERNIACK,2321 => 2318 (R),W
223,LAND OF THE SKY XXII,OPEN,3,,10153557,TIMOTHY W TAYLOR,2389 => 2399 (R),W
224,35TH ANNUAL EASTERN OPEN,OPEN,6,,12876570,SHINSAKU UESUGI,2317 => 2327 (R),W
225,NATIONAL CHESS CONGRESS,PREMIER,2,,12876648,DANIEL YEAGER,2328 => 2339 (R),W
226,NATIONAL CHESS CONGRESS,PREMIER,4,,20058328,RAY KAUFMAN,2318 => 2327 (R),L
227,2008 PAN AMER. CONTINENTAL CHAMP.,PAN AM,2,,14054174,RENATO TERRY,2375 => 2471 (R),W
228,26TH SANDS REGENCY WSO,OPEN,5,,12796667,JOHN D BRYANT,2369 => 2408 (R),L
229,2008 MIAMI OPEN,OPEN,4,,12770163,CHARLES GALOFRE,2304 => 2285 (R),W
230,68TH NEW ENGLAND OPEN,OPEN,2,,12232580,PAUL MAC INTYRE,2320 => 2326 (R),W
231,68TH NEW ENGLAND OPEN,OPEN,3,,10012571,WILLIAM J KELLEHER,2393 => 2396 (R),W
232,68TH NEW ENGLAND OPEN,OPEN,6,,11096239,ALEX CHERNIACK,2305 => 2332 (R),L
233,13TH ANNUAL BRADLEY OPEN!,OPEN!,5,,12439099,MARLO MICAYABAS,2339 => 2353 (R),D
234,CONTINENTAL OPEN,OPEN,2,,20008479,MARC ESSERMAN,2306 => 2350 (R),D
235,CONTINENTAL OPEN,OPEN,6,,10012571,WILLIAM J KELLEHER,2384 => 2393 (R),W
236,36TH ANNUAL WORLD OPEN,OPEN,1,,12937291,WARREN THOMAS HARPER,2351 => 2346 (R),W
237,58TH NEW HAMPSHIRE OPEN,OPEN,2,,10018790,JOSEPH H FANG,2373 => 2369 (R),W
238,58TH NEW HAMPSHIRE OPEN,OPEN,3,,10012571,WILLIAM J KELLEHER,2376 => 2384 (R),W
239,18TH MASS. G/60 CHAMPIONSHIP,OPEN,2,,10012571,WILLIAM J KELLEHER,2376 => 2377 (R),W
240,18TH MASS. G/60 CHAMPIONSHIP,OPEN,3,,13433622,DENYS K SHMELOV,2389 => 2406 (R),D
241,2008 FKB USA CH QUALIFIER FIDE OPEN,OPEN,2,,12583055,TODD D ANDREWS,2348 => 2353 (R),W
242,2008 FKB USA CH QUALIFIER FIDE OPEN,OPEN,6,,12852765,SAM SHANKLAND,2300 => 2333 (R),D
243,10TH ANNUAL FOXWOODS OPEN,FOX-OP,2,,20008479,MARC ESSERMAN,2308 => 2306 (R),W
244,10TH ANNUAL FOXWOODS OPEN,FOX-OP,4,,12661521,ELLIOTT JL LIU,2300 => 2313 (R),W
245,EASTERN CLASS CHAMPIONSHIPS,MASTER,1,,12753681,BRADEN BOURNIVAL,2379 => 2394 (R),W
246,EASTERN CLASS CHAMPIONSHIPS,MASTER,2,,10012571,WILLIAM J KELLEHER,2368 => 2376 (R),D
247,2008 BERMUDA INTERNATIONAL,OPEN,4,,13911072,LAWRENCE COOPER,2319 => 2395 (R),D
248,LAND OF THE SKY XXI,OPEN,4,,11414966,PETER BEREOLOS,2326 => 2324 (R),W
249,25TH SANDS REGENCY WSO,OPEN,2,,12150400,ROBBY ADAMSON,2344 => 2365 (R),L
250,129TH ANNUAL NY STATE CHAMPIONSHIP!,OPEN!!,6,,12760801,JAMES MAXWELL CRITELLI,2368 => 2373 (R),W
251,CONTINENTAL OPEN,CONO,2,,12611870,CHARLES RIORDAN,2331 => 2330 (R),W
252,CONTINENTAL OPEN,CONO,3,,11453015,MIKHAIL ZLOTNIKOV,2390 => 2400 (R),W
253,FRANK K. BERRY U.S. CHAMPIONSHIP,USCHAMP200,1,,10098327,MR. JAY RICHARD BONIN,2370 => 2372 (R),D
254,FRANK K. BERRY U.S. CHAMPIONSHIP,USCHAMP200,6,,12581229,MICHAEL LANGER,2337 => 2364 (R),W
255,2007 RI STATE CHAMPIONSHIP,OPEN,4,,10009201,JOHN A CURDO,2313 => 2303 (R),W
256,17TH MASSACHUSETTS G/60 CHAMPIONSHI,OPEN,2,,13433622,DENYS K SHMELOV,2344 => 2353 (R),W
257,9TH ANNUAL FOXWOODS OPEN,FOX-OP,2,,12760801,JAMES MAXWELL CRITELLI,2330 => 2335 (R),W
258,9TH ANNUAL FOXWOODS OPEN,FOX-OP,6,,12611870,CHARLES RIORDAN,2349 => 2351 (R),W
259,16TH EASTERN CLASS CHAMPIONSHIPS!,MASTERS!,3,,13433622,DENYS K SHMELOV,2339 => 2350 (R),W
260,16TH EASTERN CLASS CHAMPIONSHIPS!,MASTERS!,4,,12753681,BRADEN BOURNIVAL,2322 => 2345 (R),W
261,LAND OF THE SKY XX,OPEN,2,,12685687,ANDREW BOEKHOFF,2338 => 2346 (R),D
262,LAND OF THE SKY XX,OPEN,4,,12847250,RAY ROBSON,2317 => 2330 (R),W
263,LAND OF THE SKY XX,OPEN,5,,11414966,PETER BEREOLOS,2306 => 2326 (R),W
264,NATIONAL CHESS CONGRESS,NCCPR,3,,12834292,XIAO CHENG,2334 => 2329 (R),W
265,BOSTON UNIVERSITY OPEN,SECTION1,3,,10010985,CHRISTOPHER W CHASE,2357 => 2356 (R),W
266,BOSTON UNIVERSITY OPEN,SECTION1,4,,10012571,WILLIAM J KELLEHER,2382 => 2397 (R),D
267,18TH VERMONT RESORT OPEN!,OPEN!,3,,10012571,WILLIAM J KELLEHER,2383 => 2382 (R),W
268,2006 GOVERNOR'S CUP,OPEN,4,,12716466,CAMILLA BAGINSKAITE,2341 => 2349 (R),D
269,24TH WESTERN STATES OPEN,OPEN,4,,12598805,MR. EUGENE YANAYT,2301 => 2296 (R),W
270,24TH WESTERN STATES OPEN,OPEN,6,,12581229,MICHAEL LANGER,2343 => 2345 (R),W
271,66TH NEW ENGLAND OPEN,OPEN,5,,10012571,WILLIAM J KELLEHER,2394 => 2383 (R),W
272,11TH ANNUAL BRADLEY OPEN!,OPEN!,4,,12407354,BORIS PRIVMAN,2310 => 2299 (R),W
273,12TH ANNUAL NORTHEAST OPEN!,OPEN!,4,,13405786,FARAI MANDIZHA,2377 => 2404 (R),L
274,34TH ANNUAL WORLD OPEN,WO-O,3,,11167489,ANATOLY LEIN,2343 => 2358 (R),D
275,34TH ANNUAL WORLD OPEN,WO-O,4,,12834292,XIAO CHENG,2312 => 2318 (R),W
276,75TH MASSACHUSETTS OPEN,OPEN,4,,12232580,PAUL MAC INTYRE,2332 => 2343 (R),D
277,8TH ANNUAL FOXWOODS OPEN,FOX-OPEN,2,,11453015,MIKHAIL ZLOTNIKOV,2393 => 2397 (R),W
278,8TH ANNUAL FOXWOODS OPEN,FOX-OPEN,3,,12717400,DANIEL J LUDWIG,2356 => 2369 (R),W
279,2006 NORTHEAST CHESS WINTER GETAWAY,OPEN,1,,12232580,PAUL MAC INTYRE,2340 => 2339 (R),W
280,32ND EASTERN OPEN,OPEN,5,,10195624,MACON A SHIBUT,2332 => 2333 (R),W
281,1ST EASTERN ADULT & STUDENT CHAMP,OPEN!,4,,12807449,RUSUDAN GOLETIANI,2387 => 2380 (R),W
282,15TH ANNUAL EASTERN CHESS CONGRESS!,PREMIER!!,3,,12598805,MR. EUGENE YANAYT,2309 => 2316 (R),W
283,33RD ANNUAL WORLD OPEN,WO-O,2,,10349257,EDWARD WILLIAM FORMANEK,2336 => 2307 (R),W
284,33RD ANNUAL WORLD OPEN,WO-O,8,,10012571,WILLIAM J KELLEHER,2386 => 2391 (R),W
285,55TH NEW HAMPSHIRE OPEN,OPEN,3,,10018790,JOSEPH H FANG,2353 => 2359 (R),W
286,FIRST ANNUAL HB GLOBAL CHESS CHALLE,OPEN,2,,13197931,GENDEN ALTANOCH,2312 => 2315 (R),D
287,FIRST ANNUAL HB GLOBAL CHESS CHALLE,OPEN,3,,12150400,ROBBY ADAMSON,2374 => 2380 (R),W
288,30TH HARVARD OPEN,OPEN,3,,12232580,PAUL MAC INTYRE,2305 => 2320 (R),W
289,30TH HARVARD OPEN,OPEN,4,,12858217,AVRAAM PISMENNYY,2311 => 2309 (R),W
290,7TH ANNUAL FOXWOODS OPEN,FOX-OP,3,,10018790,JOSEPH H FANG,2361 => 2373 (R),D
291,7TH ANNUAL FOXWOODS OPEN,FOX-OP,4,,12561884,JUSTIN J SARKAR,2328 => 2317 (R),W
292,7TH ANNUAL FOXWOODS OPEN,FOX-OP,6,,12726345,IGOR SHNEIDER,2311 => 2343 (R),W
293,2005 NORTHEAST CHESS WINTER GETAWAY,OPEN,4,,10012571,WILLIAM J KELLEHER,2391 => 2401 (R),W
294,31ST ANNUAL EASTERN OPEN,OPEN,3,,11288499,SHELBY D GETZ,2349 => 2362 (R),D
295,31ST ANNUAL EASTERN OPEN,OPEN,6,,12413101,RODION RUBENCHIK,2386 => 2379 (R),W
296,31ST ANNUAL EASTERN OPEN,OPEN,7,,20058682,MR. DANIEL FERNANDEZ,2387 => 2396 (R),W
297,31ST ANNUAL EASTERN OPEN,OPEN,8,,10195624,MACON A SHIBUT,2305 => 2331 (R),W
298,22ND ANNUAL WESTERN STATES OPE,OPEN SECTI,4,,12150400,ROBBY ADAMSON,2388 => 2375 (R),W
299,64TH NEW ENGLAND OPEN,OPEN,3,,12564228,NELSON CASTANEDA,2326 => 2322 (R),W
300,CONTINENTAL OPEN,O,2,,10349842,ANDREW KARKLINS,2339 => 2334 (R),W
301,32ND ANNUAL WORLD OPEN,OPEN!!,2,,12445752,DEAN J IPPOLITO,2395 => 2411 (R),W
302,CCA-ICC INTERNATIONAL,INTL,1,,12407354,BORIS PRIVMAN,2317 => 2325 (R),W
303,CCA-ICC INTERNATIONAL,INTL,3,,12549813,STEVEN WINER,2392 => 2409 (R),D
304,CCA-ICC INTERNATIONAL,INTL,4,,12638882,MATTHEW B HOEKSTRA,2396 => 2411 (R),D
305,9TH BRADLEY OPEN?!,OPEN?!?,1,,12575466,ZIMEL LIVSHITS,2340 => 2338 (R),W
306,9TH BRADLEY OPEN?!,OPEN?!?,3,,12564228,NELSON CASTANEDA,2308 => 2324 (R),W
307,73RD MASSACHUSETTS OPEN,OPEN,4,,12858217,AVRAAM PISMENNYY,2312 => 2327 (R),W
308,NORTHEAST CHESS SPRING GETAWAY,OPEN,2,,12232580,PAUL MAC INTYRE,2303 => 2291 (R),W
309,NORTHEAST CHESS SPRING GETAWAY,OPEN,5,,10012571,WILLIAM J KELLEHER,2393 => 2389 (R),W
310,6TH ANNUAL FOXWOODS OPEN,OPEN,2,,12691659,MIKHAIL BELORUSOV,2351 => 2356 (R),W
311,6TH ANNUAL FOXWOODS OPEN,OPEN,7,,12150400,ROBBY ADAMSON,2396 => 2399 (R),W
312,6TH ANNUAL FOXWOODS OPEN,OPEN,8,,12659833,DANIEL M RENSCH,2394 => 2415 (R),W
313,MASSACHUSETTS G/60 CHAMPIONSHI,OPEN,3,,12858217,AVRAAM PISMENNYY,2306 => 2312 (R),W
314,NORTH EAST CHESS WINTER GETAWA,OPEN,2,,12407354,BORIS PRIVMAN,2325 => 2333 (R),W
315,NORTH EAST CHESS WINTER GETAWA,OPEN,3,,12549813,STEVEN WINER,2388 => 2407 (R),W
316,36TH ANNUAL LIBERTY BELL OPEN,OPEN!!,2,,12726345,IGOR SHNEIDER,2305 => 2306 (R),W
317,36TH ANNUAL LIBERTY BELL OPEN,OPEN!!,4,,12413101,RODION RUBENCHIK,2397 => 2398 (R),W
318,PILLSBURY MEMORIAL,OPEN,4,,12858217,AVRAAM PISMENNYY,2308 => 2306 (R),D
319,NORTHEAST CHESS FALL GETAWAY,OPEN,4,,12549813,STEVEN WINER,2393 => 2389 (R),W
320,21ST ANNUAL WESTERN STATES OPE,OPEN SECTI,2,,12558771,PHILIP WANG,2352 => 2362 (R),D
321,21ST ANNUAL WESTERN STATES OPE,OPEN SECTI,3,,12659833,DANIEL M RENSCH,2380 => 2401 (R),W
322,21ST ANNUAL WESTERN STATES OPE,OPEN SECTI,5,,12426279,DAVID VIGORITO,2374 => 2372 (R),W
323,1ST FALL PALMER GRANGE OPEN,OPEN,3,,12564228,NELSON CASTANEDA,2334 => 2336 (R),W
324,EDWARD LEVY MEMORIAL COLORADO,OPEN!!,2,,12440626,MICHAEL CASELLA,2344 => 2346 (R),W
325,EASTERN CHESS CONGRESS!,PREMIER!!,2,,12593986,JOSHUA E FRIEDEL,2393 => 2408 (R),W
326,53RD NEW HAMPSHIRE OPEN,OPEN,3,,10018790,JOSEPH H FANG,2311 => 2321 (R),W
327,31ST ANNUAL WORLD OPEN,OPEN!!,2,,12544735,NOAH SIEGEL,2303 => 2299 (R),W
328,31ST ANNUAL WORLD OPEN,OPEN!!,3,,12642922,KHALED SHARAFUDDIN,2355 => 2365 (R),L
329,31ST ANNUAL WORLD OPEN,OPEN!!,6,,12807449,RUSUDAN GOLETIANI,2312 => 2330 (R),W
330,NATIONAL OPEN,OPEN,5,,12845625,BRUCI LOPEZ,2316 => 2308 (R),W
331,NATIONAL OPEN,OPEN,6,,12583055,TODD D ANDREWS,2348 => 2346 (R),W
332,CCA INTERNATIONAL,,7,,11453015,MIKHAIL ZLOTNIKOV,2391 => 2376 (R),D
333,72ND MASSACHUSETTS OPEN!,OPEN,3,,12593986,JOSHUA E FRIEDEL,2393 => 2390 (R),D
334,2003 NORTHEAST CHESS SPRING GE,OPEN,2,,12232580,PAUL MAC INTYRE,2334 => 2339 (R),W
335,2003 NORTHEAST CHESS SPRING GE,OPEN,4,,12593986,JOSHUA E FRIEDEL,2379 => 2393 (R),L
336,5TH ANNUAL FOXWOODS OPEN,OPEN,2,,12741620,SLAVISA PERIC,2327 => 2321 (R),W
337,5TH ANNUAL FOXWOODS OPEN,OPEN,5,,12440626,MICHAEL CASELLA,2309 => 2342 (R),W
338,5TH ANNUAL FOXWOODS OPEN,OPEN,7,,12549813,STEVEN WINER,2372 => 2390 (R),W
339,GAME/90 CHAMPIONSHIP,OPEN,2,,12593986,JOSHUA E FRIEDEL,2372 => 2367 (R),W
340,12TH EASTERN CLASS CHAMPIONSHI,MASTERS,1,,12057550,GREGORY MARKZON,2316 => 2296 (R),W
341,2003 U. S. CHAMPIONSHIP!,CHAMPIONS!,1,,12355370,STEPHEN A MUHAMMAD,2396 => 2445 (R),D
342,2003 U. S. CHAMPIONSHIP!,CHAMPIONS!,5,,12561884,JUSTIN J SARKAR,2358 => 2426 (R),D
343,"25TH NEWTON OPEN $3,000 CHESS",1,3,,12593986,JOSHUA E FRIEDEL,2346 => 2366 (R),L
344,PILLSBURY MEMORIAL,OPEN,3,,12232580,PAUL MAC INTYRE,2354 => 2364 (R),W
345,2002 NORTHEAST CHESS FALL GETA,OPEN,2,,12232580,PAUL MAC INTYRE,2362 => 2354 (R),W
346,20TH ANNUAL WESTERN STATES OPE,MASTER,2,,12426279,DAVID VIGORITO,2376 => 2368 (R),L
347,20TH ANNUAL WESTERN STATES OPE,MASTER,4,,12455815,MR. RONALD LAZO CUSI,2377 => 2392 (R),D
348,3RD DAVID M LEES MEMORIAL,OPEN,4,,12593986,JOSHUA E FRIEDEL,2341 => 2333 (R),W
349,62ND NEW ENGLAND OPEN,OPEN,4,,12232580,PAUL MAC INTYRE,2316 => 2330 (R),W
350,62ND NEW ENGLAND OPEN,OPEN,5,,10010985,CHRISTOPHER W CHASE,2399 => 2398 (R),W
351,34TH ATLANTIC OPEN!!,OPEN!!!,1,,12583055,TODD D ANDREWS,2302 => 2303 (R),W
352,34TH ATLANTIC OPEN!!,OPEN!!!,3,,12769011,YEVGENIY GERSHOV,2343 => 2354 (R),W
353,32ND CONTINENTAL OPEN!!,HIKARU,3,,10349257,EDWARD WILLIAM FORMANEK,2321 => 2329 (R),W
354,103RD ANNUAL US OPEN - 2002,OPEN,8,,12601834,DAVID PRUESS,2332 => 2355 (R),L
355,COOL ACTION,,4,,12713319,ILYE FIGLER,2328 => 2330 (R),W
356,7TH BRADLEY OPEN!,OPEN!,2,,12363210,EDWARD FRANCIS MCHUGH,2316 => 2315 (R),W
357,30TH ANNUAL WORLD OPEN,OPEN!,6,,12687052,JAYSON GONZALES,2380 => 2397 (R),W
358,71ST MASSACHUSETTS OPEN,OPEN,3,,12232580,PAUL MAC INTYRE,2309 => 2315 (R),D
359,4TH ANNUAL FOXWOODS OPEN,OPEN,1,,12454688,YLON SCHWARTZ,2301 => 2294 (R),W
360,4TH ANNUAL FOXWOODS OPEN,OPEN,2,,12413101,RODION RUBENCHIK,2324 => 2342 (R),D
361,2002 NATIONAL OPEN,OPEN,2,,12659833,DANIEL M RENSCH,2366 => 2345 (R),W
362,19TH ANNUAL WESTERN STATES OPE,OPEN,2,,11436072,GUILLERMO REY,2391 => 2390 (R),W
363,GOVENORS CUP OPEN,1,2,,12778089,OLADAPO OLUTOLA ADU,2308 => 2323 (R),L
364,29TH ANNUAL WORLD OPEN,OPEN!!,2,,12807449,RUSUDAN GOLETIANI,2346 => 2336 (R),W
365,29TH ANNUAL WORLD OPEN,OPEN!!,3,,12565369,AARON C PIXTON,2357 => 2400 (R),L
366,29TH ANNUAL WORLD OPEN,OPEN!!,4,,12558771,PHILIP WANG,2348 => 2342 (R),W
367,29TH ANNUAL WORLD OPEN,OPEN!!,5,,10226678,MILES F ARDAMAN,2368 => 2369 (R),L
368,29TH ANNUAL WORLD OPEN,OPEN!!,6,,12638882,MATTHEW B HOEKSTRA,2306 => 2308 (R),W
369,29TH ANNUAL WORLD OPEN,OPEN!!,7,,10349257,EDWARD WILLIAM FORMANEK,2306 => 2313 (R),W
370,3RD ANNUAL FOXWOODS OPEN,OPEN,3,,12565369,AARON C PIXTON,2337 => 2357 (R),L
371,3RD ANNUAL FOXWOODS OPEN,OPEN,5,,12232580,PAUL MAC INTYRE,2331 => 2332 (R),W
372,2001 NORTH EAST CHESS GETAWAY,OPEN,2,,10010985,CHRISTOPHER W CHASE,2397 => 2385 (R),W
373,33RD ANNUAL LIBERTY BELL OPEN,OPEN,3,,12713319,ILYE FIGLER,2333 => 2349 (R),W
374,33RD ANNUAL LIBERTY BELL OPEN,OPEN,4,,12565369,AARON C PIXTON,2305 => 2337 (R),D
375,EASTERN OPEN,OPEN,2,,12822079,IAN D THOMPSON,2337 => 2293 (R),W
376,EASTERN OPEN,OPEN,3,,12541164,MARK J GEIST,2312 => 2325 (R),W
377,EASTERN OPEN,OPEN,4,,12583831,ZAKHAR FAYVINOV,2303 => 2308 (R),W
378,18TH ANNUAL WESTERN STATES OPE,MASTER,2,,12744129,DRAGOLJUB MILICEVIC,2328 => 2350 (R),D
379,60TH NEW ENGLAND OPEN,OPEN,2,,12811855,JAN SURAN,2382 => 2443 (R),D
380,11TH VERMONT RESORT OPEN,OPEN,3,,12426279,DAVID VIGORITO,2338 => 2363 (R),D
381,CONTINENTAL OPEN,OPEN,1,,12458234,BELA EVANS,2375 => 2353 (R),W
382,CONTINENTAL OPEN,OPEN,2,,10226678,MILES F ARDAMAN,2388 => 2388 (R),W
383,50TH NEW HAMPSHIRE OPEN,CHAMP,2,,12769011,YEVGENIY GERSHOV,2356 => 2372 (R),W
384,2ND CCA/CHESSWISE INTERNATIONA,,6,,12810199,ENAMUL HOSSAIN,2364 => 2421 (R),W
385,28TH ANNUAL WORLD OPEN,OPEN!,2,,10094879,DANIEL E SHAPIRO,2311 => 2298 (R),W
386,MCC SPRING SWISS,OPEN,3,,10009201,JOHN A CURDO,2321 => 2322 (R),W
387,2ND ANNUAL FOXWOODS OPEN,OPEN!!,2,,12801173,SATEA HUSARI,2310 => 2302 (R),W
388,2ND ANNUAL FOXWOODS OPEN,OPEN!!,4,,10349842,ANDREW KARKLINS,2373 => 2356 (R),W
389,10TH MASSACHUSETTS GAME/60,OPEN,2,,10009201,JOHN A CURDO,2310 => 2307 (R),W
390,NATIONAL OPEN 2000,OPEN,4,,12426279,DAVID VIGORITO,2350 => 2363 (R),D
391,NATIONAL OPEN 2000,OPEN,5,,12801868,VLADIMIR ZAKHVATOV,2370 => 2385 (R),D
392,2000 U.S. MASTERS,,4,,10349842,ANDREW KARKLINS,2360 => 2373 (R),W
393,9TH EASTERN CLASS CHAMPIONSHIP,MASTERS!,1,,10583896,RICHARD N BAUER,2305 => 2281 (R),W
394,9TH EASTERN CLASS CHAMPIONSHIP,MASTERS!,2,,12232580,PAUL MAC INTYRE,2369 => 2395 (R),W
395,Land of the Sky XIII,Open,3,,11126545,EMORY TATE,2363 => 2346 (R),W
396,3RD HARRY LYMAN OPEN,OPEN,1,,10583896,RICHARD N BAUER,2314 => 2305 (R),W
397,3RD HARRY LYMAN OPEN,OPEN,2,,12232580,PAUL MAC INTYRE,2370 => 2369 (R),W
398,32ND ANNUAL LIBERTY BELL OPEN,OPEN!,1,,11060871,BRIAN MC CARTHY,2305 => 2287 (R),W
399,32ND ANNUAL LIBERTY BELL OPEN,OPEN!,2,,12634777,ANDREI A ZAREMBA,2381 => 2386 (R),W
400,EASTERN OPEN,OPEN,3,,12769011,YEVGENIY GERSHOV,2354 => 2389 (R),W
401,EASTERN OPEN,OPEN,4,,12549813,STEVEN WINER,2362 => 2379 (R),W
402,EASTERN OPEN,OPEN,6,,10349257,EDWARD WILLIAM FORMANEK,2364 => 2408 (R),D
403,EASTERN OPEN,OPEN,7,,12783134,WANG SHENG LEE,2357 => 2424 (R),W
404,EASTERN OPEN,OPEN,8,,12444139,MATTHEW BENGTSON,2348 => 2371 (R),D
405,MCC STANLEY CROWE MEMORIAL,OPEN,6,,10009201,JOHN A CURDO,2362 => 2331 (R),W
406,30TH NATIONAL CHESS CONGRESS:,OPEN,3,,10349842,ANDREW KARKLINS,2342 => 2356 (R),W
407,17TH ANNUAL WESTERN STATES OPE,MASTER,3,,12536285,EMMANUEL PEREZ,2372 => 2354 (R),W
408,17TH ANNUAL WESTERN STATES OPE,MASTER,4,,12540667,JORDY MONT-REYNAUD,2359 => 2383 (R),W
409,17TH ANNUAL WESTERN STATES OPE,MASTER,6,,10228972,GREGG H SMALL,2305 => 2337 (R),W
410,66TH GREATER BOSTON OPEN,OPEN,3,,12683127,DAVID TYLEVICH,2319 => 2310 (R),W
411,4TH ANNUAL BRADLEY OPEN!,OPEN,2,,12232580,PAUL MAC INTYRE,2353 => 2358 (R),W
412,27TH ANNUAL WORLD OPEN,OPEN!!!,3,,12559824,ANJELINA BELAKOVSKAIA,2341 => 2357 (R),W
413,CCA-CHESSWISE INTERNATIONAL!!,17 GMS!!,2,,11297331,RONALD M YOUNG,2374 => 2356 (R),W
414,8TH ANNUAL CHICAGO OPEN,OPEN!,2,,12642922,KHALED SHARAFUDDIN,2362 => 2343 (R),W
415,MCC SPRING SWI...N TWO SECTION,OPEN,3,,10009201,JOHN A CURDO,2371 => 2380 (R),D
416,ASIAN-AMERICAN,GRAND PRIX,3,,12641216,HIKARU NAKAMURA,2330 => 2323 (R),W
417,ASIAN-AMERICAN,GRAND PRIX,4,,11155189,SUNIL P WEERAMANTRY,2306 => 2286 (R),W
418,9TH MASSACHUSETTS G/60 CHAMPIO,OPEN,4,,10009201,JOHN A CURDO,2367 => 2379 (R),D
419,1ST ANNUAL FOXWOODS OPEN,OPEN,1,,12739627,STANISLAV G KRIVENTSOV,2333 => 2393 (R),L
420,1999 NATIONAL OPEN,CHAMP,3,,10171130,JOHN D CLINE,2335 => 2334 (R),D
421,1999 NATIONAL OPEN,CHAMP,4,,12620977,PATRICK A HUMMEL,2354 => 2377 (R),W
422,1999 NATIONAL OPEN,CHAMP,5,,12559838,GREGORY HUBER,2355 => 2348 (R),W
423,23RD QUEEN CITY OPEN,OPEN,3,,10009201,JOHN A CURDO,2387 => 2390 (R),W
424,23RD QUEEN CITY OPEN,OPEN,4,,10018790,JOSEPH H FANG,2359 => 2366 (R),W
425,LAND OF THE SKY XII,OpenS,4,,11414966,PETER BEREOLOS,2333 => 2379 (R),D
426,31ST ANNUAL LIBERTY BELL OPEN,OPEN??!,2,,12596066,MATTHEW R TRALDI,2314 => 2290 (R),W
427,2ND HARRY LYMAN OPEN,OPEN,2,,12564228,NELSON CASTANEDA,2347 => 2340 (R),W
428,2ND HARRY LYMAN OPEN,OPEN,3,,12659485,LEONID FURMAN,2314 => 2314 (R),W
429,25TH EASTERN OPEN,OPEN,3,,12577462,DMITRY SCHNEIDER,2396 => 2421 (R),D
430,25TH EASTERN OPEN,OPEN,4,,10343313,EUGENE MARTINOVSKY,2382 => 2383 (R),W
431,25TH EASTERN OPEN,OPEN,5,,12444139,MATTHEW BENGTSON,2322 => 2343 (R),W
432,25TH EASTERN OPEN,OPEN,8,,11126545,EMORY TATE,2382 => 2397 (R),W
433,29TH NATIONAL CHESS CONGRESS!,OPEN!,3,,10125260,ARTHUR B BISGUIER,2386 => 2389 (R),W
434,29TH NATIONAL CHESS CONGRESS!,OPEN!,4,,12659485,LEONID FURMAN,2313 => 2314 (R),W
435,BLACK IS OK!!,,3,,12713319,ILYE FIGLER,2338 => 2336 (R),W
436,BLACK IS OK!!,,4,,12561884,JUSTIN J SARKAR,2353 => 2371 (R),D
437,BLACK IS OK!!,,5,,10125260,ARTHUR B BISGUIER,2375 => 2386 (R),W
438,1998 GOVERNOR'S CUP,OPEN,4,,12238880,JOHN C YOOS,2372 => 2393 (R),W
439,58TH NEW ENGLAND OPEN,OPEN,2,,10009201,JOHN A CURDO,2301 => 2335 (R),W
440,58TH NEW ENGLAND OPEN,OPEN,5,,10010985,CHRISTOPHER W CHASE,2377 => 2377 (R),W
441,9TH VERMONT RESORT OPEN!,OPEN,3,,12659485,LEONID FURMAN,2372 => 2356 (R),D
442,3RD BRADLEY OPEN!,OPEN,2,,12575466,ZIMEL LIVSHITS,2348 => 2362 (R),D
443,CONTINENTAL OPEN,OPEN,4,,12687052,JAYSON GONZALES,2315 => 2368 (R),L
444,CONTINENTAL OPEN,OPEN,6,,12440626,MICHAEL CASELLA,2315 => 2332 (R),L
445,48TH NH OPEN,OPEN,3,,10009201,JOHN A CURDO,2319 => 2308 (R),W
446,48TH NH OPEN,OPEN,4,,12426279,DAVID VIGORITO,2393 => 2405 (R),W
447,48TH NH OPEN,OPEN,5,,11186769,ALLAN D BENNETT,2350 => 2372 (R),D
448,26TH ANNUAL WORLD OPEN,OPEN,3,,10145791,MARK EIDEMILLER,2302 => 2309 (R),W
449,26TH ANNUAL WORLD OPEN,OPEN,5,,10420181,ROBERT JAMES ROWLEY II,2324 => 2293 (R),W
450,WALTHAM ACTION SWISS,OPEN,4,,10012571,WILLIAM J KELLEHER,2396 => 2399 (R),W
451,NEWTON SPRING OPEN,OPEN,1,,10009201,JOHN A CURDO,2327 => 2325 (R),W
452,1998 NATIONAL OPEN,OPEN,3,,12580142,LEONID FILATOV,2334 => 2341 (R),W
453,1998 New York Open,Open,7,,12737831,KHALED MAHDY,2313 => 2303 (R),D
454,22ND QUEEN CITY OPEN,OPEN,5,,12232580,PAUL MAC INTYRE,2339 => 2346 (R),W
455,15TH BERMUDA INTERNATIONAL OPE,,3,,12735974,DANIEL W GORMALLY,2354 => 2412 (R),D
456,15TH BERMUDA INTERNATIONAL OPE,,4,,10009201,JOHN A CURDO,2375 => 2389 (R),W
457,1ST HARRY LYMAN OPEN,OPEN,2,,12577462,DMITRY SCHNEIDER,2302 => 2311 (R),W
458,30TH ANNUAL LIBERTY BELL OPEN,OPEN,1,,12634777,ANDREI A ZAREMBA,2340 => 2365 (R),L
459,30TH ANNUAL LIBERTY BELL OPEN,OPEN,2,,12413101,RODION RUBENCHIK,2399 => 2367 (R),L
460,24TH EASTERN OPEN,OPEN,5,,12568780,FREDERICK KAGAN,2343 => 2368 (R),W
461,20TH NEWTON OPEN,OPEN,3,,10009201,JOHN A CURDO,2397 => 2405 (R),D
462,PILLSBURY MEMORIAL 4SS,OPEN,4,,10214033,KLAUS A POHL,2349 => 2360 (R),W
463,6TH KINGS ISLAND OPEN!,OPEN,1,,10283752,DENNIS V GOGEL,2301 => 2316 (R),W
464,6TH KINGS ISLAND OPEN!,OPEN,2,,11456766,CHARLES D ADELMAN,2382 => 2385 (R),W
465,5TH GREEN MOUNTAIN OPEN!,OPEN,3,,12440626,MICHAEL CASELLA,2365 => 2355 (R),W
466,5TH GREEN MOUNTAIN OPEN!,OPEN,4,,11186769,ALLAN D BENNETT,2319 => 2293 (R),W
467,5TH GREEN MOUNTAIN OPEN!,OPEN,5,,12117670,MATTHEW EVANS NOBLE,2303 => 2303 (R),D
468,1997 US CLASS CHAMPIONSHIPS,MASTER,1,,12684250,IGOR SORKIN,2307 => 2327 (R),W
469,1997 US CLASS CHAMPIONSHIPS,MASTER,3,,10167990,CHARLES BOUZOUKIS,2324 => 2354 (R),L
470,98TH ANNUAL US OPEN - 1997,U.S. OPEN!,4,,10229430,EDWARD J CELORIO,2339 => 2319 (R),D
471,2ND BRADLEY OPEN!,OPEN,1,,10583896,RICHARD N BAUER,2311 => 2347 (R),W
472,2ND BRADLEY OPEN!,OPEN,4,,12440626,MICHAEL CASELLA,2377 => 2371 (R),W
473,27TH CONTINENTAL OPEN!!,OPEN,1,,12561116,ARTAK AKOPIAN,2366 => 2328 (R),W
474,27TH CONTINENTAL OPEN!!,OPEN,6,,12499885,ALAN R STEIN,2351 => 2402 (R),L
475,8TH VERMONT RESORT OPEN!,OPEN,2,,10094879,DANIEL E SHAPIRO,2358 => 2341 (R),W
476,8TH VERMONT RESORT OPEN!,OPEN,4,,11186769,ALLAN D BENNETT,2312 => 2329 (R),W
477,8TH VERMONT RESORT OPEN!,OPEN,5,,10012571,WILLIAM J KELLEHER,2393 => 2405 (R),W
478,25TH ANNUAL WORLD OPEN,OPEN!,2,,12517215,CESAR MARIANO,2323 => 2341 (R),D
479,25TH ANNUAL WORLD OPEN,OPEN!,4,,12232580,PAUL MAC INTYRE,2328 => 2333 (R),W
480,4TH NY STATE OPEN,OPEN,3,,10125260,ARTHUR B BISGUIER,2350 => 2350 (R),W
481,6TH ANNUAL CHICAGO OPEN,OPEN,1,,12576414,HARRY LAMB,2306 => 2245 (R),W
482,6TH ANNUAL CHICAGO OPEN,OPEN,4,,10343313,EUGENE MARTINOVSKY,2369 => 2383 (R),D
483,6TH ANNUAL CHICAGO OPEN,OPEN,5,,12571158,JACOB CHUDNOVSKY,2379 => 2413 (R),L
484,6TH ANNUAL CHICAGO OPEN,OPEN,6,,12577910,ANNA HAHN,2315 => 2354 (R),W
485,4TH STRATTON MOUNTAIN OPEN,OPEN,3,,12117670,MATTHEW EVANS NOBLE,2310 => 2297 (R),W
486,1997 NATIONAL OPEN,OPEN,4,,12426279,DAVID VIGORITO,2372 => 2359 (R),W
487,1997 New York Open,OPEN,1,,12080490,ANDREW METRICK,2329 => 2319 (R),W
488,MID AMERICA CLASS CHAMPIONSHIP,MASTER,1,,12571158,JACOB CHUDNOVSKY,2373 => 2390 (R),D
489,Middle Tennessee Open,Open,3,,11414966,PETER BEREOLOS,2364 => 2367 (R),W
490,23RD EASTERN OPEN,OPEN,2,,12609169,SVETOSLAV DOROBANOV,2302 => 2285 (R),W
491,DENNIS BARRY GRAND PRIX,1,2,,11060871,BRIAN MC CARTHY,2378 => 2404 (R),D
492,VIKING ACTION G/30 GRAND PRIX,1,3,,10050227,MR. STEPHEN STOYKO,2386 => 2379 (R),W
493,VIKING ACTION G/30 GRAND PRIX,1,4,,11060871,BRIAN MC CARTHY,2397 => 2402 (R),D
494,PINFORK GP 4 OF 4,OPEN,2,,11299083,ALBERT C CHOW,2381 => 2396 (R),W
495,PINFORK GP 4 OF 4,OPEN,7,,12658446,ROBERTO MARTIN DEL CAMPO,2389 => 2434 (R),W
496,LAURIE MILLER GRAND PRIX,1,3,,10050227,MR. STEPHEN STOYKO,2369 => 2376 (R),W
497,LAURIE MILLER GRAND PRIX,1,4,,11060871,BRIAN MC CARTHY,2398 => 2406 (R),D
498,5TH KINGS ISLAND OPEN!,OPEN!,2,,12571158,JACOB CHUDNOVSKY,2334 => 2345 (R),W
499,5TH KINGS ISLAND OPEN!,OPEN!,3,,12145620,SERGEY BERCHENKO,2326 => 2349 (R),W
500,14TH ANNUAL WESTERN STATES OPE,OPEN,1,,10442435,RONALD JOSEPH GROSS,2312 => 2315 (R),W
501,14TH ANNUAL WESTERN STATES OPE,OPEN,3,,10229391,RENARD ANDERSON,2339 => 2346 (R),W
502,63RD GREATER BOSTON OPEN,OPEN,1,,12431174,JAROD J BRYAN,2337 => 2314 (R),W
503,56TH NEW ENGLAND OPEN,OPEN,1,,11186769,ALLAN D BENNETT,2303 => 2292 (R),W
504,56TH NEW ENGLAND OPEN,OPEN,2,,12440626,MICHAEL CASELLA,2326 => 2367 (R),W
505,56TH NEW ENGLAND OPEN,OPEN,3,,12494878,WILLIAM MARK PASCHALL,2360 => 2379 (R),W
506,BRADLEY OPEN!,OPEN,1,,12637257,ADNAN KOBAS,2384 => 2377 (R),W
507,BRADLEY OPEN!,OPEN,2,,10583896,RICHARD N BAUER,2384 => 2369 (R),W
508,24TH ANNUAL WORLD OPEN,OPEN!,3,,12044990,ROBERTO RODRIGUEZ,2327 => 2364 (R),D
509,24TH ANNUAL WORLD OPEN,OPEN!,4,,12494878,WILLIAM MARK PASCHALL,2319 => 2364 (R),D
510,3RD ANNUAL FAR WEST OPEN,OPEN,1,,10229391,RENARD ANDERSON,2325 => 2347 (R),W
511,3RD ANNUAL FAR WEST OPEN,OPEN,3,,12626859,SLAVA MIKHAILUK,2388 => 2392 (R),W
512,5TH ANNUAL CHICAGO OPEN,OPEN,1,,12628066,PAVEL BEREZA,2331 => 2277 (R),W
513,5TH ANNUAL CHICAGO OPEN,OPEN,4,,12571158,JACOB CHUDNOVSKY,2369 => 2361 (R),W
514,24TH ANNUAL HARVARD OPEN,OPEN,2,,11096239,ALEX CHERNIACK,2373 => 2349 (R),W
515,24TH ANNUAL HARVARD OPEN,OPEN,3,,10009201,JOHN A CURDO,2399 => 2409 (R),W
516,24TH ANNUAL HARVARD OPEN,OPEN,4,,12627196,EUGENE PERELSHTEYN,2372 => 2403 (R),D
517,1996 New York Open,Open,4,,12564228,NELSON CASTANEDA,2354 => 2349 (R),W
518,1996 New York Open,Open,5,,11126545,EMORY TATE,2380 => 2372 (R),W
519,5TH EASTERN CLASS CHAMPIONSHIP,MASTER,1,,10018790,JOSEPH H FANG,2383 => 2375 (R),W
520,5TH EASTERN CLASS CHAMPIONSHIP,MASTER,3,,12080490,ANDREW METRICK,2303 => 2337 (R),D
521,5TH EASTERN CLASS CHAMPIONSHIP,MASTER,4,,12627196,EUGENE PERELSHTEYN,2381 => 2393 (R),D
522,PINFORK DALLAS GRAND PRIX (1 O,OPEN,4,,11299083,ALBERT C CHOW,2382 => 2397 (R),W
523,PINFORK DALLAS GRAND PRIX (1 O,OPEN,5,,10229391,RENARD ANDERSON,2330 => 2349 (R),W
524,TWIN TOWERS OPEN-NHCP,OPEN,5,,10009201,JOHN A CURDO,2376 => 2393 (R),W
525,1996 BERMUDA INTERNATIONAL,OPEN,3,,10009201,JOHN A CURDO,2390 => 2394 (R),W
526,CHESS-IN-THE-SCHOOLS INT. QUAL,,1,,12494878,WILLIAM MARK PASCHALL,2351 => 2319 (R),W
527,CHESS-IN-THE-SCHOOLS INT. QUAL,,2,,12627196,EUGENE PERELSHTEYN,2370 => 2360 (R),W
528,24TH ANNUAL EMPIRE CITY OPEN!!,,2,,12641013,ILIJAS TERZIC,2343 => 2356 (R),W
529,24TH ANNUAL EMPIRE CITY OPEN!!,,5,,12445752,DEAN J IPPOLITO,2300 => 2328 (R),W
530,6TH JOE SPARKS OPEN,MASTERS,1,,12494878,WILLIAM MARK PASCHALL,2397 => 2401 (R),W
531,6TH JOE SPARKS OPEN,MASTERS,3,,12440626,MICHAEL CASELLA,2329 => 2349 (R),D
532,13TH ANNUAL SAND REGENCY WESTE,OPEN,4,,10305101,JON A FRANKLE,2332 => 2348 (R),W
533,13TH ANNUAL SAND REGENCY WESTE,OPEN,5,,12543394,IGOR MARGULIS,2354 => 2361 (R),W
534,1995 US CLASS CHAMPIONSHIPS,1,1,,12445752,DEAN J IPPOLITO,2306 => 2320 (R),W
535,62ND GREATER BOSTON OPEN,OPEN,1,,12567854,VALERY FRENKLAKH,2331 => 2331 (R),W
536,62ND GREATER BOSTON OPEN,OPEN,2,,10009201,JOHN A CURDO,2381 => 2378 (R),W
537,2ND GREATER BOSTON GAME/60,OPEN,2,,12440626,MICHAEL CASELLA,2335 => 2329 (R),W
538,117TH ANNUAL NY STATE CHAMPION,CHAMPIONS,3,,12404173,KONSTANTIN DOLGITSER,2359 => 2346 (R),W
539,27TH ANNUAL ATLANTIC OPEN,OPEN,2,,10171130,JOHN D CLINE,2312 => 2300 (R),W
540,27TH ANNUAL ATLANTIC OPEN,OPEN,3,,12494878,WILLIAM MARK PASCHALL,2318 => 2343 (R),D
541,3RD ANNUAL NY STATE OPEN,OPEN,3,,10086795,LONNIE S KWARTLER,2321 => 2303 (R),W
542,6TH ANNUAL VERMONT RESORT OPEN,OPEN,2,,11186769,ALLAN D BENNETT,2331 => 2339 (R),W
543,6TH ANNUAL VERMONT RESORT OPEN,OPEN,4,,12515617,OSCAR TAN,2327 => 2327 (R),W
544,23RD ANNUAL WORLD OPEN,OPEN,6,,12265370,AVIV FRIEDMAN,2392 => 2421 (R),L
545,23RD ANNUAL WORLD OPEN,OPEN,7,,12614562,RICHARD FARLEIGH,2348 => 2347 (R),W
546,4TH ANNUAL CHICAGO OPEN,OPEN,1,,10349842,ANDREW KARKLINS,2332 => 2312 (R),W
547,4TH ANNUAL CHICAGO OPEN,OPEN,5,,10056870,OREST POPOVYCH,2343 => 2362 (R),W
548,HARVARD OPEN,SECTION 1,2,,12783134,WANG SHENG LEE,2320 => 2357 (R),L
549,HARVARD OPEN,SECTION 1,3,,12494878,WILLIAM MARK PASCHALL,2326 => 2351 (R),D
550,1995 NATIONAL OPEN,OPEN,4,,10343313,EUGENE MARTINOVSKY,2353 => 2353 (R),W
551,1995 New York Open,Open,9,,11453015,MIKHAIL ZLOTNIKOV,2381 => 2405 (R),W
552,3RD BUFFALO OPEN,OPEN,2,,10349842,ANDREW KARKLINS,2309 => 2298 (R),W
553,1995 MERMAID BEACH CLUB GRANDM,,6,,12470092,MALCOLM PEIN,2337 => 2390 (R),W
554,JOE SPARK'S 5TH NEW ENGLAND AC,SEC 1,3,,10009201,JOHN A CURDO,2386 => 2380 (R),W
555,JOE SPARK'S 5TH NEW ENGLAND AC,SEC 1,5,,12426279,DAVID VIGORITO,2396 => 2405 (R),W
556,1994 EASTERN OPEN,OPEN,7,,10349842,ANDREW KARKLINS,2332 => 2348 (R),W
557,1994 EASTERN OPEN,OPEN,8,,11264239,CRAIG W JONES,2339 => 2357 (R),D
558,61ST HARRY NELSON PILLSBURY ME,OPEN,1,,12494878,WILLIAM MARK PASCHALL,2365 => 2363 (R),W
559,61ST HARRY NELSON PILLSBURY ME,OPEN,3,,10009201,JOHN A CURDO,2377 => 2396 (R),W
560,NATIONAL CHESS CONGRESS,OPEN,2,,12524006,OSCAR LEONEL MALDONADO,2302 => 2295 (R),L
561,NATIONAL CHESS CONGRESS,OPEN,4,,10056870,OREST POPOVYCH,2322 => 2343 (R),D
562,NATIONAL CHESS CONGRESS,OPEN,6,,10161371,RICHARD A COSTIGAN,2334 => 2347 (R),W
563,MASS GAME/60,OPEN/U2200,3,,10009201,JOHN A CURDO,2363 => 2366 (R),W
564,3RD NEW ENGLAND CLASS CHAMPION,MASTERS!,1,,12493211,DARKO DIMITRIJEVIC,2396 => 2381 (R),W
565,17TH ANNUAL MONADNOCK MARATHON,,6,,11060871,BRIAN MC CARTHY,2391 => 2401 (R),W
566,17TH ANNUAL MONADNOCK MARATHON,,7,,12426279,DAVID VIGORITO,2379 => 2395 (R),W
567,17TH ANNUAL MONADNOCK MARATHON,,12,,12426279,DAVID VIGORITO,2379 => 2395 (R),D
568,61ST GREATER BOSTON OPEN,OPEN,1,,11096239,ALEX CHERNIACK,2315 => 2296 (R),W
569,61ST GREATER BOSTON OPEN,OPEN,2,,10009201,JOHN A CURDO,2358 => 2363 (R),W
570,54TH NEW ENGLAND OPEN,OPEN,1,,12440626,MICHAEL CASELLA,2360 => 2368 (R),W
571,54TH NEW ENGLAND OPEN,OPEN,2,,12426279,DAVID VIGORITO,2388 => 2379 (R),D
572,26TH ANNUAL ATLANTIC OPEN,OPEN,2,,12265370,AVIV FRIEDMAN,2396 => 2407 (R),L
573,VERMONT RESORT OPEN,OPEN,3,,11060871,BRIAN MC CARTHY,2326 => 2343 (R),W
574,VERMONT RESORT OPEN,OPEN,5,,11475388,ROBIN CUNNINGHAM,2367 => 2375 (R),W
575,NEW YORK STATE OPEN,OPEN,2,,11060871,BRIAN MC CARTHY,2377 => 2386 (R),W
576,NEW YORK STATE OPEN,OPEN,5,,10086795,LONNIE S KWARTLER,2304 => 2300 (R),W
577,SOUTHERN NEW ENGLAND CLASS CH.,MASTER/EXP,4,,12575466,ZIMEL LIVSHITS,2338 => 2351 (R),W
578,SOUTHERN NEW ENGLAND CLASS CH.,MASTER/EXP,5,,12440626,MICHAEL CASELLA,2368 => 2382 (R),D
579,44TH NEW HAMPSHIRE OPEN,CHAMP,2,,12378560,NASSER M ABBASI,2394 => 2405 (R),W
580,4TH NEW ENGLAND MASTERS,,2,,12567854,VALERY FRENKLAKH,2319 => 2338 (R),D
581,4TH NEW ENGLAND MASTERS,,4,,12378560,NASSER M ABBASI,2359 => 2366 (R),W
582,4TH NEW ENGLAND MASTERS,,5,,12494878,WILLIAM MARK PASCHALL,2385 => 2371 (R),W
583,22ND ANNUAL WORLD OPEN,OPEN,1,,10163013,NORMAN ROGERS,2312 => 2346 (R),D
584,PITTSBURGH OPEN,OPEN,3,,10142512,BRUCE W LEVERETT,2391 => 2404 (R),D
585,PITTSBURGH OPEN,OPEN,4,,11060871,BRIAN MC CARTHY,2365 => 2384 (R),W
586,PITTSBURGH OPEN,OPEN,5,,12597053,ALEXANDER IVANOV,2335 => 2358 (R),W
587,3RD ANNUAL CHICAGO OPEN,OPEN,3,,12597053,ALEXANDER IVANOV,2385 => 2335 (R),W
588,3RD ANNUAL CHICAGO OPEN,OPEN,4,,12124850,PETER PELTS,2391 => 2413 (R),W
589,HARVARD OPEN,OPEN,2,,12379280,BORIS BELOPOLSKY,2359 => 2343 (R),W
590,HARVARD OPEN,OPEN,3,,12426279,DAVID VIGORITO,2385 => 2396 (R),W
591,NAT'L 1994 NATIONAL OPEN,OPEN,4,,10325579,CHARLES VAN BUSKIRK,2316 => 2302 (R),W
592,MID-AMERICA CLASS CHAMPIONSHIP,MASTER,1,,11208207,SCOTT ZINGHEIM,2302 => 2275 (R),W
593,GULF COAST OPEN,OPEN,3,,10380405,SELBY K ANDERSON,2328 => 2334 (R),W
594,GULF COAST OPEN,OPEN,5,,10376947,ALFRED BLAKE CARLIN,2313 => 2331 (R),D
595,EASTERN CLASS CHAMPIONSHIPS,MASTERS,4,,12493211,DARKO DIMITRIJEVIC,2391 => 2405 (R),W
596,PACIFIC COAST OPEN,OPEN,2,,12402769,GEORGE OKECHUKWU UMEZINWA,2355 => 2330 (R),W
597,18TH QUEEN CITY OPEN,OPEN,2,,12494878,WILLIAM MARK PASCHALL,2357 => 2379 (R),W
598,18TH QUEEN CITY OPEN,OPEN,3,,12426279,DAVID VIGORITO,2377 => 2397 (R),W
599,18TH QUEEN CITY OPEN,OPEN,5,,10009201,JOHN A CURDO,2385 => 2399 (R),W
600,9TH CAPITAL DISTRICT OPEN,,4,,11060871,BRIAN MC CARTHY,2342 => 2345 (R),W
601,17TH NEWTON OPEN,OPEN,1,,12378560,NASSER M ABBASI,2307 => 2286 (R),W
602,17TH NEWTON OPEN,OPEN,2,,12493211,DARKO DIMITRIJEVIC,2390 => 2391 (R),W
603,JOE SPARK'S 4TH NEW ENGLAND AC,OPEN,4,,10014549,LARRY TAPPER,2309 => 2314 (R),W
604,3RD  ANNUAL NORTH AMERICAN OPEN,OPEN,1,,12449308,PRECIOSO SAGUISAG,2311 => 2301 (R),W
605,3RD  ANNUAL NORTH AMERICAN OPEN,OPEN,2,,12536285,EMMANUEL PEREZ,2397 => 2404 (R),W
606,29TH ANNUAL AMERICAN OPEN,OPEN,2,,10450951,MATTHEW AARON BEELBY,2387 => 2391 (R),W
607,29TH ANNUAL AMERICAN OPEN,OPEN,3,,12470713,TAL SHAKED,2394 => 2398 (R),W
608,4TH ANNUAL MASSACHUSETTS G/60,OPEN,4,,12426279,DAVID VIGORITO,2312 => 2330 (R),D
609,WESTERN STATES OPEN XI,OPEN,3,,10482763,RICHARD KELSON,2328 => 2358 (R),D
610,WESTERN STATES OPEN XI,OPEN,5,,12546071,VITALY KANZAVELI,2379 => 2393 (R),W
611,SOUTHERN CLASS CHAMPIONSHIPS,MASTER/EXP,3,,12041620,TOM FRIEDEL,2335 => 2342 (R),W
612,US OPEN TUESDAY ACTION,,5,,12413101,RODION RUBENCHIK,2333 => 2359 (R),L
613,21ST ANNUAL WORLD OPEN,OPEN,2,,12470713,TAL SHAKED,2334 => 2403 (R),W
614,NAT'L 1993 NATIONAL OPEN,OPEN,3,,10453992,WAGEEH BOCTOR,2331 => 2369 (R),D
615,NAT'L 1993 NATIONAL OPEN,OPEN,4,,12559838,GREGORY HUBER,2361 => 2368 (R),W
616,2ND ANNUAL CHICAGO OPEN,OPEN,2,,11421423,DAVID D HEURUNG,2300 => 2310 (R),W
617,2ND ANNUAL CHICAGO OPEN,OPEN,3,,12580142,LEONID FILATOV,2367 => 2351 (R),W
618,NEW YORK OPEN 1993,OPEN,1,,10163013,NORMAN ROGERS,2324 => 2269 (R),W
619,NEW YORK OPEN 1993,OPEN,4,,12501368,MARK KOTLIAR,2372 => 2326 (R),W
620,EASTERN CLASS CHAMPIONSHIPS,MASTER-EXP,2,,12496662,JORGE E SAMMOUR-HASBUN,2369 => 2375 (R),W
621,PACIFIC COAST OPEN,OPEN,2,,12558847,ILYA STERIN,2381 => 2396 (R),W
622,17TH QUEEN CITY OPEN,OPEN,1,,12426279,DAVID VIGORITO,2393 => 2388 (R),W
623,1993 NEWTON OPEN,OPEN,1,,12379280,BORIS BELOPOLSKY,2315 => 2292 (R),W
624,3RD ANN MASSACHUSETTS OPEN(STA,OPEN,1,,12426279,DAVID VIGORITO,2368 => 2369 (R),W
625,LOS ANGELES OPEN,OPEN,5,,12355370,STEPHEN A MUHAMMAD,2393 => 2398 (R),W
626,MIDWEST CLASS CHAMPIONSHIPS,MASTER,1,,10349842,ANDREW KARKLINS,2384 => 2373 (R),W
627,MIDWEST CLASS CHAMPIONSHIPS,MASTER,5,,12185200,LEO KAUSHANSKY,2379 => 2390 (R),W
628,20TH ANNUAL WORLD OPEN,OPEN,2,,10163013,NORMAN ROGERS,2337 => 2385 (R),W
629,1ST ANNUAL CHICAGO OPEN,OPEN,1,,11208207,SCOTT ZINGHEIM,2300 => 2298 (R),W
630,1ST ANNUAL CHICAGO OPEN,OPEN,2,,12442362,JESSE KRAAI,2380 => 2351 (R),W
631,NOR'EASTER OPEN,OPEN,2,,10141591,JONATHAN YEDIDIA,2376 => 2379 (R),W
632,KINGS ISLAND OPEN,OPEN,1,,10253802,STEPHEN L WYGLE,2317 => 2309 (R),W
633,KINGS ISLAND OPEN,OPEN,4,,10145791,MARK EIDEMILLER,2325 => 2344 (R),W
634,MID-AMERICA CLASS CHAMP IN CHI,MASTER,2,,12185200,LEO KAUSHANSKY,2395 => 2387 (R),W
635,LAND OF THE SKY GRAND PRIX V,OPEN,3,,10214033,KLAUS A POHL,2355 => 2343 (R),W
636,7TH CAPITAL DISTRICT OPEN,,4,,12435545,JOSHUA WAITZKIN,2388 => 2392 (R),W
637,15TH NEWTON OPEN,OPEN,1,,10583896,RICHARD N BAUER,2377 => 2378 (R),W
638,2ND  ANNUAL NORTH AMERICAN OPEN,,3,,12557984,JAVIER ANTONIO TORRES,2303 => 2338 (R),W
639,2ND  ANNUAL NORTH AMERICAN OPEN,,6,,12461126,HUGO DELFIN VILLANUEVA,2325 => 2354 (R),D
640,EASTERN OPEN,OPEN,1,,10034191,STEVEN D GREANIAS,2319 => 2316 (R),W
641,EASTERN OPEN,OPEN,6,,11264239,CRAIG W JONES,2329 => 2299 (R),W
642,HARRY NELSON PILLSBURY MEMORIA,OPEN,3,,12496662,JORGE E SAMMOUR-HASBUN,2398 => 2401 (R),W
643,HARRY NELSON PILLSBURY MEMORIA,OPEN,4,,10014549,LARRY TAPPER,2363 => 2373 (R),W
644,NATIONAL CHESS CONGRESS,MASTER SEC,1,,10034191,STEVEN D GREANIAS,2302 => 2298 (R),W
645,NATIONAL CHESS CONGRESS,MASTER SEC,1,,10163013,NORMAN ROGERS,2344 => 2352 (R),W
646,NATIONAL CHESS CONGRESS,MASTER SEC,5,,12435545,JOSHUA WAITZKIN,2366 => 2355 (R),W
647,8TH METRO OPEN TOUR DE MACA EV,OPEN,1,,10923344,BRIAN D WALL,2325 => 2306 (R),W
648,8TH METRO OPEN TOUR DE MACA EV,OPEN,3,,12496662,JORGE E SAMMOUR-HASBUN,2381 => 2399 (R),D
649,NASHUA FALL GAME/60,OPEN,1,,12426279,DAVID VIGORITO,2330 => 2324 (R),W
650,NASHUA FALL GAME/60,OPEN,4,,10018790,JOSEPH H FANG,2352 => 2349 (R),W
2,12TH ANNUAL BOSTON CHESS CONGRESS!,PREMIER SECTION!,5,W,14859696,OLIVIER CHIKU-RATTE,2451 => 2442 (R),W
3,4TH BOSTON ELITE THANKSGIVING FIDE,PREMIER,5,B,14969622,DANILA POLIANNIKOV,2412 => 2402 (R),D
4,BCF FALL FESTIVAL,OPEN,5,B,14969622,DANILA POLIANNIKOV,2413 => 2412 (R),W
5,BCF FALL FESTIVAL,OPEN,6,W,12566496,YAACOV NOROWITZ,2486 => 2492 (R),D
6,82ND NEW ENGLAND OPEN,CHAMPIONSHIP,4,W,13433622,DENYS K SHMELOV,2484 => 2486 (R),W
7,BOSTON ELITE SUMMER CLASSIC 2023,1_PREMIER,5,B,14969622,DANILA POLIANNIKOV,2401 => 2398 (R),D
8,52ND ANNUAL CONTINENTAL OPEN,MASTER,4,W,13871294,AARON JACOBSON,2443 => 2434 (R),W
9,52ND ANNUAL CONTINENTAL OPEN,MASTER,8,W,14452418,AKIRA WOOD NAKADA,2415 => 2421 (R),D
10,90TH MASSACHUSETTS OPEN,CHAMPIONSHIP,3,W,14732597,MAXIMILLIAN LU,2436 => 2440 (R),D
11,2ND BOSTON ELITE THANKSGIVING OPEN,PREMIER,5,B,14732597,MAXIMILLIAN LU,2417 => 2428 (R),D
12,BOSTON_ELITE_JUNE_OPEN,OPEN,4,W,14732597,MAXIMILLIAN LU,2430 => 2429 (R),W
13,8TH ANNUAL BOSTON CHESS CONGRESS!,PREMIER SECTION!,5,B,12930039,MR. MICHAEL H BODEK,2486 => 2487 (R),D
14,BOSTON ELITE THANKSGIVING OPEN,MASTER,3,B,14732597,MAXIMILLIAN LU,2414 => 2420 (R),L
15,5TH ANNUAL STAMFORD OPEN!,MAJOR SECTION!,4,W,14732597,MAXIMILLIAN LU,2409 => 2422 (R),L
16,WESTFORD OCTOBER OPEN,CHAMPIONSHIP,4,W,13722590,GRANT Y XU,2415 => 2418 (R),W
17,10TH ANNUAL HARTFORD OPEN!,MAJOR SECTION!,3,W,14514636,CARISSA SHIWEN YIP,2457 => 2455 (R),W
18,10TH ANNUAL HARTFORD OPEN!,MAJOR SECTION!,4,B,12561884,JUSTIN J SARKAR,2436 => 2448 (R),D
19,49TH ANNUAL CONTINENTAL OPEN,PREMIER,7,W,13405786,FARAI MANDIZHA,2494 => 2501 (R),L
20,WESTFORD JUNE ACTION,OPEN,5,B,13722590,GRANT Y XU,2410 => 2415 (R),D
21,4TH ANNUAL STAMFORD OPEN!,MAJOR SECTION!,4,W,12561884,JUSTIN J SARKAR,2427 => 2436 (R),D
22,9TH ANNUAL HARTFORD OPEN!,MAJOR SECTION!,2,W,15041466,HANS NIEMANN,2484 => 2499 (R),L
23,9TH ANNUAL HARTFORD OPEN!,MAJOR SECTION!,5,B,14774846,LEV PACIORKOWSKI,2498 => 2497 (R),L
24,CAMBRIDGE SUMMER IM NORM INVITATIONAL,IM NORM,2,W,12571158,JACOB CHUDNOVSKY,2447 => 2456 (R),W
25,CAMBRIDGE SUMMER IM NORM INVITATIONAL,IM NORM,5,B,14514636,CARISSA SHIWEN YIP,2407 => 2410 (R),D
26,CAMBRIDGE SUMMER IM NORM INVITATIONAL,IM NORM,6,B,12566496,YAACOV NOROWITZ,2485 => 2480 (R),D
27,CAMBRIDGE SUMMER IM NORM INVITATIONAL,IM NORM,8,B,15041466,HANS NIEMANN,2473 => 2484 (R),L
28,CAMBRIDGE SUMMER IM NORM INVITATIONAL,IM NORM,9,W,14952266,QIBIAO WANG,2403 => 2360 (R),W
29,27TH ANNUAL EASTERN CLASS,MASTER,5,B,12885132,ALEXANDER KATZ,2494 => 2514 (R),L
30,PATRIOT'S DAY OPEN,OPEN,3,B,12571158,JACOB CHUDNOVSKY,2442 => 2446 (R),D
31,6TH ANNUAL BOSTON CHESS CONGRESS,PREMIER,2,B,13994740,EDWARD SONG,2402 => 2420 (R),D
32,36TH EMPIRE CITY OPEN,MAJOR,1,W,15913196,JAMES DE TOLEDO,2404 => 2401 (R),L
33,36TH EMPIRE CITY OPEN,MAJOR,2,B,12132080,DANNY EDELMAN,2411 => 2404 (R),W
34,36TH EMPIRE CITY OPEN,MAJOR,5,B,14160065,BRANDON JACOBSON,2458 => 2479 (R),D
35,3RD ANNUAL STAMFORD OPEN!,OPEN SECTION!,3,B,12693373,LEIF PRESSMAN,2452 => 2461 (R),D
36,84TH GREATER BOSTON OPEN,OPEN,3,B,12549813,STEVEN WINER,2438 => 2443 (R),L
37,QUEEN CITY IM NORM,NORM,2,W,12561884,JUSTIN J SARKAR,2446 => 2463 (R),W
38,QUEEN CITY IM NORM,NORM,7,B,12561884,JUSTIN J SARKAR,2446 => 2463 (R),L
39,2017 SACO OPEN,OPEN,4,B,12426279,DAVID VIGORITO,2451 => 2458 (R),D
40,5TH ANNUAL BOSTON CHESS CONGRESS,PREMIER!,3,B,15041466,HANS NIEMANN,2421 => 2408 (R),W
41,5TH ANNUAL BOSTON CHESS CONGRESS,PREMIER!,4,W,12426279,DAVID VIGORITO,2448 => 2454 (R),W
42,BACK BAY OPEN,CHAMPIONSHIP,4,W,12885132,ALEXANDER KATZ,2449 => 2453 (R),D
43,83RD GREATER BOSTON OPEN,OPEN,4,W,12549813,STEVEN WINER,2443 => 2444 (R),W
44,MILLIONAIRE CHESS 3,OPEN,5,W,16113738,ALVARO VALDES ESCOBAR,2455 => 2508 (R),L
45,MILLIONAIRE CHESS 3,OPEN,7,W,15041466,HANS NIEMANN,2404 => 2385 (R),W
46,MILLIONAIRE CHESS 3,OPEN,9,W,15820174,PABLO SALINAS HERRERA,2493 => 2493 (R),L
47,7TH ANNUAL HARTFORD OPEN,OPEN SECTION,3,B,10010985,CHRISTOPHER W CHASE,2402 => 2397 (R),W
48,7TH ANNUAL HARTFORD OPEN,OPEN SECTION,4,W,10047871,MICHAEL A ROHDE,2481 => 2489 (R),W
49,7TH ANNUAL HARTFORD OPEN,OPEN SECTION,5,B,12561884,JUSTIN J SARKAR,2475 => 2488 (R),D
50,76TH NEW ENGLAND OPEN,CHAMPIONSHIP,3,W,13433622,DENYS K SHMELOV,2497 => 2513 (R),L
51,76TH NEW ENGLAND OPEN,CHAMPIONSHIP,6,W,12426279,DAVID VIGORITO,2445 => 2444 (R),W
52,SACO OPEN,OPEN,4,B,12426279,DAVID VIGORITO,2444 => 2441 (R),D
53,25TH ANNUAL EASTERN CLASS CHAMPIONSHIPS,MASTER,4,B,12602587,BRYAN G SMITH,2488 => 2504 (R),W
54,26TH MASSACHUSETTS G/60 CHAMPIONSHIP,OPEN,4,B,12426279,DAVID VIGORITO,2431 => 2432 (R),W
55,NEW ENGLAND MASTERS,MASTERS,4,,12571158,JACOB CHUDNOVSKY,2404 => 2418 (R),L
56,LAND OF THE SKY XXIX,OPEN,5,B,15822521,YOAV LEDERER,2460 => 2482 (R),L
57,42ND ANNUAL EASTERN OPEN,OPEN,5,B,14069596,JOHN MICHAEL BURKE,2465 => 2473 (R),W
58,MILLIONAIRE CHESS OPEN 2,OPEN,3,B,13405786,FARAI MANDIZHA,2441 => 2476 (R),L
59,MILLIONAIRE CHESS OPEN 2,OPEN,4,W,12662799,TEDDY COLEMAN,2428 => 2441 (R),L
60,MILLIONAIRE CHESS OPEN 2,OPEN,8,B,12703350,GUDMUNDUR KJARTANSSON,2454 => 2487 (R),L
61,6TH ANNUAL HARTFORD OPEN,OPEN,5,B,12561884,JUSTIN J SARKAR,2471 => 2473 (R),D
62,21ST ANNUAL NORTHEAST OPEN,OPEN!,3,,14056673,PRAVEEN BALAKRISHNAN,2429 => 2437 (R),D
63,84TH MASSACHUSETTS OPEN,CHAMPIONSHIP,4,,13433622,DENYS K SHMELOV,2433 => 2444 (R),D
64,24TH ANNUAL EASTERN CLASS CHAMPIONSHIPS,MASTER,2,,12549813,STEVEN WINER,2425 => 2426 (R),D
65,24TH ANNUAL EASTERN CLASS CHAMPIONSHIPS,MASTER,3,,10010985,CHRISTOPHER W CHASE,2420 => 2418 (R),W
66,24TH ANNUAL EASTERN CLASS CHAMPIONSHIPS,MASTER,4,,14129047,NICOLAS DE T CHECA,2430 => 2432 (R),W
67,BURLINGTON OPEN,OPEN,3,,12561884,JUSTIN J SARKAR,2489 => 2487 (R),D
68,25TH MASSACHUSETTS G60 CHAMPIONSHIP,OPEN,4,,12549813,STEVEN WINER,2423 => 2425 (R),W
69,LAND OF THE SKY XXVIII,OPEN,3,W,12914206,DANIEL GUREVICH,2420 => 2430 (R),W
70,41ST ANNUAL EASTERN OPEN,OPEN,5,,12723905,TEGSHSUREN ENKHBAT,2479 => 2487 (R),W
71,HARRY NELSON PILLSBURY MEMORIAL,OPEN,4,,12549813,STEVEN WINER,2439 => 2437 (R),W
72,EASTERN CHESS CONGRESS,PREMIER,3,,13242201,JOSHUA COLAS,2408 => 2398 (R),W
73,2014 RENO WESTERN STATES OPEN CHESS,OPEN,4,,10488192,WALTER S BROWNE,2471 => 2479 (R),D
74,2014 MILLIONAIRE CHESS OPEN,OPEN,4,,12093120,RONALD WAYNE BURNETT,2480 => 2478 (R),W
75,2014 MILLIONAIRE CHESS OPEN,OPEN,6,,15524462,CESAR ZULUAGA,2411 => 2466 (R),L
76,2014 MILLIONAIRE CHESS OPEN,OPEN,7,,12684250,IGOR SORKIN,2454 => 2442 (R),W
77,74TH NEW ENGLAND OPEN,OPEN,5,,13052087,MIKA BRATTAIN,2435 => 2440 (R),D
78,74TH NEW ENGLAND OPEN,OPEN,6,,10010985,CHRISTOPHER W CHASE,2405 => 2392 (R),W
79,19TH ANNUAL BRADLEY OPEN,OPEN,5,,10010985,CHRISTOPHER W CHASE,2411 => 2406 (R),W
80,PORTSMOUTH OPEN,OPEN,4,,15340142,CARTHER S THEOGENE,2499 => 2464 (R),W
81,83RD MASSACHUSETTS OPEN,CHAMP,4,,13052087,MIKA BRATTAIN,2415 => 2436 (R),L
82,EASTERN CLASS CHAMPIONSHIPS,MASTER,4,B,12877422,DEEPAK AARON,2429 => 2464 (R),D
83,40TH EASTERN OPEN,OPEN,7,,14954483,ELMIR HUSEYNOV,2472 => 2479 (R),L
84,31ST ANNUAL RENO WESTERN STATES OPE,OPEN,5,,12621677,MR. RICARDO DE GUZMAN,2481 => 2480 (R),W
85,80TH GREATER BOSTON OPEN,OPEN,4,,12549813,STEVEN WINER,2410 => 2425 (R),L
86,43RD ANNUAL CONTINENTAL OPEN,OPEN!,1,,12494878,WILLIAM MARK PASCHALL,2421 => 2431 (R),L
87,NASHUA OPEN,OPEN,3,,10141591,JONATHAN YEDIDIA,2422 => 2434 (R),D
88,63RD NEW HAMPSHIRE OPEN,CHAMP,2,,10141591,JONATHAN YEDIDIA,2411 => 2420 (R),D
89,2013 U.S. SENIOR OPEN CHESS CHAMPIONSHIP,SENIOR,3,,10019656,JAMES A RIZZITANO,2423 => 2431 (R),D
90,2013 U.S. SENIOR OPEN CHESS CHAMPIONSHIP,SENIOR,5,,10098327,MR. JAY RICHARD BONIN,2430 => 2436 (R),W
91,82ND MASSACHUSETTS OPEN,CHAMPIONSHIP,4,,10019656,JAMES A RIZZITANO,2424 => 2423 (R),W
92,MASSACHUSETTS G/60 CHAMPIONSHIP,OPEN,3,,13433622,DENYS K SHMELOV,2492 => 2490 (R),W
93,2013 RENO LARRY EVANS MEMORIAL,OPEN,3,,20058328,RAY KAUFMAN,2407 => 2437 (R),D
94,"CMC FEB,16,2013",OPEN,1,,14725276,ERDENETULGA RENTSEN,2445 => 2422 (R),W
95,BOSTON CHESS CONGRESS,PREMIER,1,,13433622,DENYS K SHMELOV,2490 => 2507 (R),D
96,BOSTON CHESS CONGRESS,PREMIER,4,,14995723,NAZI PAIKIDZE,2448 => 2449 (R),W
97,BURLINGTON OPEN,OPEN,1,,10141591,JONATHAN YEDIDIA,2454 => 2453 (R),W
98,NOVEMBER 10,SECTION1,3,,12680172,KAZIM GULAMALI,2447 => 2448 (R),W
99,WESTERN STATES OPEN,OPEN,2,,20058328,RAY KAUFMAN,2434 => 2432 (R),W
100,"OCTOBER 20, 2012",OPEN,2,,12680172,KAZIM GULAMALI,2443 => 2438 (R),W
101,"OCTOBER 20, 2012",OPEN,4,,14933910,AHMET BOLAT,2411 => 2412 (R),W
102,9-22-12 CMC SATURDAY  G30,OPEN-2,3,,14933910,AHMET BOLAT,2425 => 2434 (R),W
103,9-22-12 CMC SATURDAY  G30,OPEN-2,4,,12680172,KAZIM GULAMALI,2436 => 2443 (R),L
104,HARTFORD OPEN,OPEN,3,,10141591,JONATHAN YEDIDIA,2453 => 2457 (R),W
105,CMC MASTER,OPEN,3,,12680172,KAZIM GULAMALI,2421 => 2436 (R),D
106,CMC MASTER,OPEN,4,,14933910,AHMET BOLAT,2402 => 2380 (R),W
107,17TH BRADLEY OPEN,OPEN,5,,10141591,JONATHAN YEDIDIA,2445 => 2456 (R),D
108,2012 U.S. SENIOR OPEN CHESS CHAMPIONSHIP,US SENIOR,5,,10378583,JOSEPH MARK BRADFORD,2408 => 2404 (R),W
109,NEW HAMPSHIRE OPEN,CHAMP,5,,10141591,JONATHAN YEDIDIA,2405 => 2432 (R),D
110,MASSACHUSETTS G-60 CHAMPIONSHIP,OPEN,4,,12913092,ROBERT M PEREZ,2491 => 2499 (R),D
111,2012 RENO LARRY EVANS MEMORIAL,OPEN,4,,12796667,JOHN D BRYANT,2420 => 2432 (R),W
112,2012 RENO LARRY EVANS MEMORIAL,OPEN,6,,12650876,VLADIMIR MEZENTSEV,2472 => 2463 (R),W
113,13TH ANNUAL PITTSBURGH OPEN!,OPEN!,3,,12559979,THOMAS BARTELL,2439 => 2436 (R),W
114,13TH ANNUAL PITTSBURGH OPEN!,OPEN!,4,,14688875,LUUK VAN KOOTEN,2418 => 2459 (R),D
115,42ND ANNUAL NATIONAL CHESS CONGRESS,PREMIER,5,,13405786,FARAI MANDIZHA,2495 => 2499 (R),W
116,CMC SATURDAY 11-19-2011,OPEN,4,,12913092,ROBERT M PEREZ,2437 => 2471 (R),L
117,CMC SATURDAY 10-29-2011,OPEN,3,,12913092,ROBERT M PEREZ,2419 => 2424 (R),D
118,WESTERN STATES OPEN 2011,OPEN,6,,12864719,HOWARD JED CHEN,2411 => 2427 (R),L
119,CMC SATURDAY 10-15-2011,OPEN,4,,12913092,ROBERT M PEREZ,2410 => 2418 (R),L
120,CONTINENTAL OPEN,OPEN,6,,12561884,JUSTIN J SARKAR,2425 => 2444 (R),D
121,4TH NEW YORK INTERNATIONAL,CHANP,2,,13405786,FARAI MANDIZHA,2475 => 2495 (R),L
122,80TH MASSACHUSETTS OPEN,OPEN,6,,12611870,CHARLES RIORDAN,2440 => 2444 (R),W
123,37TH EASTERN OPEN,OPEN,3,,12723905,TEGSHSUREN ENKHBAT,2435 => 2436 (R),D
124,28TH SANDS REGENCY WSO,OPEN,4,,12796667,JOHN D BRYANT,2482 => 2497 (R),D
125,CONTINENTAL CLASS CHAMPIONSHIPS,MASTER,3,,10179416,LAWRENCE CHARLES KAUFMAN,2474 => 2473 (R),D
126,CONTINENTAL CLASS CHAMPIONSHIPS,MASTER,8,,12945617,DARWIN YANG,2457 => 2469 (R),D
127,2010 U.S. SENIOR OPEN CHESS CHAMPIONSHIP,MAIN,4,,10378583,JOSEPH MARK BRADFORD,2414 => 2418 (R),W
128,60TH NEW HAMPSHIRE OPEN,CHAMPION,4,,13433622,DENYS K SHMELOV,2471 => 2494 (R),D
129,38TH ANNUAL WORLD OPEN,OPEN,6,,14459653,MICHAL MESZAROS,2426 => 2576 (R),L
130,20TH MASSACHUSETTS G-60 CHAMPIONSHI,OPEN,4,,13433622,DENYS K SHMELOV,2477 => 2476 (R),D
131,PHILADELPHIA OPEN,OPEN,4,,12559979,THOMAS BARTELL,2415 => 2423 (R),L
132,19TH ANNUAL EASTERN CLASS CHAMPS,MASTER,4,,13433622,DENYS K SHMELOV,2491 => 2487 (R),W
133,19TH ANNUAL EASTERN CLASS CHAMPS,MASTER,5,,12790312,ROBERT HUNGASKI,2464 => 2494 (R),D
134,32ND ANNUAL MARCHAND OPEN 2010,OPEN,3,,14138151,SIDDHARTH RAVICHANDRAN,2481 => 2498 (R),L
135,LAND OF THE SKY XXIII,OPEN,3,,12680172,KAZIM GULAMALI,2416 => 2425 (R),L
136,36TH ANNUAL EASTERN OPEN,OPEN,3,,14330254,BRYAN MACIAS MURILLO,2405 => 2374 (R),W
137,BCF $10 OPEN,OPEN,4,,12426279,DAVID VIGORITO,2477 => 2483 (R),D
138,69TH NEW ENGLAND OPEN,OPEN,4,,13433622,DENYS K SHMELOV,2464 => 2470 (R),D
139,69TH NEW ENGLAND OPEN,OPEN,5,,12426279,DAVID VIGORITO,2467 => 2478 (R),L
140,39TH CONTINENTAL OPEN,OPEN,4,,14138151,SIDDHARTH RAVICHANDRAN,2419 => 2456 (R),D
141,78TH MASSACHUSETTS OPEN,OPEN,6,,12426279,DAVID VIGORITO,2479 => 2483 (R),W
142,2009 RI STATE CHAMPIONSHIP,OPEN,3,,12426279,DAVID VIGORITO,2484 => 2490 (R),D
143,CSCA 2009 STATE CHAMPIONHIP GRAND P,SECTION2,3,,12456381,GILDARDO GARCIA,2483 => 2499 (R),D
144,102ND RHODE ISLAND PAWN EATER,OPEN,3,,12426279,DAVID VIGORITO,2475 => 2484 (R),D
145,NASHUA OPEN,OPEN,3,,10012571,WILLIAM J KELLEHER,2401 => 2404 (R),W
146,35TH ANNUAL EASTERN OPEN,OPEN,4,,12717400,DANIEL J LUDWIG,2495 => 2509 (R),W
147,MANCHESTER DECEMBER SWISS,OPEN,3,,12426279,DAVID VIGORITO,2422 => 2427 (R),D
148,NATIONAL CHESS CONGRESS,PREMIER,3,,12717400,DANIEL J LUDWIG,2450 => 2495 (R),L
149,2008 PAN AMER. CONTINENTAL CHAMP.,PAN AM,4,,12677618,DARCY LIMA,2473 => 2593 (R),D
150,2008 PAN AMER. CONTINENTAL CHAMP.,PAN AM,5,,12881259,MANUEL LEON HOYOS,2489 => 2625 (R),D
151,2008 PAN AMER. CONTINENTAL CHAMP.,PAN AM,8,,12456381,GILDARDO GARCIA,2491 => 2493 (R),W
152,26TH SANDS REGENCY WSO,OPEN,2,,12659833,DANIEL M RENSCH,2410 => 2434 (R),L
153,26TH SANDS REGENCY WSO,OPEN,3,,12602587,BRYAN G SMITH,2469 => 2483 (R),W
154,26TH SANDS REGENCY WSO,OPEN,6,,12650876,VLADIMIR MEZENTSEV,2454 => 2442 (R),W
155,MANCHESTER SEPTEMBER SWISS,OPEN,3,,13433622,DENYS K SHMELOV,2441 => 2425 (R),W
156,2008 MIAMI OPEN,OPEN,2,,12729715,MARCEL MARTINEZ,2469 => 2475 (R),D
157,2008 MIAMI OPEN,OPEN,3,,12909023,SALVIJUS BERCYS,2453 => 2502 (R),L
158,68TH NEW ENGLAND OPEN,OPEN,4,,13433622,DENYS K SHMELOV,2426 => 2441 (R),W
159,68TH NEW ENGLAND OPEN,OPEN,5,,12563122,IGOR FOYGEL,2478 => 2479 (R),D
160,11TH ANNUAL W.MASS.OPEN,OPEN,4,,13492147,MR. LUIS BAEZ,2474 => 2260 (R),W
161,36TH ANNUAL WORLD OPEN,OPEN,2,,12561884,JUSTIN J SARKAR,2473 => 2487 (R),W
162,58TH NEW HAMPSHIRE OPEN,OPEN,4,,13433622,DENYS K SHMELOV,2443 => 2447 (R),D
163,10TH NYS G/45 & LI CHESS NUTS SCHOL,OPEN,3,,10047871,MICHAEL A ROHDE,2483 => 2484 (R),W
164,2008 FKB USA CHAMPIONSHIP,CHAMP,1,,12426279,DAVID VIGORITO,2445 => 2438 (R),W
165,2008 FKB USA CHAMPIONSHIP,CHAMP,5,,10179416,LAWRENCE CHARLES KAUFMAN,2422 => 2417 (R),W
166,2008 FKB USA CHAMPIONSHIP,CHAMP,8,,12601834,DAVID PRUESS,2467 => 2477 (R),W
167,2008 FKB USA CH QUALIFIER FIDE OPEN,OPEN,3,,12601834,DAVID PRUESS,2463 => 2471 (R),W
168,2008 FKB USA CH QUALIFIER FIDE OPEN,OPEN,7,,12717400,DANIEL J LUDWIG,2429 => 2451 (R),D
169,10TH ANNUAL FOXWOODS OPEN,FOX-OP,3,,12749774,ROBERT L HESS,2491 => 2539 (R),L
170,10TH ANNUAL FOXWOODS OPEN,FOX-OP,5,,10172918,MARK GINSBURG,2414 => 2430 (R),W
171,2008 BERMUDA INTERNATIONAL,OPEN,5,,12445752,DEAN J IPPOLITO,2494 => 2488 (R),W
172,34TH ANNUAL EASTERN OPEN,OPEN,7,,12576027,ANTON PAOLO DEL MUNDO,2406 => 2403 (R),W
173,34TH ANNUAL EASTERN OPEN,OPEN,8,,12602587,BRYAN G SMITH,2445 => 2448 (R),D
174,25TH SANDS REGENCY WSO,OPEN,6,,12601834,DAVID PRUESS,2456 => 2455 (R),W
175,35TH ANNUAL WORLD OPEN,O,5,,12749774,ROBERT L HESS,2482 => 2486 (R),D
176,35TH ANNUAL WORLD OPEN,O,6,,12655638,KETEVA ARAKHAMIA-GRANT,2458 => 2477 (R),D
177,35TH ANNUAL WORLD OPEN,O,7,,12840765,AMON SOLOMON SIMUTOWE,2457 => 2450 (R),W
178,BRADLEY OPEN,OPEN,3,,12707937,MARK PARAGUA,2478 => 2484 (R),D
179,FRANK K. BERRY U.S. CHAMPIONSHIP,USCHAMP200,2,,12524770,MICHAEL A MULYAR,2420 => 2428 (R),W
180,FRANK K. BERRY U.S. CHAMPIONSHIP,USCHAMP200,5,,12749774,ROBERT L HESS,2472 => 2481 (R),W
181,17TH MASSACHUSETTS G/60 CHAMPIONSHI,OPEN,4,,12426279,DAVID VIGORITO,2458 => 2455 (R),W
182,9TH ANNUAL FOXWOODS OPEN,FOX-OP,3,,12749774,ROBERT L HESS,2447 => 2472 (R),L
183,9TH ANNUAL FOXWOODS OPEN,FOX-OP,5,,12561884,JUSTIN J SARKAR,2442 => 2470 (R),L
184,9TH ANNUAL FOXWOODS OPEN,FOX-OP,7,,12426279,DAVID VIGORITO,2429 => 2437 (R),W
185,29TH ANNUAL MARCHAND OPEN 2007,OPEN,4,,12571512,SEAN NAGLE,2405 => 2427 (R),L
186,39TH ANNUAL LIBERTY BELL OPEN,OPEN!,5,,12602587,BRYAN G SMITH,2444 => 2456 (R),W
187,33RD ANNUAL EASTERN OPEN,OPEN,4,,12743305,FABIANO CARUANA,2485 => 2509 (R),L
188,90TH MARSHALL CHAMPIONSHIP!,GM NORM!!,4,,12927539,ALFONSO A ALMEIDA,2451 => 2472 (R),W
189,90TH MARSHALL CHAMPIONSHIP!,GM NORM!!,6,,12561884,JUSTIN J SARKAR,2426 => 2467 (R),W
190,90TH MARSHALL CHAMPIONSHIP!,GM NORM!!,7,,12543137,IRINA KRUSH,2449 => 2470 (R),D
191,24TH WESTERN STATES OPEN,OPEN,2,,11126545,EMORY TATE,2461 => 2449 (R),L
192,16TH ANNUAL EASTERN CHESS CONGRESS!,OPEN!,2,,10047871,MICHAEL A ROHDE,2483 => 2479 (R),W
193,34TH ANNUAL WORLD OPEN,WO-O,5,,12445752,DEAN J IPPOLITO,2450 => 2446 (R),W
194,34TH ANNUAL WORLD OPEN,WO-O,7,,11126545,EMORY TATE,2419 => 2447 (R),W
195,8TH ANNUAL FOXWOODS OPEN,FOX-OPEN,8,,12659833,DANIEL M RENSCH,2408 => 2404 (R),W
196,8TH ANNUAL FOXWOODS OPEN,FOX-OPEN,9,,13405153,GIORGI MARGVELASHVILI,2468 => 2482 (R),W
197,2006 US CHAMPIONSHIP,"""B""",1,,12355370,STEPHEN A MUHAMMAD,2457 => 2451 (R),D
198,2006 US CHAMPIONSHIP,"""B""",2,,12873912,ANNA ZATONSKIH,2484 => 2500 (R),W
199,2006 NORTHEAST CHESS WINTER GETAWAY,OPEN,2,,10012571,WILLIAM J KELLEHER,2402 => 2399 (R),W
200,NYS G/45 & LI CHESS NUTS SCHOLASTIC,OPEN,3,,12873912,ANNA ZATONSKIH,2467 => 2478 (R),L
201,32ND EASTERN OPEN,OPEN,7,,12549813,STEVEN WINER,2415 => 2421 (R),D
202,23RD WESTERN STATES OPEN,OPEN SECTI,2,,12621677,MR. RICARDO DE GUZMAN,2481 => 2484 (R),W
203,65TH NEW ENGLAND OPEN,OPEN,3,,12593986,JOSHUA E FRIEDEL,2492 => 2496 (R),W
204,65TH NEW ENGLAND OPEN,OPEN,4,,12426279,DAVID VIGORITO,2429 => 2422 (R),W
205,65TH NEW ENGLAND OPEN,OPEN,5,,12549813,STEVEN WINER,2411 => 2415 (R),D
206,CONTINENTAL OPEN,O,3,,12549813,STEVEN WINER,2413 => 2411 (R),D
207,11TH NORTHEAST OPEN!,OPEN!,5,,12684250,IGOR SORKIN,2402 => 2413 (R),W
208,33RD ANNUAL WORLD OPEN,WO-O,4,,12718516,JOHN BARTHOLOMEW,2428 => 2434 (R),W
209,33RD ANNUAL WORLD OPEN,WO-O,7,,13208885,EMILIO CORDOVA DAZA,2407 => 2578 (R),L
210,7TH ANNUAL FOXWOODS OPEN,FOX-OP,2,,10098327,MR. JAY RICHARD BONIN,2460 => 2436 (R),D
211,7TH ANNUAL FOXWOODS OPEN,FOX-OP,5,,12499885,ALAN R STEIN,2430 => 2415 (R),W
212,LAND OF THE SKY XVIII,OPEN,4,,12604378,CARLOMAGNO OBLITAS,2492 => 2504 (R),L
213,LAND OF THE SKY XVIII,OPEN,5,,11126545,EMORY TATE,2425 => 2434 (R),W
214,2005 NORTHEAST CHESS WINTER GETAWAY,OPEN,5,,12593986,JOSHUA E FRIEDEL,2473 => 2467 (R),W
215,2005 CHESSMASTER U. S. CHAMPIO,SECTION1,1,,12845625,BRUCI LOPEZ,2434 => 2414 (R),D
216,2005 CHESSMASTER U. S. CHAMPIO,SECTION1,2,,12610669,DMITRY ZILBERSTEIN,2410 => 2434 (R),L
217,2005 CHESSMASTER U. S. CHAMPIO,SECTION1,4,,12593986,JOSHUA E FRIEDEL,2469 => 2477 (R),D
218,2005 CHESSMASTER U. S. CHAMPIO,SECTION1,5,,12873912,ANNA ZATONSKIH,2450 => 2458 (R),D
219,2005 CHESSMASTER U. S. CHAMPIO,SECTION1,6,,12647631,BLAS J LUGO,2400 => 2426 (R),L
220,2005 CHESSMASTER U. S. CHAMPIO,SECTION1,7,,11167489,ANATOLY LEIN,2438 => 2418 (R),W
221,2005 CHESSMASTER U. S. CHAMPIO,SECTION1,8,,12739627,STANISLAV G KRIVENTSOV,2491 => 2480 (R),D
222,2005 CHESSMASTER U. S. CHAMPIO,SECTION1,9,,12729715,MARCEL MARTINEZ,2467 => 2470 (R),W
223,22ND ANNUAL WESTERN STATES OPE,OPEN SECTI,2,,10153557,TIMOTHY W TAYLOR,2401 => 2406 (R),L
224,64TH NEW ENGLAND OPEN,OPEN,6,,12593986,JOSHUA E FRIEDEL,2464 => 2462 (R),W
225,CCA-ICC INTERNATIONAL,INTL,2,,10019656,JAMES A RIZZITANO,2430 => 2426 (R),W
226,CCA-ICC INTERNATIONAL,INTL,9,,12593986,JOSHUA E FRIEDEL,2494 => 2510 (R),D
227,73RD MASSACHUSETTS OPEN,OPEN,5,,10019656,JAMES A RIZZITANO,2440 => 2430 (R),W
228,NORTHEAST CHESS SPRING GETAWAY,OPEN,3,,12593986,JOSHUA E FRIEDEL,2484 => 2482 (R),D
229,6TH ANNUAL FOXWOODS OPEN,OPEN,3,,10019656,JAMES A RIZZITANO,2463 => 2440 (R),W
230,6TH ANNUAL FOXWOODS OPEN,OPEN,5,,12579305,ALEXANDER KALIKSHTEYN,2434 => 2431 (R),W
231,TCC CLUB CHAMPIONSHIP,1,1,,12563122,IGOR FOYGEL,2498 => 2497 (R),W
232,MASSACHUSETTS G/60 CHAMPIONSHI,OPEN,4,,12593986,JOSHUA E FRIEDEL,2467 => 2477 (R),L
233,NORTH EAST CHESS WINTER GETAWA,OPEN,4,,10012571,WILLIAM J KELLEHER,2408 => 2412 (R),W
234,MCC STAN CROWE MEMORIAL,OPEN,4,,12563122,IGOR FOYGEL,2491 => 2487 (R),D
235,9TH BOSTON UNIVERSITY OPEN,OPEN,4,,12494878,WILLIAM MARK PASCHALL,2439 => 2437 (R),W
236,EDWARD LEVY MEMORIAL COLORADO,OPEN!!,4,,12823402,DASHZEGVE SHARAVDORJ,2446 => 2447 (R),W
237,13TH VERMONT RESORT OPEN!,OPEN,4,,10108756,DANNY KOPEC,2437 => 2431 (R),W
238,13TH VERMONT RESORT OPEN!,OPEN,5,,12494878,WILLIAM MARK PASCHALL,2489 => 2481 (R),W
239,53RD NEW HAMPSHIRE OPEN,OPEN,4,,12494878,WILLIAM MARK PASCHALL,2491 => 2489 (R),D
240,31ST ANNUAL WORLD OPEN,OPEN!!,5,,21012681,LEV MILMAN,2406 => 2414 (R),W
241,31ST ANNUAL WORLD OPEN,OPEN!!,8,,12873912,ANNA ZATONSKIH,2466 => 2478 (R),D
242,31ST ANNUAL WORLD OPEN,OPEN!!,9,,12494878,WILLIAM MARK PASCHALL,2487 => 2491 (R),W
243,NATIONAL OPEN,OPEN,3,,12542088,MR. NIKOLAY ANDRIANOV,2432 => 2437 (R),D
244,NATIONAL OPEN,OPEN,4,,12626859,SLAVA MIKHAILUK,2427 => 2438 (R),L
245,CCA INTERNATIONAL,,1,,11126545,EMORY TATE,2428 => 2441 (R),L
246,72ND MASSACHUSETTS OPEN!,OPEN,4,,12494878,WILLIAM MARK PASCHALL,2496 => 2505 (R),W
247,5TH ANNUAL FOXWOODS OPEN,OPEN,4,,11167489,ANATOLY LEIN,2464 => 2473 (R),D
248,GAME/90 CHAMPIONSHIP,OPEN,3,,10012571,WILLIAM J KELLEHER,2428 => 2423 (R),W
249,13TH MASSACHUSETTS GAME/60,OPEN,3,,10012571,WILLIAM J KELLEHER,2421 => 2428 (R),L
250,12TH EASTERN CLASS CHAMPIONSHI,MASTERS,2,,12494878,WILLIAM MARK PASCHALL,2483 => 2491 (R),D
251,2003 U. S. CHAMPIONSHIP!,CHAMPIONS!,2,,12739627,STANISLAV G KRIVENTSOV,2424 => 2413 (R),D
252,2003 U. S. CHAMPIONSHIP!,CHAMPIONS!,3,,12093120,RONALD WAYNE BURNETT,2487 => 2505 (R),W
253,2003 U. S. CHAMPIONSHIP!,CHAMPIONS!,4,,12494878,WILLIAM MARK PASCHALL,2483 => 2487 (R),D
254,2002 NORTHEAST CHESS FALL GETA,OPEN,4,,12494878,WILLIAM MARK PASCHALL,2486 => 2484 (R),W
255,20TH ANNUAL WESTERN STATES OPE,MASTER,5,,12610669,DMITRY ZILBERSTEIN,2419 => 2438 (R),D
256,13TH VERMONT,OPEN,2,,12093120,RONALD WAYNE BURNETT,2472 => 2453 (R),W
257,13TH VERMONT,OPEN,4,,10108756,DANNY KOPEC,2426 => 2434 (R),D
258,62ND NEW ENGLAND OPEN,OPEN,3,,10012571,WILLIAM J KELLEHER,2453 => 2454 (R),W
259,34TH ATLANTIC OPEN!!,OPEN!!!,2,,10098327,MR. JAY RICHARD BONIN,2417 => 2406 (R),D
260,34TH ATLANTIC OPEN!!,OPEN!!!,4,,10179416,LAWRENCE CHARLES KAUFMAN,2433 => 2444 (R),D
261,32ND CONTINENTAL OPEN!!,HIKARU,2,,10012571,WILLIAM J KELLEHER,2443 => 2450 (R),D
262,7TH BRADLEY OPEN!,OPEN!,4,,12494878,WILLIAM MARK PASCHALL,2468 => 2478 (R),D
263,71ST MASSACHUSETTS OPEN,OPEN,5,,10012571,WILLIAM J KELLEHER,2435 => 2441 (R),W
264,71ST MASSACHUSETTS OPEN,OPEN,6,,12494878,WILLIAM MARK PASCHALL,2458 => 2456 (R),D
265,9TH NY STATE OPEN!,OPEN,5,,12093120,RONALD WAYNE BURNETT,2469 => 2472 (R),D
266,4TH ANNUAL FOXWOODS OPEN,OPEN,5,,12452244,LUIS R CHIONG,2430 => 2419 (R),W
267,NYS GAME/45 CHAMPIONSHIP!,OPEN,3,,11453015,MIKHAIL ZLOTNIKOV,2404 => 2410 (R),W
268,2002 NATIONAL OPEN,OPEN,3,,12650697,RASHID ZIATDINOV,2457 => 2451 (R),D
269,2002 NATIONAL OPEN,OPEN,5,,12542088,MR. NIKOLAY ANDRIANOV,2471 => 2483 (R),L
270,2002 U. S. CHAMPIONSHIPS,,1,,12626859,SLAVA MIKHAILUK,2435 => 2437 (R),W
271,2002 U. S. CHAMPIONSHIPS,,3,,12548533,YURY LAPSHUN,2467 => 2471 (R),W
272,2002 U. S. CHAMPIONSHIPS,,7,,12442362,JESSE KRAAI,2482 => 2492 (R),W
273,2002 U. S. CHAMPIONSHIPS,,9,,12548889,DONNY ARIEL,2404 => 2426 (R),W
274,19TH ANNUAL WESTERN STATES OPE,OPEN,3,,12650697,RASHID ZIATDINOV,2462 => 2472 (R),W
275,2001 NEW JERSEY OPEN,1,6,,10098327,MR. JAY RICHARD BONIN,2467 => 2460 (R),W
276,29TH ANNUAL WORLD OPEN,OPEN!!,8,,12588419,GRIGORIY BRAYLOVSKIY,2401 => 2409 (R),W
277,3RD ANNUAL FOXWOODS OPEN,OPEN,6,,12494878,WILLIAM MARK PASCHALL,2425 => 2448 (R),L
278,2001 NATIONAL OPEN,OPEN,3,,12445752,DEAN J IPPOLITO,2482 => 2494 (R),D
279,2001 NATIONAL OPEN,OPEN,4,,12513964,RADE MILOVANOVIC,2442 => 2443 (R),W
280,10TH EASTERN CLASS CHAMPIONSHI,MASTERS,5,,12494878,WILLIAM MARK PASCHALL,2443 => 2434 (R),W
281,US AMATEUR TEAM EAST,OPEN,4,,12093120,RONALD WAYNE BURNETT,2448 => 2454 (R),D
282,US AMATEUR TEAM EAST,OPEN,6,,10179416,LAWRENCE CHARLES KAUFMAN,2455 => 2458 (R),L
283,2001 NORTH EAST CHESS GETAWAY,OPEN,4,,12494878,WILLIAM MARK PASCHALL,2426 => 2431 (R),W
284,4TH LYMAN WINTER CHESSFEST,OPEN,2,,10012571,WILLIAM J KELLEHER,2428 => 2426 (R),W
285,33RD ANNUAL LIBERTY BELL OPEN,OPEN,7,,12577462,DMITRY SCHNEIDER,2483 => 2494 (R),W
286,EASTERN OPEN,OPEN,5,,10179416,LAWRENCE CHARLES KAUFMAN,2480 => 2470 (R),W
287,EASTERN OPEN,OPEN,6,,12549813,STEVEN WINER,2416 => 2404 (R),W
288,2000 PILLSBURY MEMORIAL,OPEN,3,,12426279,DAVID VIGORITO,2413 => 2418 (R),W
289,18TH ANNUAL WESTERN STATES OPE,MASTER,4,,20013106,GREG SHAHADE,2490 => 2496 (R),W
290,18TH ANNUAL WESTERN STATES OPE,MASTER,5,,12723905,TEGSHSUREN ENKHBAT,2475 => 2480 (R),W
291,18TH ANNUAL WESTERN STATES OPE,MASTER,6,,10270294,WILLIAM JOHN DONALDSON,2495 => 2511 (R),D
292,60TH NEW ENGLAND OPEN,OPEN,3,,12494878,WILLIAM MARK PASCHALL,2414 => 2420 (R),D
293,60TH NEW ENGLAND OPEN,OPEN,5,,12811854,PETR JIROVSKY,2410 => 2458 (R),D
294,50TH NEW HAMPSHIRE OPEN,CHAMP,4,,12807799,VALERIAN GAPRINDASHVILI,2426 => 2442 (R),W
295,2ND CCA/CHESSWISE INTERNATIONA,,1,,12707937,MARK PARAGUA,2478 => 2478 (R),W
296,28TH ANNUAL WORLD OPEN,OPEN!,3,,12561884,JUSTIN J SARKAR,2429 => 2444 (R),W
297,NEW YORK OPEN,OPEN,2,,12577462,DMITRY SCHNEIDER,2450 => 2446 (R),W
298,NEW YORK OPEN,OPEN,4,,10519497,JEAN HEBERT,2473 => 2458 (R),D
299,NEW YORK OPEN,OPEN,5,,12093120,RONALD WAYNE BURNETT,2416 => 2418 (R),W
300,2ND ANNUAL FOXWOODS OPEN,OPEN!!,5,,20013106,GREG SHAHADE,2491 => 2518 (R),D
301,2ND ANNUAL FOXWOODS OPEN,OPEN!!,6,,11167489,ANATOLY LEIN,2495 => 2501 (R),D
302,2ND ANNUAL FOXWOODS OPEN,OPEN!!,7,,12445752,DEAN J IPPOLITO,2455 => 2449 (R),W
303,10TH MASSACHUSETTS GAME/60,OPEN,3,,10012571,WILLIAM J KELLEHER,2463 => 2471 (R),D
304,9TH EASTERN CLASS CHAMPIONSHIP,MASTERS!,5,,12561884,JUSTIN J SARKAR,2406 => 2410 (R),W
305,3RD HARRY LYMAN OPEN,OPEN,5,,10012571,WILLIAM J KELLEHER,2459 => 2458 (R),W
306,32ND ANNUAL LIBERTY BELL OPEN,OPEN!,3,,12561884,JUSTIN J SARKAR,2412 => 2414 (R),W
307,32ND ANNUAL LIBERTY BELL OPEN,OPEN!,7,,12739627,STANISLAV G KRIVENTSOV,2453 => 2455 (R),W
308,EASTERN OPEN,OPEN,5,,12739627,STANISLAV G KRIVENTSOV,2467 => 2460 (R),W
309,MCC STANLEY CROWE MEMORIAL,OPEN,3,,12563122,IGOR FOYGEL,2474 => 2480 (R),W
310,MCC STANLEY CROWE MEMORIAL,OPEN,4,,10010985,CHRISTOPHER W CHASE,2423 => 2410 (R),W
311,30TH NATIONAL CHESS CONGRESS:,OPEN,4,,12513966,OSMAND PALOS,2418 => 2445 (R),W
312,66TH GREATER BOSTON OPEN,OPEN,2,,12494878,WILLIAM MARK PASCHALL,2425 => 2437 (R),L
313,4TH ANNUAL GOVERNOR'S CUP,OPEN,3,,12571512,SEAN NAGLE,2403 => 2397 (R),W
314,27TH ANNUAL WORLD OPEN,OPEN!!!,4,,12355370,STEPHEN A MUHAMMAD,2404 => 2417 (R),W
315,8TH ANNUAL CHICAGO OPEN,OPEN!,6,,11126545,EMORY TATE,2404 => 2413 (R),W
316,9TH MASSACHUSETTS G/60 CHAMPIO,OPEN,3,,10012571,WILLIAM J KELLEHER,2432 => 2429 (R),W
317,NYS G/45 CHAMPIONSHIP,OPEN,3,,10098327,MR. JAY RICHARD BONIN,2459 => 2466 (R),D
318,1999 NATIONAL OPEN,CHAMP,6,,12531605,AARON SUMMERSCALE,2467 => 2487 (R),D
319,12TH SUPER(!) SATURDAY IN NEW,LOOK ROBIN,5,,10098327,MR. JAY RICHARD BONIN,2471 => 2474 (R),W
320,MARSHALL CC JANUARY GRAND PRIX,OPEN,3,,11502229,DENNIS MONOKROUSSOS,2409 => 2413 (R),W
321,MARSHALL CC JANUARY GRAND PRIX,OPEN,4,,10098327,MR. JAY RICHARD BONIN,2489 => 2480 (R),W
322,31ST ANNUAL LIBERTY BELL OPEN,OPEN??!,4,,10349842,ANDREW KARKLINS,2402 => 2410 (R),W
323,31ST ANNUAL LIBERTY BELL OPEN,OPEN??!,5,,11138187,RONALD SIMPSON,2405 => 2427 (R),L
324,31ST ANNUAL LIBERTY BELL OPEN,OPEN??!,6,,10099277,WILLIAM MORRISON,2406 => 2379 (R),W
325,31ST ANNUAL LIBERTY BELL OPEN,OPEN??!,7,,12496662,JORGE E SAMMOUR-HASBUN,2481 => 2498 (R),L
326,2ND HARRY LYMAN OPEN,OPEN,4,,12627196,EUGENE PERELSHTEYN,2487 => 2494 (R),W
327,2ND HARRY LYMAN OPEN,OPEN,5,,12496662,JORGE E SAMMOUR-HASBUN,2463 => 2481 (R),D
328,25TH EASTERN OPEN,OPEN,6,,10179416,LAWRENCE CHARLES KAUFMAN,2411 => 2444 (R),D
329,58TH NEW ENGLAND OPEN,OPEN,4,,10141591,JONATHAN YEDIDIA,2499 => 2477 (R),W
330,CONTINENTAL OPEN,OPEN,2,,12426279,DAVID VIGORITO,2410 => 2385 (R),D
331,CONTINENTAL OPEN,OPEN,3,,11045685,MICHAEL A BROOKS,2414 => 2448 (R),L
332,26TH ANNUAL WORLD OPEN,OPEN,4,,10194377,RICHARD K DELAUNE JR.,2415 => 2459 (R),L
333,NEWTON SPRING OPEN,OPEN,2,,12563122,IGOR FOYGEL,2463 => 2450 (R),W
334,NEWTON SPRING OPEN,OPEN,3,,10012571,WILLIAM J KELLEHER,2416 => 2410 (R),W
335,EMPIRE STATE OPEN,OPEN,3,,12093120,RONALD WAYNE BURNETT,2472 => 2456 (R),D
336,EMPIRE STATE OPEN,OPEN,7,,11453015,MIKHAIL ZLOTNIKOV,2420 => 2430 (R),W
337,MARCHAND OPEN 20TH ANNUAL,OPEN,4,,10531381,LASZLO B TAPASZTO,2408 => 2413 (R),W
338,1998 New York Open,Open,2,,12514000,FABIO LA ROTA,2417 => 2422 (R),W
339,1998 New York Open,Open,5,,10343313,EUGENE MARTINOVSKY,2409 => 2413 (R),L
340,1998 New York Open,Open,8,,12093120,RONALD WAYNE BURNETT,2488 => 2472 (R),W
341,1ST HARRY LYMAN OPEN,OPEN,5,,10012571,WILLIAM J KELLEHER,2403 => 2424 (R),D
342,PILLSBURY MEMORIAL 4SS,OPEN,3,,10012571,WILLIAM J KELLEHER,2409 => 2416 (R),W
343,28TH NATIONAL CHESS CONGRESS!,OPEN,3,,11126545,EMORY TATE,2419 => 2432 (R),W
344,6TH KINGS ISLAND OPEN!,OPEN,3,,11126545,EMORY TATE,2424 => 2419 (R),W
345,15TH ANNUAL WESTERN STATES OPE,OPEN,2,,12548889,DONNY ARIEL,2402 => 2406 (R),D
346,15TH ANNUAL WESTERN STATES OPE,OPEN,4,,11436072,GUILLERMO REY,2420 => 2416 (R),W
347,1997 US CLASS CHAMPIONSHIPS,MASTER,2,,12445752,DEAN J IPPOLITO,2459 => 2476 (R),D
348,25TH HARVARD OPEN,OPEN,4,,12571158,JACOB CHUDNOVSKY,2413 => 2419 (R),D
349,1997 INTERPLAY US CHAMP,SEC A,7,,12496662,JORGE E SAMMOUR-HASBUN,2467 => 2477 (R),L
350,98TH ANNUAL US OPEN - 1997,U.S. OPEN!,5,,12524770,MICHAEL A MULYAR,2432 => 2466 (R),D
351,98TH ANNUAL US OPEN - 1997,U.S. OPEN!,8,,12626859,SLAVA MIKHAILUK,2443 => 2462 (R),W
352,27TH CONTINENTAL OPEN!!,OPEN,7,,12426279,DAVID VIGORITO,2450 => 2448 (R),W
353,25TH ANNUAL WORLD OPEN,OPEN!,9,,12513966,OSMAND PALOS,2471 => 2489 (R),W
354,6TH ANNUAL CHICAGO OPEN,OPEN,2,,12529078,JOSH MANION,2440 => 2453 (R),W
355,6TH ANNUAL CHICAGO OPEN,OPEN,7,,12494878,WILLIAM MARK PASCHALL,2406 => 2413 (R),W
356,1997 New York Open,OPEN,2,,12579305,ALEXANDER KALIKSHTEYN,2462 => 2477 (R),W
357,MID AMERICA CLASS CHAMPIONSHIP,MASTER,2,,12513966,OSMAND PALOS,2434 => 2421 (R),W
358,MID AMERICA CLASS CHAMPIONSHIP,MASTER,4,,11299083,ALBERT C CHOW,2402 => 2385 (R),W
359,5TH ANNUAL HUDSON VALLEY OPEN!,OPEN,3,,12093120,RONALD WAYNE BURNETT,2448 => 2453 (R),W
360,5TH ANNUAL HUDSON VALLEY OPEN!,OPEN,4,,10093619,CHARLES HERTAN,2498 => 2490 (R),W
361,1997 U.S. MASTERS,,2,,20013106,GREG SHAHADE,2404 => 2399 (R),D
362,1997 U.S. MASTERS,,4,,12596603,ALEX BALANDIN,2477 => 2477 (R),D
363,1997 U.S. MASTERS,,5,,12658446,ROBERTO MARTIN DEL CAMPO,2434 => 2446 (R),W
364,Middle Tennessee Open,Open,2,,11126545,EMORY TATE,2492 => 2496 (R),L
365,Land of the Sky X,OPEN,3,,12355370,STEPHEN A MUHAMMAD,2425 => 2417 (R),W
366,29TH ANNUAL LIBERTY BELL OPEN,OPEN!,3,,10179416,LAWRENCE CHARLES KAUFMAN,2475 => 2475 (R),W
367,29TH ANNUAL LIBERTY BELL OPEN,OPEN!,4,,10141591,JONATHAN YEDIDIA,2497 => 2517 (R),L
368,23RD EASTERN OPEN,OPEN,3,,12093120,RONALD WAYNE BURNETT,2471 => 2476 (R),W
369,23RD EASTERN OPEN,OPEN,4,,12579305,ALEXANDER KALIKSHTEYN,2424 => 2462 (R),D
370,23RD EASTERN OPEN,OPEN,5,,11126545,EMORY TATE,2472 => 2508 (R),D
371,23RD EASTERN OPEN,OPEN,6,,10012571,WILLIAM J KELLEHER,2433 => 2446 (R),W
372,23RD EASTERN OPEN,OPEN,8,,12435545,JOSHUA WAITZKIN,2488 => 2507 (R),D
373,PINFORK GP 4 OF 4,OPEN,4,,12187720,IGOR SHTERN,2401 => 2391 (R),D
374,14TH ANNUAL WESTERN STATES OPE,OPEN,2,,11475388,ROBIN CUNNINGHAM,2429 => 2429 (R),D
375,63RD GREATER BOSTON OPEN,OPEN,2,,10012571,WILLIAM J KELLEHER,2427 => 2427 (R),W
376,63RD GREATER BOSTON OPEN,OPEN,4,,10093619,CHARLES HERTAN,2487 => 2489 (R),W
377,56TH NEW ENGLAND OPEN,OPEN,4,,12426279,DAVID VIGORITO,2419 => 2423 (R),W
378,56TH NEW ENGLAND OPEN,OPEN,5,,10141591,JONATHAN YEDIDIA,2482 => 2493 (R),W
379,97TH ANNUAL US OPEN - 1996,Traditiona,8,,11126545,EMORY TATE,2419 => 2433 (R),W
380,97TH ANNUAL US OPEN - 1996,Traditiona,10,,10169518,JOHN C MEYER,2421 => 2405 (R),W
381,97TH ANNUAL US OPEN - 1996,Traditiona,12,,10226678,MILES F ARDAMAN,2447 => 2449 (R),W
382,1996 INTERPLAY US CHAMPIONSHIP,,12,,12470713,TAL SHAKED,2494 => 2519 (R),L
383,24TH ANNUAL WORLD OPEN,OPEN!,6,,12426279,DAVID VIGORITO,2401 => 2419 (R),W
384,5TH ANNUAL CHICAGO OPEN,OPEN,2,,12559845,ANGELO YOUNG,2427 => 2464 (R),L
385,5TH ANNUAL CHICAGO OPEN,OPEN,5,,11126545,EMORY TATE,2429 => 2419 (R),L
386,NATIONAL OPEN,CHAMPION,3,,12580142,LEONID FILATOV,2400 => 2424 (R),W
387,NATIONAL OPEN,CHAMPION,4,,12470713,TAL SHAKED,2497 => 2500 (R),W
388,1996 New York Open,Open,2,,12647631,BLAS J LUGO,2475 => 2535 (R),L
389,1996 New York Open,Open,6,,12614199,IGOR SHLIPERMAN,2482 => 2475 (R),D
390,MID-AMERICA CLASS CHAMPIONSHIP,MASTER,2,,12529078,JOSH MANION,2442 => 2438 (R),W
391,5TH EASTERN CLASS CHAMPIONSHIP,MASTER,2,,10108756,DANNY KOPEC,2449 => 2443 (R),L
392,PINFORK DALLAS GRAND PRIX (1 O,OPEN,2,,10226678,MILES F ARDAMAN,2443 => 2446 (R),W
393,1996 BERMUDA INTERNATIONAL,OPEN,4,,12671116,STEFAN LOEFFLER,2472 => 2474 (R),W
394,19TH NEWTON OPEN,,3,,10009201,JOHN A CURDO,2400 => 2397 (R),W
395,6TH JOE SPARKS OPEN,MASTERS,2,,11475388,ROBIN CUNNINGHAM,2434 => 2448 (R),D
396,6TH JOE SPARKS OPEN,MASTERS,5,,12496662,JORGE E SAMMOUR-HASBUN,2427 => 2433 (R),W
397,13TH ANNUAL SAND REGENCY WESTE,OPEN,2,,12486625,ROSENDO BALINAS JR.,2437 => 2451 (R),L
398,62ND GREATER BOSTON OPEN,OPEN,3,,10012571,WILLIAM J KELLEHER,2417 => 2429 (R),W
399,23RD ANNUAL WORLD OPEN,OPEN,3,,11126545,EMORY TATE,2456 => 2467 (R),L
400,23RD ANNUAL WORLD OPEN,OPEN,5,,10439949,ANTHONY F SAIDY,2416 => 2416 (R),W
401,23RD ANNUAL WORLD OPEN,OPEN,9,,12531518,NELSON GAMBOA,2483 => 2505 (R),L
402,2ND ANNUAL PCA/INTEL NY QUALIF,,2,,12655638,KETEVA ARAKHAMIA-GRANT,2474 => 2454 (R),W
403,2ND ANNUAL PCA/INTEL NY QUALIF,,4,,12496662,JORGE E SAMMOUR-HASBUN,2442 => 2429 (R),W
404,2ND ANNUAL PCA/INTEL NY QUALIF,,8,,11126545,EMORY TATE,2449 => 2451 (R),L
405,1995 NATIONAL OPEN,OPEN,5,,10125260,ARTHUR B BISGUIER,2448 => 2459 (R),L
406,JOHN CURDO OPEN,MASTER/EXP,3,,10009201,JOHN A CURDO,2423 => 2434 (R),D
407,1995 New York Open,Open,5,,10141591,JONATHAN YEDIDIA,2450 => 2466 (R),W
408,1995 New York Open,Open,7,,11126545,EMORY TATE,2474 => 2470 (R),W
409,1995 BERMUDA INTERNATIONAL OPE,,3,,12452281,SOPHIA POLGAR,2408 => 2437 (R),D
410,1995 BERMUDA INTERNATIONAL OPE,,4,,10075475,ANDREW E SOLTIS,2485 => 2498 (R),D
411,1995 BERMUDA INTERNATIONAL OPE,,5,,12435545,JOSHUA WAITZKIN,2474 => 2474 (R),W
412,1995 MERMAID BEACH CLUB GRANDM,,1,,12472680,ALEXANDRE LE SIEGE,2497 => 2523 (R),L
413,1995 MERMAID BEACH CLUB GRANDM,,4,,12438374,DAVID NORWOOD,2449 => 2472 (R),L
414,1995 MERMAID BEACH CLUB GRANDM,,5,,12596347,GIOVANNI VESCONI,2431 => 2457 (R),L
415,1995 MERMAID BEACH CLUB GRANDM,,9,,12435545,JOSHUA WAITZKIN,2481 => 2474 (R),W
416,1995 MERMAID BEACH CLUB GRANDM,,10,,12452281,SOPHIA POLGAR,2419 => 2408 (R),D
417,JOE SPARK'S 5TH NEW ENGLAND AC,SEC 1,4,,10012571,WILLIAM J KELLEHER,2436 => 2436 (R),W
418,1994 EASTERN OPEN,OPEN,5,,10099277,WILLIAM MORRISON,2490 => 2501 (R),W
419,3RD NEW ENGLAND CLASS CHAMPION,MASTERS!,2,,10012571,WILLIAM J KELLEHER,2446 => 2439 (R),W
420,17TH ANNUAL MONADNOCK MARATHON,,4,,10558409,DAVID WILLIAM GRIEGO,2486 => 2471 (R),W
421,17TH ANNUAL MONADNOCK MARATHON,,11,,10558409,DAVID WILLIAM GRIEGO,2486 => 2471 (R),W
422,1994 NAT'L US CHAMPIONSHIP,,14,,12536729,BORIS KREIMAN,2432 => 2448 (R),L
423,61ST GREATER BOSTON OPEN,OPEN,4,,10012571,WILLIAM J KELLEHER,2429 => 2446 (R),D
424,54TH NEW ENGLAND OPEN,OPEN,3,,10093619,CHARLES HERTAN,2471 => 2480 (R),W
425,54TH NEW ENGLAND OPEN,OPEN,4,,10010985,CHRISTOPHER W CHASE,2415 => 2422 (R),W
426,54TH NEW ENGLAND OPEN,OPEN,5,,10558409,DAVID WILLIAM GRIEGO,2485 => 2486 (R),W
427,VERMONT RESORT OPEN,OPEN,4,,10108756,DANNY KOPEC,2482 => 2487 (R),D
428,NEW YORK STATE OPEN,OPEN,3,,12093120,RONALD WAYNE BURNETT,2473 => 2495 (R),D
429,NEW YORK STATE OPEN,OPEN,4,,10349257,EDWARD WILLIAM FORMANEK,2407 => 2397 (R),W
430,SOUTHERN NEW ENGLAND CLASS CH.,MASTER/EXP,3,,12093120,RONALD WAYNE BURNETT,2448 => 2473 (R),D
431,44TH NEW HAMPSHIRE OPEN,CHAMP,3,,10558409,DAVID WILLIAM GRIEGO,2474 => 2485 (R),W
432,4TH NEW ENGLAND MASTERS,,3,,12536315,JACOB RASIN,2440 => 2453 (R),D
433,22ND ANNUAL WORLD OPEN,OPEN,4,,10018790,JOSEPH H FANG,2425 => 2454 (R),D
434,22ND ANNUAL WORLD OPEN,OPEN,7,,12612252,CHARLES I KALME,2451 => 2450 (R),W
435,3RD ANNUAL CHICAGO OPEN,OPEN,2,,12559845,ANGELO YOUNG,2442 => 2431 (R),L
436,3RD ANNUAL CHICAGO OPEN,OPEN,5,,12567696,MARTIN OLESEN,2415 => 2434 (R),W
437,NAT'L 1994 NATIONAL OPEN,OPEN,6,,12580142,LEONID FILATOV,2408 => 2415 (R),W
438,NEW YORK OPEN - 1994,OPEN,9,,10098327,MR. JAY RICHARD BONIN,2464 => 2479 (R),W
439,MID-AMERICA CLASS CHAMPIONSHIP,MASTER,2,,10125260,ARTHUR B BISGUIER,2470 => 2438 (R),W
440,GULF COAST OPEN,OPEN,4,,10349257,EDWARD WILLIAM FORMANEK,2419 => 2420 (R),W
441,EASTERN CLASS CHAMPIONSHIPS,MASTERS,2,,10558409,DAVID WILLIAM GRIEGO,2479 => 2477 (R),W
442,EASTERN CLASS CHAMPIONSHIPS,MASTERS,3,,10108756,DANNY KOPEC,2464 => 2482 (R),L
443,PACIFIC COAST OPEN,OPEN,3,,12538562,JESSE NOEL SALES,2428 => 2436 (R),W
444,18TH QUEEN CITY OPEN,OPEN,4,,12563122,IGOR FOYGEL,2499 => 2510 (R),D
445,BERMUDA INTERNATIONAL OPEN,,3,,10009201,JOHN A CURDO,2404 => 2403 (R),W
446,BERMUDA INTERNATIONAL OPEN,,4,,10125260,ARTHUR B BISGUIER,2450 => 2458 (R),D
447,17TH NEWTON OPEN,OPEN,3,,12563122,IGOR FOYGEL,2489 => 2499 (R),D
448,17TH NEWTON OPEN,OPEN,4,,10009201,JOHN A CURDO,2401 => 2404 (R),W
449,JOE SPARK'S 4TH NEW ENGLAND AC,OPEN,5,,10012571,WILLIAM J KELLEHER,2428 => 2435 (R),W
450,3RD  ANNUAL NORTH AMERICAN OPEN,OPEN,3,,10141591,JONATHAN YEDIDIA,2415 => 2431 (R),W
451,3RD  ANNUAL NORTH AMERICAN OPEN,OPEN,4,,10349842,ANDREW KARKLINS,2453 => 2454 (R),W
452,4TH ANNUAL MASSACHUSETTS G/60,OPEN,1,,12536315,JACOB RASIN,2451 => 2444 (R),W
453,4TH ANNUAL MASSACHUSETTS G/60,OPEN,2,,10558409,DAVID WILLIAM GRIEGO,2467 => 2472 (R),W
454,4TH ANNUAL MASSACHUSETTS G/60,OPEN,3,,12563122,IGOR FOYGEL,2479 => 2478 (R),D
455,WESTERN STATES OPEN XI,OPEN,2,,10421667,KEN LARSEN,2408 => 2428 (R),L
456,SOUTHERN CLASS CHAMPIONSHIPS,MASTER/EXP,5,,12514746,MARTYN JOHN CORDEN,2436 => 2444 (R),D
457,CALLO/DIAZ OPEN,,4,,10226678,MILES F ARDAMAN,2441 => 2443 (R),W
458,CALLO/DIAZ OPEN,,5,,12604378,CARLOMAGNO OBLITAS,2475 => 2463 (R),D
459,60TH GREATER BOSTON OPEN,OPEN,4,,10093619,CHARLES HERTAN,2474 => 2485 (R),L
460,53RD NEW ENGLAND OPEN,OPEN,2,,10018790,JOSEPH H FANG,2426 => 2445 (R),D
461,53RD NEW ENGLAND OPEN,OPEN,3,,10010985,CHRISTOPHER W CHASE,2425 => 2424 (R),W
462,53RD NEW ENGLAND OPEN,OPEN,6,,10093619,CHARLES HERTAN,2462 => 2474 (R),D
463,4TH ANNUAL VERMONT RESORT OPEN,OPEN,5,,10108756,DANNY KOPEC,2480 => 2478 (R),W
464,94TH ANNUAL US OPEN - 1993,,6,,12578159,MIKULAS MANIK,2447 => 2444 (R),W
465,SOUTHERN OPEN,OPEN,4,,10439949,ANTHONY F SAIDY,2485 => 2491 (R),W
466,21ST ANNUAL WORLD OPEN,OPEN,6,,12513247,RELAN MAGBANUA,2440 => 2422 (R),W
467,NAT'L 1993 NATIONAL OPEN,OPEN,5,,10439949,ANTHONY F SAIDY,2474 => 2485 (R),D
468,NEW YORK OPEN 1993,OPEN,2,,12435545,JOSHUA WAITZKIN,2429 => 2451 (R),L
469,NEW YORK OPEN 1993,OPEN,3,,12596343,RAFAEL KLOVSKY,2470 => 2463 (R),D
470,NEW YORK OPEN 1993,OPEN,5,,11299083,ALBERT C CHOW,2429 => 2428 (R),D
471,NEW YORK OPEN 1993,OPEN,6,,12596346,ALEKSANDER DRANOV,2440 => 2432 (R),W
472,NEW YORK OPEN 1993,OPEN,7,,12472680,ALEXANDRE LE SIEGE,2496 => 2492 (R),W
473,NEW YORK OPEN 1993,OPEN,9,,12596334,ZOLTAN ALMASI,2490 => 2508 (R),D
474,EASTERN CLASS CHAMPIONSHIPS,MASTER-EXP,3,,10018790,JOSEPH H FANG,2411 => 2444 (R),L
475,EASTERN CLASS CHAMPIONSHIPS,MASTER-EXP,4,,10019371,GIROME S BONO,2424 => 2424 (R),W
476,EASTERN CLASS CHAMPIONSHIPS,MASTER-EXP,5,,10141591,JONATHAN YEDIDIA,2453 => 2451 (R),W
477,17TH QUEEN CITY OPEN,OPEN,2,,10558409,DAVID WILLIAM GRIEGO,2478 => 2474 (R),W
478,17TH QUEEN CITY OPEN,OPEN,4,,10009201,JOHN A CURDO,2448 => 2444 (R),W
479,4TH NOR'EASTER,OPEN,1,,10141591,JONATHAN YEDIDIA,2450 => 2453 (R),W
480,4TH NOR'EASTER,OPEN,2,,10093619,CHARLES HERTAN,2464 => 2451 (R),W
481,4TH NOR'EASTER,OPEN,4,,10558409,DAVID WILLIAM GRIEGO,2474 => 2477 (R),W
482,8TH CAPITAL DISTRICT OPEN,,4,,12418951,RON BUCKMIRE,2420 => 2419 (R),W
483,1993 NEWTON OPEN,OPEN,2,,10141591,JONATHAN YEDIDIA,2463 => 2470 (R),W
484,J SPARKS 3RD NEW ENGLAND ACTIO,,4,,10558409,DAVID WILLIAM GRIEGO,2476 => 2478 (R),W
485,J SPARKS 3RD NEW ENGLAND ACTIO,,5,,12536315,JACOB RASIN,2472 => 2479 (R),W
486,3RD ANN MASSACHUSETTS OPEN(STA,OPEN,2,,12536315,JACOB RASIN,2472 => 2468 (R),W
487,NEW ENGLAND CLASS CHAMPIONSHIP,MASTER-EXP,2,,10141591,JONATHAN YEDIDIA,2443 => 2443 (R),W
488,NEW ENGLAND CLASS CHAMPIONSHIP,MASTER-EXP,3,,10012571,WILLIAM J KELLEHER,2421 => 2437 (R),W
489,NEW ENGLAND CLASS CHAMPIONSHIP,MASTER-EXP,4,,12563122,IGOR FOYGEL,2492 => 2506 (R),D
490,NEW ENGLAND CLASS CHAMPIONSHIP,MASTER-EXP,5,,12576372,JOSEF VATNIKOV,2424 => 2423 (R),W
491,WESTERN MASS CLASSIC,OPEN,4,,10361877,JOHN L READEY,2439 => 2433 (R),W
492,MIDWEST CLASS CHAMPIONSHIPS,MASTER,2,,12559845,ANGELO YOUNG,2456 => 2451 (R),W
493,20TH ANNUAL WORLD OPEN,OPEN,3,,12265370,AVIV FRIEDMAN,2443 => 2458 (R),W
494,20TH ANNUAL WORLD OPEN,OPEN,5,,12357030,MAURICE A ASHLEY,2485 => 2490 (R),W
495,20TH ANNUAL WORLD OPEN,OPEN,8,,11126545,EMORY TATE,2458 => 2441 (R),W
496,1ST ANNUAL CHICAGO OPEN,OPEN,3,,12559845,ANGELO YOUNG,2468 => 2457 (R),W
497,VERMONT RESORT OPEN,OPEN,2,,10123844,ROBERT M SULMAN,2423 => 2406 (R),W
498,VERMONT RESORT OPEN,OPEN,4,,10349257,EDWARD WILLIAM FORMANEK,2466 => 2468 (R),W
499,1992 NEW YORK OPEN,OPEN,2,,12472680,ALEXANDRE LE SIEGE,2428 => 2443 (R),W
500,1992 NEW YORK OPEN,OPEN,6,,10076994,ASA HOFFMANN,2466 => 2471 (R),W
501,NOR'EASTER OPEN,OPEN,4,,10009201,JOHN A CURDO,2439 => 2439 (R),W
502,KINGS ISLAND OPEN,OPEN,2,,10349257,EDWARD WILLIAM FORMANEK,2468 => 2495 (R),D
503,KINGS ISLAND OPEN,OPEN,3,,11288499,SHELBY D GETZ,2404 => 2419 (R),D
504,KINGS ISLAND OPEN,OPEN,5,,11050115,LARRY REMLINGER,2462 => 2469 (R),D
505,MID-AMERICA CLASS CHAMP IN CHI,MASTER,3,,10125260,ARTHUR B BISGUIER,2473 => 2492 (R),W
506,8TH WOODSTOCK OPEN (TOUR DE MA,OPEN,1,,12536315,JACOB RASIN,2450 => 2445 (R),W
507,8TH WOODSTOCK OPEN (TOUR DE MA,OPEN,4,,10558409,DAVID WILLIAM GRIEGO,2496 => 2501 (R),D
508,16TH QUEEN CITY OPEN,OPEN,2,,10009201,JOHN A CURDO,2441 => 2432 (R),W
509,16TH QUEEN CITY OPEN,OPEN,3,,10558409,DAVID WILLIAM GRIEGO,2498 => 2496 (R),W
510,16TH QUEEN CITY OPEN,OPEN,4,,10093619,CHARLES HERTAN,2475 => 2476 (R),W
511,7TH CAPITAL DISTRICT OPEN,,5,,12418951,RON BUCKMIRE,2423 => 2423 (R),W
512,7TH CAPITAL DISTRICT OPEN,,6,,10349257,EDWARD WILLIAM FORMANEK,2494 => 2497 (R),D
513,15TH NEWTON OPEN,OPEN,2,,12536315,JACOB RASIN,2433 => 2427 (R),W
514,15TH NEWTON OPEN,OPEN,4,,10093619,CHARLES HERTAN,2478 => 2475 (R),W
515,EASTERN OPEN,OPEN,2,,12422448,JOSE LAHOZ,2412 => 2411 (R),W
516,EASTERN OPEN,OPEN,3,,10194377,RICHARD K DELAUNE JR.,2434 => 2442 (R),L
517,EASTERN OPEN,OPEN,4,,10242088,CURT JONES,2409 => 2411 (R),W
518,EASTERN OPEN,OPEN,7,,12265370,AVIV FRIEDMAN,2423 => 2422 (R),W
519,NATIONAL CHESS CONGRESS,MASTER SEC,2,,12543152,STAN EUGENE GARBER,2409 => 2424 (R),L
520,NATIONAL CHESS CONGRESS,MASTER SEC,6,,12357030,MAURICE A ASHLEY,2485 => 2474 (R),W
521,8TH METRO OPEN TOUR DE MACA EV,OPEN,2,,10009201,JOHN A CURDO,2445 => 2462 (R),L
522,NASHUA FALL GAME/60,OPEN,3,,10012571,WILLIAM J KELLEHER,2412 => 2422 (R),W
2,91ST MASSACHUSETTS OPEN,CHAMPIONSHIP,4,B,12627196,EUGENE PERELSHTEYN,2589 => 2592 (R),D
3,11TH ANNUAL BOSTON CHESS CONGRESS!,PREMIER SECTION!,4,B,14958890,FIDEL CORRALES JIMENEZ,2595 => 2589 (R),D
4,81ST NEW ENGLAND OPEN,CHAMPIONSHIP,4,W,12627196,EUGENE PERELSHTEYN,2576 => 2589 (R),D
5,81ST NEW ENGLAND OPEN,CHAMPIONSHIP,6,B,13433622,DENYS K SHMELOV,2515 => 2509 (R),D
6,52ND ANNUAL CONTINENTAL OPEN,MASTER,6,W,16041488,JASON LIANG,2535 => 2541 (R),D
7,30TH ANNUAL EASTERN CLASS!,MASTERS!,5,B,12707937,MARK PARAGUA,2558 => 2566 (R),D
8,8TH ANNUAL BOSTON CHESS CONGRESS!,PREMIER SECTION!,2,W,15756217,GIL POPILSKI,2549 => 2525 (R),W
9,8TH ANNUAL BOSTON CHESS CONGRESS!,PREMIER SECTION!,3,W,14958890,FIDEL CORRALES JIMENEZ,2584 => 2601 (R),D
10,HARRY NELSON PILLSBURY MEMORIAL,OPEN,4,B,13433622,DENYS K SHMELOV,2518 => 2521 (R),L
11,86TH GREATER BOSTON OPEN,OPEN,4,B,13433622,DENYS K SHMELOV,2516 => 2518 (R),D
12,10TH ANNUAL HARTFORD OPEN!,MAJOR SECTION!,5,W,13714735,DAVID BERCZES,2556 => 2558 (R),D
13,49TH ANNUAL CONTINENTAL OPEN,PREMIER,3,B,14056673,PRAVEEN BALAKRISHNAN,2538 => 2544 (R),D
14,HARRY NELSON PILLSBURY MEMORIAL,OPEN,4,B,13433622,DENYS K SHMELOV,2543 => 2543 (R),W
15,4TH ANNUAL STAMFORD OPEN!,MAJOR SECTION!,5,B,14380771,DAVID BRODSKY,2517 => 2515 (R),W
16,WESTFORD OCTOBER OPEN,CHAMPIONSHIP,3,B,14958890,FIDEL CORRALES JIMENEZ,2587 => 2590 (R),L
17,CAMBRIDGE SUMMER IM NORM INVITATIONAL,IM NORM,7,W,13433622,DENYS K SHMELOV,2555 => 2552 (R),D
18,87TH MASSACHUSETTS OPEN,CHAMPIONSHIP,4,W,13052087,MIKA BRATTAIN,2504 => 2515 (R),L
19,2018 SACO OPEN,OPEN,3,B,13468545,AMAN HAMBLETON,2523 => 2523 (R),D
20,LAND OF THE SKY XXXI,OPEN,5,B,12534917,ALEX YERMOLINSKY,2587 => 2585 (R),D
21,6TH ANNUAL BOSTON CHESS CONGRESS,PREMIER,4,B,12796611,STEVEN ZIERK,2562 => 2556 (R),W
22,BCF MASTERS SUNDAY,OPEN,2,B,13433622,DENYS K SHMELOV,2519 => 2516 (R),W
23,GREATER PHILADELPHIA WEEKEND OPEN,PREMIER,3,W,12602587,BRYAN G SMITH,2500 => 2511 (R),L
24,77TH NEW ENGLAND OPEN,CHAMPIONSHIP,5,W,13433622,DENYS K SHMELOV,2513 => 2524 (R),D
25,47TH ANNUAL CONTINENTAL OPEN,OPEN,4,W,14955836,PRIYADHARSHAN KANNAPPAN,2588 => 2599 (R),D
26,47TH ANNUAL CONTINENTAL OPEN,OPEN,5,B,11257585,SERGEY KUDRIN,2559 => 2551 (R),D
27,67TH NEW HAMPSHIRE OPEN,OPEN,3,W,13433622,DENYS K SHMELOV,2508 => 2517 (R),D
28,2ND ANNUAL WORLD OPEN SENIOR,OPEN,3,B,11257585,SERGEY KUDRIN,2558 => 2561 (R),D
29,QUEEN CITY IM NORM,NORM,3,B,14955795,LEVAN BREGADZE,2551 => 2559 (R),D
30,QUEEN CITY IM NORM,NORM,4,B,13433622,DENYS K SHMELOV,2507 => 2498 (R),D
31,QUEEN CITY IM NORM,NORM,8,W,14955795,LEVAN BREGADZE,2551 => 2559 (R),L
32,QUEEN CITY IM NORM,NORM,10,W,13433622,DENYS K SHMELOV,2507 => 2498 (R),W
33,BACK BAY OPEN,CHAMPIONSHIP,3,B,12627196,EUGENE PERELSHTEYN,2593 => 2594 (R),D
34,HARRY NELSON PILLSBURY MEMORIAL,OPEN,4,,13433622,DENYS K SHMELOV,2511 => 2512 (R),L
35,BCF FALL FIDE FESTIVAL,OPEN,3,B,13433622,DENYS K SHMELOV,2512 => 2511 (R),D
36,2016 RENO WESTERN STATES OPEN,OPEN,5,W,11257585,SERGEY KUDRIN,2579 => 2586 (R),D
37,46TH ANNUAL CONTINENTAL OPEN,OPEN,4,W,10047871,MICHAEL A ROHDE,2504 => 2510 (R),W
38,46TH ANNUAL CONTINENTAL OPEN,OPEN,5,B,11257585,SERGEY KUDRIN,2576 => 2585 (R),D
39,25TH ANNUAL EASTERN CLASS CHAMPIONSHIPS,MASTER,5,W,11257585,SERGEY KUDRIN,2563 => 2562 (R),D
40,NEW ENGLAND MASTERS,MASTERS,6,,12945617,DARWIN YANG,2569 => 2581 (R),D
41,4TH ANNUAL BOSTON CHESS CONGRESS,PREMIER,4,W,15756223,DANI RAZNIKOV,2582 => 2581 (R),W
42,MILLIONAIRE CHESS OPEN 2,OPEN,6,B,13557810,DIONISIO ALDAMA,2522 => 2517 (R),L
43,45TH ANNUAL CONTINENTAL OPEN,OPEN,4,,12796611,STEVEN ZIERK,2590 => 2579 (R),W
44,45TH ANNUAL CONTINENTAL OPEN,OPEN,5,,11257585,SERGEY KUDRIN,2570 => 2582 (R),D
45,2015 U.S. SENIOR OPEN CHESS CHAMPIONSHIP,OPEN,5,,12212800,DMITRY GUREVICH,2546 => 2548 (R),D
46,21ST ANNUAL NORTHEAST OPEN,OPEN!,4,,12627196,EUGENE PERELSHTEYN,2590 => 2592 (R),D
47,84TH MASSACHUSETTS OPEN,CHAMPIONSHIP,3,,12426279,DAVID VIGORITO,2508 => 2508 (R),W
48,24TH ANNUAL EASTERN CLASS CHAMPIONSHIPS,MASTER,5,,11257585,SERGEY KUDRIN,2580 => 2597 (R),D
49,2015 RENO LARRY EVANS MEMORIAL OPEN,OPEN,5,,10991820,JAMES EDWARD TARJAN,2550 => 2549 (R),D
50,2015 RENO LARRY EVANS MEMORIAL OPEN,OPEN,6,,11257585,SERGEY KUDRIN,2581 => 2580 (R),D
51,SACO OPEN,OPEN,3,,12426279,DAVID VIGORITO,2512 => 2517 (R),D
52,LAND OF THE SKY XXVIII,OPEN,5,B,11264417,BENJAMIN P FINEGOLD,2593 => 2593 (R),D
53,PORTSMOUTH OPEN,OPEN,4,,12426279,DAVID VIGORITO,2516 => 2522 (R),D
54,BOSTON CHESS CONGRESS,PREMIER,4,,14958890,FIDEL CORRALES JIMENEZ,2585 => 2598 (R),D
55,BOSTON CHESS CONGRESS,PREMIER,5,,12796611,STEVEN ZIERK,2543 => 2559 (R),L
56,41ST ANNUAL EASTERN OPEN,OPEN,4,,12445752,DEAN J IPPOLITO,2554 => 2551 (R),D
57,HARRY NELSON PILLSBURY MEMORIAL,OPEN,3,,12426279,DAVID VIGORITO,2524 => 2519 (R),D
58,EASTERN CHESS CONGRESS,PREMIER,5,,11257585,SERGEY KUDRIN,2588 => 2583 (R),W
59,2014 RENO WESTERN STATES OPEN CHESS,OPEN,5,,12650696,ENRICO SEVILLANO,2532 => 2538 (R),D
60,2014 RENO WESTERN STATES OPEN CHESS,OPEN,6,,15229287,ANDREY GOROVETS,2589 => 2594 (R),D
61,5TH ANNUAL HARTFORD OPEN,OPEN!,5,,13493815,SAMUEL SEVIAN,2585 => 2590 (R),L
62,WEST NEWBURY OPEN,OPEN,3,,12426279,DAVID VIGORITO,2524 => 2531 (R),D
63,KEENE OPEN,OPEN,4,,12426279,DAVID VIGORITO,2519 => 2524 (R),D
64,44TH ANNUAL CONTINENTAL OPEN,OPEN,3,,20008479,MARC ESSERMAN,2528 => 2534 (R),L
65,PORTSMOUTH OPEN,OPEN,3,,12426279,DAVID VIGORITO,2508 => 2514 (R),D
66,83RD MASSACHUSETTS OPEN,CHAMP,3,,12563122,IGOR FOYGEL,2524 => 2514 (R),D
67,SACO OPEN,OPEN,3,,12426279,DAVID VIGORITO,2500 => 2505 (R),D
68,BOSTON CHESS CONGRESS,PREMIER,5,,12627196,EUGENE PERELSHTEYN,2558 => 2554 (R),D
69,40TH EASTERN OPEN,OPEN,4,,12807422,MIKHEIL KEKELIDZE,2550 => 2544 (R),L
70,40TH EASTERN OPEN,OPEN,6,,12602587,BRYAN G SMITH,2553 => 2562 (R),D
71,31ST ANNUAL RENO WESTERN STATES OPE,OPEN,2,,12796667,JOHN D BRYANT,2502 => 2485 (R),D
72,31ST ANNUAL RENO WESTERN STATES OPE,OPEN,3,,12650696,ENRICO SEVILLANO,2543 => 2555 (R),D
73,31ST ANNUAL RENO WESTERN STATES OPE,OPEN,6,,12827326,MELIKSET KHACHIYAN,2598 => 2608 (R),D
74,80TH GREATER BOSTON OPEN,OPEN,3,,12426279,DAVID VIGORITO,2513 => 2524 (R),D
75,YORK COUNTY OPEN,OPEN,3,,12426279,DAVID VIGORITO,2509 => 2513 (R),D
76,43RD ANNUAL CONTINENTAL OPEN,OPEN!,3,,12627196,EUGENE PERELSHTEYN,2549 => 2538 (R),D
77,114TH ANNUAL US OPEN - 2013,OPEN,5,,12790312,ROBERT HUNGASKI,2541 => 2557 (R),D
78,18TH BRADLEY OPEN,OPEN,3,,12807422,MIKHEIL KEKELIDZE,2576 => 2587 (R),L
79,2013 U.S. SENIOR OPEN CHESS CHAMPIONSHIP,SENIOR,6,,11257585,SERGEY KUDRIN,2576 => 2579 (R),D
80,82ND MASSACHUSETTS OPEN,CHAMPIONSHIP,3,,12913092,ROBERT M PEREZ,2500 => 2521 (R),D
81,82ND MASSACHUSETTS OPEN,CHAMPIONSHIP,5,,12426279,DAVID VIGORITO,2550 => 2541 (R),D
82,2013 U.S. CHAMPIONSHIP,SECTION1,4,B,12939342,KAYDEN WILLIAM TROFF,2505 => 2542 (R),D
83,2013 U.S. CHAMPIONSHIP,SECTION1,5,W,11264417,BENJAMIN P FINEGOLD,2573 => 2579 (R),D
84,SACO OPEN,OPEN,3,,12426279,DAVID VIGORITO,2541 => 2547 (R),D
85,2013 RENO LARRY EVANS MEMORIAL,OPEN,5,,11257585,SERGEY KUDRIN,2572 => 2580 (R),D
86,CAPITAL CITY OPEN,OPEN,3,,12426279,DAVID VIGORITO,2555 => 2560 (R),D
87,"CMC FEB,16,2013",OPEN,2,,12913092,ROBERT M PEREZ,2526 => 2531 (R),W
88,"FEB,02,2013",MASTERS,3,,12913092,ROBERT M PEREZ,2515 => 2526 (R),D
89,PORTSMOUTH OPEN,OPEN,3,,12426279,DAVID VIGORITO,2559 => 2565 (R),D
90,BOSTON CHESS CONGRESS,PREMIER,2,,20008479,MARC ESSERMAN,2549 => 2551 (R),D
91,HARRY NELSON PILLSBURY MEMORIAL,OPEN,4,,12426279,DAVID VIGORITO,2560 => 2559 (R),W
92,BURLINGTON OPEN,OPEN,2,,12426279,DAVID VIGORITO,2557 => 2560 (R),W
93,BURLINGTON OPEN,OPEN,4,,12627196,EUGENE PERELSHTEYN,2599 => 2602 (R),D
94,SEACOAST OPEN,OPEN,3,,12426279,DAVID VIGORITO,2541 => 2547 (R),D
95,WESTERN STATES OPEN,OPEN,3,,14479038,ROMAN YANKOVSKY,2561 => 2571 (R),D
96,WESTERN STATES OPEN,OPEN,4,,12827326,MELIKSET KHACHIYAN,2535 => 2546 (R),D
97,WESTERN STATES OPEN,OPEN,5,,12796667,JOHN D BRYANT,2518 => 2510 (R),W
98,"OCTOBER 20, 2012",OPEN,3,,12913092,ROBERT M PEREZ,2501 => 2533 (R),L
99,134TH NYS CHAMPIONSHIP,OPEN,3,,12602587,BRYAN G SMITH,2500 => 2515 (R),D
100,42ND CONTINENTAL OPEN,OPEN,3,,20008479,MARC ESSERMAN,2546 => 2536 (R),D
101,42ND CONTINENTAL OPEN,OPEN,4,,12543137,IRINA KRUSH,2505 => 2516 (R),D
102,81ST MASSACHUSETTS OPEN,OPEN,3,,12913092,ROBERT M PEREZ,2519 => 2529 (R),D
103,81ST MASSACHUSETTS OPEN,OPEN,5,,13433622,DENYS K SHMELOV,2501 => 2512 (R),D
104,81ST MASSACHUSETTS OPEN,OPEN,6,,12426279,DAVID VIGORITO,2557 => 2548 (R),W
105,23RD  ANNUAL VERMONT RESORT OPEN!,OPEN!,3,,12561884,JUSTIN J SARKAR,2517 => 2504 (R),D
106,21ST ANNUAL EASTERN CLASS,MASTER,2,,12593986,JOSHUA E FRIEDEL,2593 => 2583 (R),D
107,PORTSMOUTH OPEN,OPEN,3,,12426279,DAVID VIGORITO,2555 => 2553 (R),D
108,2011 EASTERN OPEN,OPEN,4,,12445752,DEAN J IPPOLITO,2531 => 2546 (R),W
109,2011 EASTERN OPEN,OPEN,7,,12723905,TEGSHSUREN ENKHBAT,2516 => 2523 (R),D
110,EASTERN OPEN WARMUP TOURNEY,OPEN,3,,12723905,TEGSHSUREN ENKHBAT,2519 => 2516 (R),W
111,PILLSBURY MEMORIAL,OPEN,4,,12426279,DAVID VIGORITO,2549 => 2555 (R),D
112,42ND ANNUAL NATIONAL CHESS CONGRESS,PREMIER,6,,13291380,LEONID GERZHOY,2590 => 2596 (R),D
113,WESTERN STATES OPEN 2011,OPEN,3,,12650696,ENRICO SEVILLANO,2523 => 2509 (R),W
114,WESTERN STATES OPEN 2011,OPEN,4,,12662506,MACKENZIE S MOLNER,2502 => 2499 (R),W
115,16TH ANNUAL BRADLEY OPEN!,OPEN!,4,,12807422,MIKHEIL KEKELIDZE,2560 => 2561 (R),W
116,SEACOAST OPEN,OPEN,4,,12426279,DAVID VIGORITO,2548 => 2547 (R),W
117,80TH MASSACHUSETTS OPEN,OPEN,3,,13433622,DENYS K SHMELOV,2532 => 2530 (R),D
118,80TH MASSACHUSETTS OPEN,OPEN,4,,12426279,DAVID VIGORITO,2537 => 2548 (R),W
119,80TH MASSACHUSETTS OPEN,OPEN,5,,12563122,IGOR FOYGEL,2506 => 2514 (R),D
120,WHITE RIVER OPEN,OPEN,3,,13433622,DENYS K SHMELOV,2529 => 2531 (R),D
121,CMC SATURDAY 5-7-2011,OPEN,3,,13433622,DENYS K SHMELOV,2535 => 2529 (R),W
122,2011 U.S. CHAMPIONSHIP,GROUP A,3,,12892910,DANIEL A NARODITSKY,2530 => 2536 (R),W
123,2011 U.S. CHAMPIONSHIP,GROUP A,7,,12847250,RAY ROBSON,2585 => 2606 (R),L
124,EASTERN CLASS CHAMPIONSHIPS,MASTER,2,,12790312,ROBERT HUNGASKI,2537 => 2545 (R),W
125,EASTERN CLASS CHAMPIONSHIPS,MASTER,4,,13485890,JACEK STOPA,2541 => 2548 (R),W
126,EASTERN CLASS CHAMPIONSHIPS,MASTER,5,,20008479,MARC ESSERMAN,2531 => 2540 (R),D
127,2011 BERMUDA INTERNATIONAL OPEN,OPEN,3,,12577462,DMITRY SCHNEIDER,2525 => 2524 (R),W
128,37TH EASTERN OPEN,OPEN,4,,12602587,BRYAN G SMITH,2509 => 2499 (R),W
129,19TH KINGS ISLAND OPEN!,OPEN!,4,,12602587,BRYAN G SMITH,2543 => 2546 (R),D
130,28TH SANDS REGENCY WSO,OPEN,3,,12909023,SALVIJUS BERCYS,2514 => 2520 (R),D
131,28TH SANDS REGENCY WSO,OPEN,5,,12442362,JESSE KRAAI,2565 => 2575 (R),L
132,CONTINENTAL CLASS CHAMPIONSHIPS,MASTER,4,,12212800,DMITRY GUREVICH,2527 => 2537 (R),D
133,70TH NEW ENGLAND OPEN,CHAMP,4,,12627196,EUGENE PERELSHTEYN,2581 => 2586 (R),D
134,2010 U.S. SENIOR OPEN CHESS CHAMPIONSHIP,MAIN,5,,11257585,SERGEY KUDRIN,2580 => 2585 (R),D
135,CONTINENTAL OPEN,OPEN,6,,11257585,SERGEY KUDRIN,2585 => 2592 (R),D
136,15TH ANNUAL BRADLEY OPEN!,OPEN!,3,,12790312,ROBERT HUNGASKI,2533 => 2535 (R),D
137,15TH ANNUAL BRADLEY OPEN!,OPEN!,5,,12707937,MARK PARAGUA,2545 => 2559 (R),D
138,60TH NEW HAMPSHIRE OPEN,CHAMPION,3,,11257585,SERGEY KUDRIN,2580 => 2582 (R),W
139,38TH ANNUAL WORLD OPEN,OPEN,7,,12566496,YAACOV NOROWITZ,2532 => 2530 (R),L
140,SEACOAST OPEN,OPEN,3,,12426279,DAVID VIGORITO,2535 => 2542 (R),D
141,79TH MASSACHUSETTS OPEN,OPEN,6,,12563122,IGOR FOYGEL,2502 => 2518 (R),D
142,20TH MASSACHUSETTS G-60 CHAMPIONSHI,OPEN,7,,12563122,IGOR FOYGEL,2517 => 2505 (R),W
143,FREEPORT OPEN,OPEN,4,,12426279,DAVID VIGORITO,2526 => 2532 (R),D
144,2010 HARTFORD OPEN,OPEN,3,,12790312,ROBERT HUNGASKI,2506 => 2512 (R),W
145,2010 HARTFORD OPEN,OPEN,4,,20008479,MARC ESSERMAN,2503 => 2510 (R),W
146,2010 HARTFORD OPEN,OPEN,5,,11257585,SERGEY KUDRIN,2599 => 2608 (R),D
147,19TH ANNUAL EASTERN CLASS CHAMPS,MASTER,2,,20008479,MARC ESSERMAN,2509 => 2501 (R),W
148,19TH ANNUAL EASTERN CLASS CHAMPS,MASTER,3,,12807422,MIKHEIL KEKELIDZE,2581 => 2601 (R),D
149,32ND ANNUAL MARCHAND OPEN 2010,OPEN,5,,12900032,MAGESH PANCHANATHAN,2531 => 2538 (R),L
150,2010 BERMUDA OPEN,BERMUDA OP,5,,12566530,PASCAL CHARBONNEAU,2560 => 2566 (R),D
151,PORTSMOUTH OPEN,OPEN,4,,12426279,DAVID VIGORITO,2508 => 2517 (R),D
152,BCF $10 OPEN JAN 2010,OPEN,4,,12426279,DAVID VIGORITO,2503 => 2508 (R),D
153,36TH ANNUAL EASTERN OPEN,OPEN,4,,12445752,DEAN J IPPOLITO,2519 => 2535 (R),L
154,HARRY LYMAN MEMORIAL,OPEN,3,,12426279,DAVID VIGORITO,2501 => 2509 (R),D
155,69TH NEW ENGLAND OPEN,OPEN,3,,12563122,IGOR FOYGEL,2500 => 2512 (R),D
156,15TH ANNUAL NORTHEAST OPEN,OPEN,5,,12774447,OLIVER BARBOSA,2573 => 2574 (R),D
157,37TH ANNUAL WORLD OPEN,OPEN,9,,13291380,LEONID GERZHOY,2569 => 2600 (R),D
158,2009 BERMUDA OPEN,BERMUDA OP,4,,12566530,PASCAL CHARBONNEAU,2546 => 2552 (R),D
159,2009 BERMUDA OPEN,BERMUDA OP,5,,12445752,DEAN J IPPOLITO,2504 => 2512 (R),D
160,LAND OF THE SKY XXII,OPEN,4,,12602587,BRYAN G SMITH,2554 => 2560 (R),W
161,LAND OF THE SKY XXII,OPEN,5,,11257585,SERGEY KUDRIN,2591 => 2593 (R),D
162,35TH ANNUAL EASTERN OPEN,OPEN,5,,12847250,RAY ROBSON,2527 => 2542 (R),L
163,35TH ANNUAL EASTERN OPEN,OPEN,7,,12534917,ALEX YERMOLINSKY,2572 => 2599 (R),L
164,SOUTHERN NEW HAMPSHIRE OPEN,OPEN,3,,12627196,EUGENE PERELSHTEYN,2598 => 2601 (R),D
165,2008 PAN AMER. CONTINENTAL CHAMP.,PAN AM,3,,12847250,RAY ROBSON,2534 => 2527 (R),W
166,2008 PAN AMER. CONTINENTAL CHAMP.,PAN AM,9,,14054091,ALDER ESCOBAR FORERO,2529 => 2523 (R),W
167,UCONN SEPT.OPEN GRAND PRIX 2008,SECTION1,3,,11257585,SERGEY KUDRIN,2591 => 2593 (R),D
168,2008 MIAMI OPEN,OPEN,5,,13218305,DRASKO BOSKOVIC,2504 => 2502 (R),L
169,2008 MIAMI OPEN,OPEN,7,,12551720,VINAY S BHAT,2516 => 2523 (R),L
170,36TH ANNUAL WORLD OPEN,OPEN,4,,13992015,K RATHNAKARAN,2542 => 2554 (R),W
171,36TH ANNUAL WORLD OPEN,OPEN,5,,12493214,LUBOMIR FTACNIK,2577 => 2635 (R),D
172,36TH ANNUAL WORLD OPEN,OPEN,8,,12534917,ALEX YERMOLINSKY,2590 => 2607 (R),D
173,10TH NYS G/45 & LI CHESS NUTS SCHOL,OPEN,4,,12787646,ALEKSANDR LENDERMAN,2522 => 2533 (R),D
174,2008 FKB USA CHAMPIONSHIP,CHAMP,2,,11257585,SERGEY KUDRIN,2585 => 2611 (R),L
175,2008 FKB USA CHAMPIONSHIP,CHAMP,3,,12593986,JOSHUA E FRIEDEL,2513 => 2542 (R),D
176,2008 FKB USA CHAMPIONSHIP,CHAMP,4,,12534917,ALEX YERMOLINSKY,2584 => 2583 (R),L
177,2008 FKB USA CHAMPIONSHIP,CHAMP,7,,10604737,JOHN P FEDOROWICZ,2527 => 2541 (R),L
178,2008 FKB USA CHAMPIONSHIP,CHAMP,9,,12442362,JESSE KRAAI,2581 => 2572 (R),W
179,2008 FKB USA CH QUALIFIER FIDE OPEN,OPEN,4,,12534917,ALEX YERMOLINSKY,2568 => 2584 (R),D
180,2008 FKB USA CH QUALIFIER FIDE OPEN,OPEN,5,,11257585,SERGEY KUDRIN,2585 => 2586 (R),D
181,10TH ANNUAL FOXWOODS OPEN,FOX-OP,6,,12593986,JOSHUA E FRIEDEL,2527 => 2535 (R),W
182,10TH ANNUAL FOXWOODS OPEN,FOX-OP,9,,12566530,PASCAL CHARBONNEAU,2515 => 2524 (R),W
183,EASTERN CLASS CHAMPIONSHIPS,MASTER,4,,12496662,JORGE E SAMMOUR-HASBUN,2576 => 2575 (R),L
184,25TH SANDS REGENCY WSO,OPEN,5,,10488192,WALTER S BROWNE,2509 => 2512 (R),D
185,35TH ANNUAL WORLD OPEN,O,9,,12593986,JOSHUA E FRIEDEL,2548 => 2543 (R),W
186,FRANK K. BERRY U.S. CHAMPIONSHIP,USCHAMP200,4,,12827326,MELIKSET KHACHIYAN,2560 => 2574 (R),D
187,9TH ANNUAL FOXWOODS OPEN,FOX-OP,8,,12823402,DASHZEGVE SHARAVDORJ,2523 => 2522 (R),W
188,16TH EASTERN CLASS CHAMPIONSHIPS!,MASTERS!,5,,12496662,JORGE E SAMMOUR-HASBUN,2565 => 2576 (R),D
189,2006 GOVERNOR'S CUP,OPEN,3,,12893133,STANISLAU SMIATANKIN,2507 => 2512 (R),W
190,2006 GOVERNOR'S CUP,OPEN,5,,12534917,ALEX YERMOLINSKY,2584 => 2587 (R),D
191,24TH WESTERN STATES OPEN,OPEN,5,,12670753,GREGORY SERPER,2574 => 2582 (R),D
192,16TH ANNUAL EASTERN CHESS CONGRESS!,OPEN!,3,,11257585,SERGEY KUDRIN,2594 => 2603 (R),D
193,66TH NEW ENGLAND OPEN,OPEN,3,,12563122,IGOR FOYGEL,2536 => 2542 (R),D
194,CONTINENTAL OPEN,CONO,5,,12496662,JORGE E SAMMOUR-HASBUN,2566 => 2562 (R),W
195,CONTINENTAL OPEN,CONO,6,,11257585,SERGEY KUDRIN,2579 => 2594 (R),D
196,56TH NEW HAMPSHIRE OPEN,OPEN,3,,12593986,JOSHUA E FRIEDEL,2523 => 2531 (R),L
197,8TH ANNUAL FOXWOODS OPEN,FOX-OPEN,6,,12534917,ALEX YERMOLINSKY,2599 => 2601 (R),D
198,2006 US CHAMPIONSHIP,"""B""",3,,12627196,EUGENE PERELSHTEYN,2589 => 2592 (R),W
199,2006 US CHAMPIONSHIP,"""B""",6,,12739627,STANISLAV G KRIVENTSOV,2514 => 2521 (R),D
200,2006 US CHAMPIONSHIP,"""B""",7,,12528454,ALEKS WOJTKIEWICZ,2591 => 2593 (R),D
201,2006 US CHAMPIONSHIP,"""B""",8,,12536729,BORIS KREIMAN,2533 => 2542 (R),D
202,2006 NORTHEAST CHESS WINTER GETAWAY,OPEN,3,,10469007,NICK E DE FIRMIAN,2596 => 2602 (R),D
203,11TH GREEN MOUINTAIN OPEN!,OPEN!,2,,10469007,NICK E DE FIRMIAN,2582 => 2587 (R),D
204,23RD WESTERN STATES OPEN,OPEN SECTI,3,,12650696,ENRICO SEVILLANO,2533 => 2544 (R),W
205,65TH NEW ENGLAND OPEN,OPEN,6,,12563122,IGOR FOYGEL,2537 => 2529 (R),D
206,2005 NORTHEAST CHESS SUMMER GETAWAY,OPEN,1,,12908267,MIKHAIL SHUR,2566 => 2556 (R),L
207,33RD ANNUAL WORLD OPEN,WO-O,3,,12627196,EUGENE PERELSHTEYN,2576 => 2588 (R),D
208,33RD ANNUAL WORLD OPEN,WO-O,6,,12542086,GENNADY ZAITCHIK,2537 => 2548 (R),D
209,33RD ANNUAL WORLD OPEN,WO-O,9,,10604737,JOHN P FEDOROWICZ,2552 => 2560 (R),D
210,74TH MASSACHUSETTS OPEN,OPEN,3,,12563122,IGOR FOYGEL,2513 => 2530 (R),D
211,30TH HARVARD OPEN,OPEN,5,,12565070,GENNADY SAGALCHIK,2513 => 2519 (R),D
212,7TH ANNUAL FOXWOODS OPEN,FOX-OP,9,,12710197,NIKOLA MITKOV,2581 => 2587 (R),W
213,31ST ANNUAL EASTERN OPEN,OPEN,5,,12893133,STANISLAU SMIATANKIN,2527 => 2529 (R),D
214,22ND ANNUAL WESTERN STATES OPE,OPEN SECTI,3,,10488192,WALTER S BROWNE,2525 => 2514 (R),W
215,22ND ANNUAL WESTERN STATES OPE,OPEN SECTI,5,,12536729,BORIS KREIMAN,2524 => 2518 (R),W
216,64TH NEW ENGLAND OPEN,OPEN,5,,12456381,GILDARDO GARCIA,2523 => 2531 (R),D
217,NORTHEAST CHESS SUMMER GETAWAY,OPEN,2,,11257585,SERGEY KUDRIN,2599 => 2605 (R),D
218,CONTINENTAL OPEN,O,6,,12942362,ZIAUR RAHMAN,2584 => 2554 (R),W
219,32ND ANNUAL WORLD OPEN,OPEN!!,3,,10488192,WALTER S BROWNE,2517 => 2503 (R),D
220,32ND ANNUAL WORLD OPEN,OPEN!!,4,,12624969,PAVEL BLATNY,2522 => 2509 (R),W
221,32ND ANNUAL WORLD OPEN,OPEN!!,7,,12778049,JULIO J BECERRA,2589 => 2585 (R),W
222,CCA-ICC INTERNATIONAL,INTL,6,,12624969,PAVEL BLATNY,2531 => 2529 (R),W
223,CCA-ICC INTERNATIONAL,INTL,10,,12627196,EUGENE PERELSHTEYN,2581 => 2579 (R),D
224,13TH EASTERN CLASS CHAMPIONSHI,MASTERS!!,5,,12576446,ILDAR IBRAGIMOV,2560 => 2566 (R),D
225,MCC HALLOWEEN SWISS,OPEN,3,,12563122,IGOR FOYGEL,2517 => 2505 (R),D
226,21ST ANNUAL WESTERN STATES OPE,OPEN SECTI,6,,11486738,CYRUS F LAKDAWALA,2539 => 2541 (R),W
227,EDWARD LEVY MEMORIAL COLORADO,OPEN!!,5,,12801246,VICTOR MIKHALEVSKI,2580 => 2619 (R),L
228,EASTERN CHESS CONGRESS!,PREMIER!!,4,,12624969,PAVEL BLATNY,2537 => 2531 (R),D
229,CCA INTERNATIONAL,,6,,10270294,WILLIAM JOHN DONALDSON,2509 => 2536 (R),D
230,72ND MASSACHUSETTS OPEN!,OPEN,6,,12563122,IGOR FOYGEL,2527 => 2518 (R),D
231,MCC SPRING SWISS,OPEN,3,,12563122,IGOR FOYGEL,2532 => 2527 (R),W
232,GAME/90 CHAMPIONSHIP,OPEN,4,,12456381,GILDARDO GARCIA,2534 => 2541 (R),D
233,13TH MASSACHUSETTS GAME/60,OPEN,2,,12563122,IGOR FOYGEL,2538 => 2547 (R),L
234,2003 U. S. CHAMPIONSHIP!,CHAMPIONS!,6,,12627196,EUGENE PERELSHTEYN,2506 => 2497 (R),W
235,2003 U. S. CHAMPIONSHIP!,CHAMPIONS!,8,,20013106,GREG SHAHADE,2510 => 2495 (R),W
236,PILLSBURY MEMORIAL,OPEN,4,,12563122,IGOR FOYGEL,2509 => 2516 (R),D
237,62ND NEW ENGLAND OPEN,OPEN,6,,12456381,GILDARDO GARCIA,2536 => 2533 (R),D
238,34TH ATLANTIC OPEN!!,OPEN!!!,5,,12624969,PAVEL BLATNY,2566 => 2569 (R),W
239,32ND CONTINENTAL OPEN!!,HIKARU,4,,12801991,BABAKULI ANNAKOV,2521 => 2530 (R),D
240,32ND CONTINENTAL OPEN!!,HIKARU,5,,12775614,KAMIL MITON,2585 => 2603 (R),L
241,30TH ANNUAL WORLD OPEN,OPEN!,4,,12456381,GILDARDO GARCIA,2526 => 2531 (R),W
242,30TH ANNUAL WORLD OPEN,OPEN!,8,,12740522,VARUZHAN AKOBIAN,2576 => 2603 (R),L
243,71ST MASSACHUSETTS OPEN,OPEN,4,,12563122,IGOR FOYGEL,2553 => 2547 (R),W
244,9TH NY STATE OPEN!,OPEN,3,,12456381,GILDARDO GARCIA,2524 => 2526 (R),D
245,EDWARD LEVY MEMORIAL COLO CLAS,OPEN,2,,12524770,MICHAEL A MULYAR,2511 => 2524 (R),L
246,EDWARD LEVY MEMORIAL COLO CLAS,OPEN,4,,12536729,BORIS KREIMAN,2559 => 2551 (R),W
247,4TH ANNUAL FOXWOODS OPEN,OPEN,4,,12675584,ROLAND SCHMALTZ,2581 => 2586 (R),L
248,4TH ANNUAL FOXWOODS OPEN,OPEN,7,,12357030,MAURICE A ASHLEY,2522 => 2543 (R),D
249,2002 NATIONAL OPEN,OPEN,4,,12493863,EDUARD GUFELD,2530 => 2541 (R),D
250,2002 U. S. CHAMPIONSHIPS,,2,,12556361,IGOR KHMELNITSKY,2530 => 2540 (R),L
251,2002 U. S. CHAMPIONSHIPS,,4,,12237320,IGOR V IVANOV,2529 => 2543 (R),D
252,2002 U. S. CHAMPIONSHIPS,,5,,10488192,WALTER S BROWNE,2540 => 2548 (R),W
253,2002 U. S. CHAMPIONSHIPS,,6,,12077910,ALEXANDER FISHBEIN,2596 => 2592 (R),L
254,2001 NORTH EAST CHESS FALL GET,OPEN,3,,12650696,ENRICO SEVILLANO,2595 => 2591 (R),D
255,2001 NORTH EAST CHESS FALL GET,OPEN,4,,12456381,GILDARDO GARCIA,2548 => 2543 (R),W
256,19TH ANNUAL WESTERN STATES OPE,OPEN,6,,10488192,WALTER S BROWNE,2524 => 2534 (R),W
257,GOVENORS CUP OPEN,1,5,,12714318,VICTOR ADLER,2501 => 2492 (R),W
258,29TH ANNUAL WORLD OPEN,OPEN!!,9,,12357030,MAURICE A ASHLEY,2580 => 2579 (R),W
259,MCC SPRING SWISS,OPEN,4,,12563122,IGOR FOYGEL,2547 => 2552 (R),D
260,US - CHINA TEAM MATCH,,1,,12648249,XIE JUN,2564 => 2565 (R),W
261,US - CHINA TEAM MATCH,,3,,12648249,XIE JUN,2564 => 2565 (R),L
262,US - CHINA TEAM MATCH,,4,,12648249,XIE JUN,2564 => 2565 (R),W
263,10TH EASTERN CLASS CHAMPIONSHI,MASTERS,3,,12650696,ENRICO SEVILLANO,2560 => 2571 (R),L
264,2001 NORTH EAST CHESS GETAWAY,OPEN,5,,11257585,SERGEY KUDRIN,2592 => 2599 (R),D
265,2000 PILLSBURY MEMORIAL,OPEN,4,,12563122,IGOR FOYGEL,2512 => 2517 (R),D
266,60TH NEW ENGLAND OPEN,OPEN,6,,12456381,GILDARDO GARCIA,2570 => 2568 (R),W
267,11TH VERMONT RESORT OPEN,OPEN,5,,12715435,ALEXANDER STRIPUNSKY,2591 => 2598 (R),D
268,CONTINENTAL OPEN,OPEN,3,,12493863,EDUARD GUFELD,2556 => 2572 (R),L
269,CONTINENTAL OPEN,OPEN,4,,12357030,MAURICE A ASHLEY,2571 => 2571 (R),W
270,CONTINENTAL OPEN,OPEN,6,,12801867,DARMEN SADVAKASOV,2587 => 2595 (R),D
271,CONTINENTAL OPEN,OPEN,7,,11486738,CYRUS F LAKDAWALA,2551 => 2551 (R),W
272,50TH NEW HAMPSHIRE OPEN,CHAMP,3,,12563122,IGOR FOYGEL,2511 => 2520 (R),D
273,2ND CCA/CHESSWISE INTERNATIONA,,4,,12624969,PAVEL BLATNY,2598 => 2629 (R),L
274,2ND CCA/CHESSWISE INTERNATIONA,,5,,10270294,WILLIAM JOHN DONALDSON,2501 => 2513 (R),D
275,2ND CCA/CHESSWISE INTERNATIONA,,8,,12775614,KAMIL MITON,2528 => 2522 (R),W
276,2ND CCA/CHESSWISE INTERNATIONA,,9,,10488192,WALTER S BROWNE,2553 => 2537 (R),W
277,28TH ANNUAL WORLD OPEN,OPEN!,4,,12542086,GENNADY ZAITCHIK,2565 => 2561 (R),W
278,69TH MASSACHUSETTS OPEN,OPEN,6,,12563122,IGOR FOYGEL,2508 => 2516 (R),D
279,2ND ANNUAL FOXWOODS OPEN,OPEN!!,3,,12357030,MAURICE A ASHLEY,2550 => 2579 (R),L
280,2000 U.S. MASTERS,,5,,12650697,RASHID ZIATDINOV,2541 => 2562 (R),D
281,3RD HARRY LYMAN OPEN,OPEN,3,,12536729,BORIS KREIMAN,2590 => 2589 (R),D
282,32ND ANNUAL LIBERTY BELL OPEN,OPEN!,4,,12542086,GENNADY ZAITCHIK,2573 => 2588 (R),D
283,32ND ANNUAL LIBERTY BELL OPEN,OPEN!,5,,12556361,IGOR KHMELNITSKY,2585 => 2581 (R),D
284,32ND ANNUAL LIBERTY BELL OPEN,OPEN!,6,,12627196,EUGENE PERELSHTEYN,2502 => 2508 (R),D
285,4TH ANNUAL GOVERNOR'S CUP,OPEN,5,,12624969,PAVEL BLATNY,2599 => 2610 (R),L
286,INTERPLAY US CHESS CHAMP,SEC 2,7,,11264417,BENJAMIN P FINEGOLD,2595 => 2580 (R),W
287,4TH ANNUAL BRADLEY OPEN!,OPEN,5,,12715435,ALEXANDER STRIPUNSKY,2578 => 2584 (R),D
288,CCA-CHESSWISE INTERNATIONAL!!,17 GMS!!,8,,12624969,PAVEL BLATNY,2592 => 2617 (R),L
289,NYS G/45 CHAMPIONSHIP,OPEN,4,,12715435,ALEXANDER STRIPUNSKY,2591 => 2606 (R),L
290,8TH EASTERN CLASS CHAMPIONSHIP,MASTERS!!,5,,12650696,ENRICO SEVILLANO,2578 => 2580 (R),L
291,12TH SUPER(!) SATURDAY IN NEW,LOOK ROBIN,3,,12548533,YURY LAPSHUN,2521 => 2535 (R),D
292,1998 GOVERNOR'S CUP,OPEN,5,,10270294,WILLIAM JOHN DONALDSON,2536 => 2536 (R),W
293,30TH ATLANTIC OPEN!!,OPEN!,5,,10047871,MICHAEL A ROHDE,2596 => 2603 (R),L
294,3RD BRADLEY OPEN!,OPEN,5,,12715435,ALEXANDER STRIPUNSKY,2591 => 2576 (R),W
295,1998 New York Open,Open,9,,12614199,IGOR SHLIPERMAN,2552 => 2556 (R),D
296,7TH EASTERN CLASS CHAMPIONSHIP,10 GM'S!!!,4,,12715435,ALEXANDER STRIPUNSKY,2572 => 2571 (R),L
297,15TH BERMUDA INTERNATIONAL OPE,,5,,12735971,KARSTEN MUELLER,2514 => 2527 (R),W
298,30TH ANNUAL LIBERTY BELL OPEN,OPEN,3,,12650697,RASHID ZIATDINOV,2558 => 2566 (R),L
299,24TH EASTERN OPEN,OPEN,6,,10122953,EUGENE B MEYER,2560 => 2545 (R),W
300,FOUR QUEENS HOLIDAY CLASS CHAM,MASTER,3,,12237320,IGOR V IVANOV,2534 => 2550 (R),L
301,28TH NATIONAL CHESS CONGRESS!,OPEN,4,,10047871,MICHAEL A ROHDE,2582 => 2580 (R),D
302,28TH NATIONAL CHESS CONGRESS!,OPEN,6,,12536729,BORIS KREIMAN,2593 => 2582 (R),D
303,6TH KINGS ISLAND OPEN!,OPEN,5,,12077910,ALEXANDER FISHBEIN,2593 => 2596 (R),D
304,15TH ANNUAL WESTERN STATES OPE,OPEN,6,,12493863,EDUARD GUFELD,2543 => 2558 (R),L
305,98TH ANNUAL US OPEN - 1997,U.S. OPEN!,11,,12456381,GILDARDO GARCIA,2577 => 2621 (R),D
306,98TH ANNUAL US OPEN - 1997,U.S. OPEN!,12,,12651570,ALEXANDR V REPRINTSEV,2529 => 2538 (R),W
307,2ND BRADLEY OPEN!,OPEN,2,,12565070,GENNADY SAGALCHIK,2576 => 2584 (R),W
308,27TH CONTINENTAL OPEN!!,OPEN,2,,12237320,IGOR V IVANOV,2569 => 2579 (R),D
309,27TH CONTINENTAL OPEN!!,OPEN,4,,12536729,BORIS KREIMAN,2588 => 2583 (R),L
310,8TH VERMONT RESORT OPEN!,OPEN,3,,12565070,GENNADY SAGALCHIK,2577 => 2581 (R),D
311,25TH ANNUAL WORLD OPEN,OPEN!,6,,12435545,JOSHUA WAITZKIN,2510 => 2521 (R),D
312,25TH ANNUAL WORLD OPEN,OPEN!,7,,11167489,ANATOLY LEIN,2502 => 2515 (R),D
313,25TH ANNUAL WORLD OPEN,OPEN!,8,,12357030,MAURICE A ASHLEY,2509 => 2524 (R),W
314,4TH NY STATE OPEN,OPEN,4,,12650697,RASHID ZIATDINOV,2595 => 2605 (R),D
315,4TH STRATTON MOUNTAIN OPEN,OPEN,5,,12650697,RASHID ZIATDINOV,2536 => 2545 (R),D
316,1997 NATIONAL OPEN,OPEN,3,,10393701,RONALD W HENLEY,2508 => 2512 (R),D
317,1997 New York Open,OPEN,4,,12436240,HELGI OLAFSSON,2551 => 2555 (R),D
318,1997 New York Open,OPEN,8,,11435629,MAXIM DLUGY,2592 => 2606 (R),D
319,MID AMERICA CLASS CHAMPIONSHIP,MASTER,3,,12497230,GILBERTO HERNANDEZ,2532 => 2553 (R),L
320,1997 U.S. MASTERS,,6,,12650696,ENRICO SEVILLANO,2585 => 2580 (R),W
321,1997 U.S. MASTERS,,7,,12655112,SUAT ATALIK,2598 => 2625 (R),D
322,Middle Tennessee Open,Open,4,,12542096,SEMION PALATNIK,2561 => 2565 (R),D
323,14TH ANNUAL BERMUDA INT'L OPEN,1,3,,12470713,TAL SHAKED,2519 => 2522 (R),W
324,14TH ANNUAL BERMUDA INT'L OPEN,1,5,,12218330,JOHANN HJARTARSON,2597 => 2622 (R),L
325,PINFORK GP 4 OF 4,OPEN,3,,12542096,SEMION PALATNIK,2531 => 2549 (R),D
326,PINFORK GP 4 OF 4,OPEN,5,,10452881,DOUGLAS D ROOT,2577 => 2577 (R),D
327,14TH ANNUAL WESTERN STATES OPE,OPEN,4,,10188407,LUBOMIR KAVALEK,2562 => 2568 (R),W
328,14TH ANNUAL WESTERN STATES OPE,OPEN,5,,12435545,JOSHUA WAITZKIN,2503 => 2517 (R),W
329,63RD GREATER BOSTON OPEN,OPEN,3,,11257585,SERGEY KUDRIN,2589 => 2590 (R),D
330,56TH NEW ENGLAND OPEN,OPEN,6,,12563122,IGOR FOYGEL,2509 => 2517 (R),D
331,97TH ANNUAL US OPEN - 1996,Traditiona,4,,12559849,VLADISLOV FEDOROV,2505 => 2515 (R),L
332,BRADLEY OPEN!,OPEN,3,,10098327,MR. JAY RICHARD BONIN,2511 => 2506 (R),D
333,BRADLEY OPEN!,OPEN,4,,10047871,MICHAEL A ROHDE,2579 => 2597 (R),D
334,1996 INTERPLAY US CHAMPIONSHIP,,14,,12556361,IGOR KHMELNITSKY,2599 => 2585 (R),W
335,24TH ANNUAL WORLD OPEN,OPEN!,7,,10098327,MR. JAY RICHARD BONIN,2505 => 2487 (R),W
336,24TH ANNUAL WORLD OPEN,OPEN!,8,,12475235,THROSTUR THORHALLSSON,2516 => 2571 (R),W
337,3RD ANNUAL FAR WEST OPEN,OPEN,2,,10122953,EUGENE B MEYER,2524 => 2525 (R),D
338,3RD ANNUAL FAR WEST OPEN,OPEN,6,,12493863,EDUARD GUFELD,2560 => 2558 (R),D
339,5TH ANNUAL CHICAGO OPEN,OPEN,6,,12647631,BLAS J LUGO,2527 => 2546 (R),W
340,5TH ANNUAL CHICAGO OPEN,OPEN,7,,12624969,PAVEL BLATNY,2597 => 2596 (R),W
341,NATIONAL OPEN,CHAMPION,5,,10488192,WALTER S BROWNE,2587 => 2596 (R),W
342,1996 New York Open,Open,7,,12531518,NELSON GAMBOA,2505 => 2528 (R),L
343,1996 New York Open,Open,8,,12093120,RONALD WAYNE BURNETT,2504 => 2497 (R),W
344,1996 New York Open,Open,9,,12678893,ALEKSANDR POLULIAKHOV,2566 => 2582 (R),W
345,MID-AMERICA CLASS CHAMPIONSHIP,MASTER,5,,11257585,SERGEY KUDRIN,2577 => 2592 (R),D
346,PINFORK DALLAS GRAND PRIX (1 O,OPEN,3,,12514568,GABRIEL SCHWARTZMAN,2585 => 2604 (R),L
347,1995 INTERPLAY US CHAMP,,6,,10488192,WALTER S BROWNE,2595 => 2604 (R),W
348,1995 INTERPLAY US CHAMP,,11,,12542897,GEORGI ORLOV,2583 => 2581 (R),L
349,1995 INTERPLAY US CHAMP,,13,,12435545,JOSHUA WAITZKIN,2525 => 2531 (R),W
350,1995 INTERPLAY US CHAMP,,14,,11257585,SERGEY KUDRIN,2595 => 2573 (R),W
351,1995 US CLASS CHAMPIONSHIPS,1,3,,12435545,JOSHUA WAITZKIN,2512 => 2525 (R),D
352,1995 US CLASS CHAMPIONSHIPS,1,5,,12542096,SEMION PALATNIK,2589 => 2589 (R),D
353,62ND GREATER BOSTON OPEN,OPEN,4,,12563122,IGOR FOYGEL,2519 => 2525 (R),D
354,3RD BUFFALO OPEN,OPEN,3,,12093120,RONALD WAYNE BURNETT,2513 => 2499 (R),W
355,3RD BUFFALO OPEN,OPEN,5,,12599128,BRYON NICKOLOFF,2511 => 2516 (R),W
356,1995 MERMAID BEACH CLUB GRANDM,,3,,11512798,VICTOR J FRIAS,2583 => 2579 (R),L
357,1995 MERMAID BEACH CLUB GRANDM,,8,,12357030,MAURICE A ASHLEY,2557 => 2542 (R),W
358,EMPIRE CITY OPEN,OPEN,5,,12541565,LEONID M SOKOLIN,2599 => 2612 (R),D
359,1994 EASTERN OPEN,OPEN,3,,10122953,EUGENE B MEYER,2523 => 2535 (R),D
360,61ST HARRY NELSON PILLSBURY ME,OPEN,4,,12563122,IGOR FOYGEL,2520 => 2524 (R),D
361,3RD NEW ENGLAND CLASS CHAMPION,MASTERS!,4,,11045685,MICHAEL A BROOKS,2580 => 2586 (R),D
362,17TH ANNUAL MONADNOCK MARATHON,,5,,12093120,RONALD WAYNE BURNETT,2523 => 2541 (R),L
363,17TH ANNUAL MONADNOCK MARATHON,,10,,12093120,RONALD WAYNE BURNETT,2523 => 2541 (R),W
364,1994 NAT'L US CHAMPIONSHIP,,3,,10460921,LARRY M CHRISTIANSEN,2597 => 2631 (R),D
365,1994 NAT'L US CHAMPIONSHIP,,7,,12542897,GEORGI ORLOV,2587 => 2608 (R),L
366,54TH NEW ENGLAND OPEN,OPEN,6,,12563122,IGOR FOYGEL,2541 => 2544 (R),D
367,44TH NEW HAMPSHIRE OPEN,CHAMP,4,,12563122,IGOR FOYGEL,2531 => 2541 (R),D
368,22ND ANNUAL WORLD OPEN,OPEN,5,,12622049,IGOR KHENKIN,2585 => 2694 (R),D
369,22ND ANNUAL WORLD OPEN,OPEN,6,,11512798,VICTOR J FRIAS,2555 => 2593 (R),D
370,HARVARD OPEN,OPEN,4,,12563122,IGOR FOYGEL,2518 => 2531 (R),D
371,NAT'L 1994 NATIONAL OPEN,OPEN,5,,12621677,MR. RICARDO DE GUZMAN,2503 => 2522 (R),D
372,MID-AMERICA CLASS CHAMPIONSHIP,MASTER,5,,12438054,YEHUDA GRUENFELD,2566 => 2578 (R),W
373,PACIFIC COAST OPEN,OPEN,5,,11050115,LARRY REMLINGER,2544 => 2544 (R),W
374,NAT'L US CHAMPIONSHIP,,5,,10604737,JOHN P FEDOROWICZ,2577 => 2609 (R),L
375,NAT'L US CHAMPIONSHIP,,7,,10460921,LARRY M CHRISTIANSEN,2595 => 2607 (R),D
376,29TH ANNUAL AMERICAN OPEN,OPEN,4,,11050115,LARRY REMLINGER,2510 => 2525 (R),W
377,29TH ANNUAL AMERICAN OPEN,OPEN,7,,12237320,IGOR V IVANOV,2584 => 2595 (R),D
378,WESTERN STATES OPEN XI,OPEN,6,,10604737,JOHN P FEDOROWICZ,2597 => 2592 (R),W
379,53RD NEW ENGLAND OPEN,OPEN,5,,12543516,MIKHAIL BRAUDE,2516 => 2521 (R),D
380,US OPEN TUESDAY ACTION,,3,,12556361,IGOR KHMELNITSKY,2539 => 2540 (R),W
381,SOUTHERN OPEN,OPEN,3,,12093120,RONALD WAYNE BURNETT,2500 => 2489 (R),D
382,SOUTHERN OPEN,OPEN,5,,12543516,MIKHAIL BRAUDE,2504 => 2512 (R),W
383,21ST ANNUAL WORLD OPEN,OPEN,3,,12270170,ALEX I SHERZER,2584 => 2573 (R),W
384,21ST ANNUAL WORLD OPEN,OPEN,5,,12599128,BRYON NICKOLOFF,2530 => 2520 (R),D
385,21ST ANNUAL WORLD OPEN,OPEN,7,,12559849,VLADISLOV FEDOROV,2554 => 2560 (R),W
386,2ND ANNUAL CHICAGO OPEN,OPEN,4,,12270170,ALEX I SHERZER,2590 => 2584 (R),D
387,2ND ANNUAL CHICAGO OPEN,OPEN,6,,12561081,BORIS MEN,2533 => 2544 (R),W
388,PACIFIC COAST OPEN,OPEN,3,,12237320,IGOR V IVANOV,2567 => 2573 (R),W
389,PACIFIC COAST OPEN,OPEN,4,,10011876,JACK PETERS,2518 => 2533 (R),W
390,17TH QUEEN CITY OPEN,OPEN,3,,12563122,IGOR FOYGEL,2513 => 2526 (R),D
391,4TH NOR'EASTER,OPEN,3,,12563122,IGOR FOYGEL,2526 => 2526 (R),W
392,4TH NOR'EASTER,OPEN,5,,12543516,MIKHAIL BRAUDE,2521 => 2525 (R),D
393,1993 NEWTON OPEN,OPEN,3,,12563122,IGOR FOYGEL,2513 => 2513 (R),W
394,FIDE ZONAL & US INVIT CHESS CH,,3,,12270170,ALEX I SHERZER,2561 => 2624 (R),L
395,FIDE ZONAL & US INVIT CHESS CH,,14,,12237320,IGOR V IVANOV,2590 => 2572 (R),D
396,FIDE ZONAL & US INVIT CHESS CH,,15,,12561081,BORIS MEN,2526 => 2521 (R),W
397,FIDE ZONAL & US INVIT CHESS CH,,16,,12045270,KAMRAN SHIRAZI,2599 => 2506 (R),W
398,3RD ANN MASSACHUSETTS OPEN(STA,OPEN,3,,12563122,IGOR FOYGEL,2506 => 2516 (R),D
399,3RD ANN MASSACHUSETTS OPEN(STA,OPEN,4,,12543516,MIKHAIL BRAUDE,2553 => 2560 (R),D
400,WESTERN MASS CLASSIC,OPEN,3,,10009201,JOHN A CURDO,2511 => 2516 (R),W
401,LOS ANGELES OPEN,OPEN,2,,10478928,JEREMY B SILMAN,2521 => 2526 (R),D
402,LOS ANGELES OPEN,OPEN,3,,10153557,TIMOTHY W TAYLOR,2502 => 2502 (R),L
403,20TH ANNUAL WORLD OPEN,OPEN,4,,12544264,ALEXANDER SHABALOV,2587 => 2599 (R),L
404,20TH ANNUAL WORLD OPEN,OPEN,6,,12077910,ALEXANDER FISHBEIN,2585 => 2572 (R),D
405,20TH ANNUAL WORLD OPEN,OPEN,9,,12576446,ILDAR IBRAGIMOV,2572 => 2580 (R),D
406,1ST ANNUAL CHICAGO OPEN,OPEN,5,,10170869,STEVEN M ODENDAHL,2519 => 2528 (R),W
407,1992 NEW YORK OPEN,OPEN,3,,12565070,GENNADY SAGALCHIK,2589 => 2566 (R),D
408,1992 NEW YORK OPEN,OPEN,4,,11167489,ANATOLY LEIN,2518 => 2510 (R),W
409,1992 NEW YORK OPEN,OPEN,5,,12528454,ALEKS WOJTKIEWICZ,2573 => 2597 (R),L
410,1992 NEW YORK OPEN,OPEN,7,,12470087,TOM WEDBERG,2553 => 2558 (R),D
411,1992 NEW YORK OPEN,OPEN,8,,11264417,BENJAMIN P FINEGOLD,2526 => 2543 (R),L
412,1992 NEW YORK OPEN,OPEN,9,,12574750,ALEXANDER PANCHENKO,2550 => 2551 (R),W
413,MID-AMERICA CLASS CHAMP IN CHI,MASTER,5,,12237320,IGOR V IVANOV,2595 => 2590 (R),W
414,8TH WOODSTOCK OPEN (TOUR DE MA,OPEN,2,,12543516,MIKHAIL BRAUDE,2523 => 2509 (R),W
415,8TH WOODSTOCK OPEN (TOUR DE MA,OPEN,3,,12563122,IGOR FOYGEL,2581 => 2588 (R),W
416,16TH QUEEN CITY OPEN,OPEN,5,,12563122,IGOR FOYGEL,2589 => 2581 (R),D
417,LAND OF THE SKY GRAND PRIX V,OPEN,4,,12191490,BORIS KOGAN,2559 => 2577 (R),L
418,15TH NEWTON OPEN,OPEN,3,,12563122,IGOR FOYGEL,2578 => 2589 (R),D
419,EASTERN OPEN,OPEN,5,,10122953,EUGENE B MEYER,2519 => 2519 (R),L
420,NATIONAL CHESS CONGRESS,MASTER SEC,2,,12045270,KAMRAN SHIRAZI,2596 => 2607 (R),W
2,12TH ANNUAL BOSTON CHESS CONGRESS!,PREMIER SECTION!,3,W,15524414,JIANCHAO ZHOU,2661 => 2666 (R),D
3,1ST RAR OPEN,PREMIER (1600+),3,W,15524414,JIANCHAO ZHOU,2663 => 2662 (R),D
4,HARRY NELSON PILLSBURY MEMORIAL,OPEN,4,W,15524414,JIANCHAO ZHOU,2661 => 2663 (R),L
5,88TH GREATER BOSTON OPEN,OPEN,4,B,15524414,JIANCHAO ZHOU,2645 => 2647 (R),L
6,31ST MASSACHUSETTS G/60 CHAMPIONSHIP,CHAMPIONSHIP,3,B,15524414,JIANCHAO ZHOU,2640 => 2641 (R),L
7,SPRING FESTIVAL,OPEN,4,W,15524414,JIANCHAO ZHOU,2640 => 2640 (R),D
8,11TH ANNUAL BOSTON CHESS CONGRESS!,PREMIER SECTION!,5,B,15524414,JIANCHAO ZHOU,2633 => 2629 (R),D
9,CIRCUS & SPECTACLE,OPEN,5,W,14958890,FIDEL CORRALES JIMENEZ,2615 => 2620 (R),L
10,52ND ANNUAL CONTINENTAL OPEN,MASTER,5,B,14160065,BRANDON JACOBSON,2638 => 2634 (R),L
11,52ND ANNUAL CONTINENTAL OPEN,MASTER,9,W,14958890,FIDEL CORRALES JIMENEZ,2612 => 2615 (R),L
12,30TH ANNUAL EASTERN CLASS!,MASTERS!,3,W,15524414,JIANCHAO ZHOU,2665 => 2657 (R),D
13,10TH ANNUAL BOSTON CHESS CONGRESS,PREMIER SECTION,5,W,15524414,JIANCHAO ZHOU,2682 => 2676 (R),D
14,89TH MASSACHUSETTS OPEN,CHAMPIONSHIP,3,B,14958890,FIDEL CORRALES JIMENEZ,2606 => 2603 (R),L
15,49TH ANNUAL CONTINENTAL OPEN,PREMIER,5,B,16429174,KAMIL DRAGUN,2680 => 2665 (R),D
16,WESTFORD JULY OPEN,CHAMPIONSHIP,3,W,14958890,FIDEL CORRALES JIMENEZ,2621 => 2614 (R),W
17,WESTFORD APRIL OPEN,CHAMPIONSHIP,4,W,15524414,JIANCHAO ZHOU,2697 => 2702 (R),D
18,28TH ANNUAL EASTERN CLASS CHAMPS,MASTER,5,B,14958890,FIDEL CORRALES JIMENEZ,2635 => 2638 (R),D
19,LAND OF THE SKY XXXI,OPEN,4,W,14821464,ELSHAN MORADIABADI,2613 => 2626 (R),D
20,48TH ANNUAL NATIONAL CHESS CONGRESS,PREMIER,5,W,13768313,RUIFENG LI,2664 => 2665 (R),D
21,47TH ANNUAL CONTINENTAL OPEN,OPEN,3,W,12715435,ALEXANDER STRIPUNSKY,2641 => 2629 (R),W
22,IN MEMORY OF IM DR. DANNY KOPEC,MASTER-EXPERT,3,B,12627196,EUGENE PERELSHTEYN,2600 => 2598 (R),D
23,26TH ANNUAL EASTERN CLASS CHAMPS,MASTER,2,B,13493815,SAMUEL SEVIAN,2672 => 2682 (R),L
24,26TH ANNUAL EASTERN CLASS CHAMPS,MASTER,3,W,15756217,GIL POPILSKI,2641 => 2633 (R),W
25,26TH ANNUAL EASTERN CLASS CHAMPS,MASTER,5,W,12746489,GIORGI KACHEISHVILI,2670 => 2663 (R),D
26,LAND OF THE SKY XXX,OPEN,4,B,14821464,ELSHAN MORADIABADI,2643 => 2633 (R),D
27,2016 RENO WESTERN STATES OPEN,OPEN,3,W,12787646,ALEKSANDR LENDERMAN,2665 => 2651 (R),W
28,2016 RENO WESTERN STATES OPEN,OPEN,4,B,12827326,MELIKSET KHACHIYAN,2603 => 2617 (R),D
29,46TH ANNUAL CONTINENTAL OPEN,OPEN,6,W,12715435,ALEXANDER STRIPUNSKY,2648 => 2645 (R),L
30,25TH ANNUAL EASTERN CLASS CHAMPIONSHIPS,MASTER,3,W,12627196,EUGENE PERELSHTEYN,2609 => 2608 (R),D
31,LAND OF THE SKY XXIX,OPEN,3,W,14821464,ELSHAN MORADIABADI,2663 => 2670 (R),D
32,4TH ANNUAL BOSTON CHESS CONGRESS,PREMIER,3,B,12544264,ALEXANDER SHABALOV,2627 => 2641 (R),D
33,4TH ANNUAL BOSTON CHESS CONGRESS,PREMIER,5,W,13264840,ERIC HANSEN,2656 => 2657 (R),D
34,42ND ANNUAL EASTERN OPEN,OPEN,6,W,13674544,SERGEY ERENBURG,2654 => 2668 (R),D
35,42ND ANNUAL EASTERN OPEN,OPEN,7,B,12544264,ALEXANDER SHABALOV,2622 => 2627 (R),D
36,MARSHALL GRAND PRIX,MERGE,5,,12707937,MARK PARAGUA,2638 => 2636 (R),W
37,LAND OF THE SKY XXVIII,OPEN,4,W,14821464,ELSHAN MORADIABADI,2642 => 2648 (R),D
38,EASTERN CHESS CONGRESS,PREMIER,4,,12707937,MARK PARAGUA,2600 => 2600 (R),D
39,2014 MILLIONAIRE CHESS OPEN,OPEN,9,,12746489,GIORGI KACHEISHVILI,2682 => 2672 (R),D
40,3RD ANNUAL RENO - LARRY EVANS MEMOR,OPEN,4,,12827326,MELIKSET KHACHIYAN,2634 => 2642 (R),D
41,BOSTON CHESS CONGRESS,PREMIER,4,,14821464,ELSHAN MORADIABADI,2657 => 2658 (R),D
42,135TH NY STATE CHAMPIONSHIP,OPEN,5,,12715435,ALEXANDER STRIPUNSKY,2651 => 2647 (R),W
43,135TH NY STATE CHAMPIONSHIP,OPEN,6,,10102511,JOEL BENJAMIN,2641 => 2638 (R),D
44,114TH ANNUAL US OPEN - 2013,OPEN,6,,14471712,IOAN CHIRILA,2600 => 2606 (R),D
45,2013 U.S. CHAMPIONSHIP,SECTION1,2,B,12688291,ALEJANDRO RAMIREZ,2623 => 2665 (R),L
46,2013 U.S. CHAMPIONSHIP,SECTION1,3,W,12852765,SAM SHANKLAND,2698 => 2685 (R),L
47,2013 U.S. CHAMPIONSHIP,SECTION1,6,B,12496662,JORGE E SAMMOUR-HASBUN,2622 => 2601 (R),L
48,2013 U.S. CHAMPIONSHIP,SECTION1,7,W,12770589,MARC TYLER ARNOLD,2627 => 2608 (R),L
49,2013 U.S. CHAMPIONSHIP,SECTION1,8,B,12827326,MELIKSET KHACHIYAN,2615 => 2597 (R),D
50,2013 U.S. CHAMPIONSHIP,SECTION1,9,B,12715435,ALEXANDER STRIPUNSKY,2680 => 2651 (R),W
51,BURLINGTON OPEN,OPEN,3,,11257585,SERGEY KUDRIN,2605 => 2603 (R),D
52,WESTERN STATES OPEN,OPEN,6,,12650696,ENRICO SEVILLANO,2603 => 2601 (R),D
53,134TH NYS CHAMPIONSHIP,OPEN,5,,12715435,ALEXANDER STRIPUNSKY,2689 => 2701 (R),L
54,42ND CONTINENTAL OPEN,OPEN,5,,12715435,ALEXANDER STRIPUNSKY,2675 => 2685 (R),L
55,2012 U.S. SENIOR OPEN CHESS CHAMPIONSHIP,US SENIOR,6,,11257585,SERGEY KUDRIN,2612 => 2609 (R),D
56,20TH NY STATE OPEN,OPEN,4,,10102511,JOEL BENJAMIN,2640 => 2639 (R),D
57,2012 RENO LARRY EVANS MEMORIAL,OPEN,5,,11257585,SERGEY KUDRIN,2636 => 2640 (R),D
58,13TH ANNUAL PITTSBURGH OPEN!,OPEN!,5,,12544264,ALEXANDER SHABALOV,2607 => 2616 (R),D
59,21ST ANNUAL EASTERN CLASS,MASTER,5,,12807422,MIKHEIL KEKELIDZE,2609 => 2622 (R),D
60,2011 EASTERN OPEN,OPEN,5,,12543746,GREGORY KAIDANOV,2659 => 2669 (R),L
61,20TH KINGS ISLAND OPEN!,OPEN!,4,,12543746,GREGORY KAIDANOV,2631 => 2661 (R),L
62,CONTINENTAL OPEN,OPEN,4,,11257585,SERGEY KUDRIN,2605 => 2601 (R),D
63,2011 U.S. CHAMPIONSHIP,GROUP A,2,,12715435,ALEXANDER STRIPUNSKY,2685 => 2667 (R),D
64,2011 U.S. CHAMPIONSHIP,GROUP A,4,,12741541,YURY SHULMAN,2688 => 2698 (R),L
65,2011 U.S. CHAMPIONSHIP,GROUP A,5,,12514557,JAAN EHLVEST,2673 => 2664 (R),D
66,2011 U.S. CHAMPIONSHIP,GROUP A,6,,12740522,VARUZHAN AKOBIAN,2688 => 2676 (R),W
67,2ND ANNUAL HARTFORD OPEN!,OPEN!,4,,11257585,SERGEY KUDRIN,2618 => 2626 (R),D
68,2ND ANNUAL HARTFORD OPEN!,OPEN!,5,,10469007,NICK E DE FIRMIAN,2607 => 2603 (R),D
69,EASTERN CLASS CHAMPIONSHIPS,MASTER,3,,11257585,SERGEY KUDRIN,2624 => 2629 (R),L
70,2011 BERMUDA INTERNATIONAL OPEN,OPEN,4,,10469007,NICK E DE FIRMIAN,2605 => 2607 (R),D
71,2011 BERMUDA INTERNATIONAL OPEN,OPEN,5,,10460921,LARRY M CHRISTIANSEN,2665 => 2663 (R),D
72,LAND OF THE SKY XXIV,OPEN,4,,12707937,MARK PARAGUA,2660 => 2663 (R),D
73,LAND OF THE SKY XXIV,OPEN,5,,11257585,SERGEY KUDRIN,2607 => 2613 (R),L
74,37TH EASTERN OPEN,OPEN,2,,12707937,MARK PARAGUA,2639 => 2632 (R),D
75,37TH EASTERN OPEN,OPEN,5,,12787646,ALEKSANDR LENDERMAN,2649 => 2647 (R),D
76,ATLANTIC CITY INTERNATIONAL 2010,OPEN,6,,12544264,ALEXANDER SHABALOV,2666 => 2653 (R),W
77,19TH KINGS ISLAND OPEN!,OPEN!,5,,12707937,MARK PARAGUA,2649 => 2639 (R),W
78,CONTINENTAL CLASS CHAMPIONSHIPS,MASTER,6,,12787646,ALEKSANDR LENDERMAN,2641 => 2621 (R),D
79,CONTINENTAL CLASS CHAMPIONSHIPS,MASTER,7,,12746489,GIORGI KACHEISHVILI,2603 => 2617 (R),D
80,CONTINENTAL CLASS CHAMPIONSHIPS,MASTER,9,,12707937,MARK PARAGUA,2636 => 2632 (R),D
81,38TH ANNUAL WORLD OPEN,OPEN,3,,14229161,VLADIMIR POTKIN,2624 => 2654 (R),D
82,PHILADELPHIA OPEN,OPEN,7,,12544264,ALEXANDER SHABALOV,2639 => 2641 (R),L
83,36TH ANNUAL EASTERN OPEN,OPEN,7,,12787646,ALEKSANDR LENDERMAN,2638 => 2648 (R),L
84,27TH WESTERN STATES,OPEN,4,,12576446,ILDAR IBRAGIMOV,2625 => 2634 (R),D
85,27TH WESTERN STATES,OPEN,6,,12514557,JAAN EHLVEST,2688 => 2678 (R),D
86,37TH ANNUAL WORLD OPEN,OPEN,7,,12749774,ROBERT L HESS,2678 => 2653 (R),W
87,37TH ANNUAL WORLD OPEN,OPEN,8,,12514557,JAAN EHLVEST,2696 => 2700 (R),L
88,2009 NATIONAL OPEN CHAMPIONSHIP,OPEN,6,,12922861,ZVIAD IZORIA,2644 => 2653 (R),D
89,CSCA 2009 STATE CHAMPIONHIP GRAND P,SECTION2,4,,11257585,SERGEY KUDRIN,2630 => 2626 (R),D
90,11TH ANNUAL FOXWOODS OPEN,OPEN,5,,12544264,ALEXANDER SHABALOV,2620 => 2628 (R),L
91,11TH ANNUAL FOXWOODS OPEN,OPEN,7,,12514557,JAAN EHLVEST,2662 => 2660 (R),D
92,UCONN DECEMBER OPEN GRAND PRIX,SECTION1,4,,11257585,SERGEY KUDRIN,2602 => 2595 (R),W
93,2008 PAN AMER. CONTINENTAL CHAMP.,PAN AM,6,,12778049,JULIO J BECERRA,2655 => 2656 (R),D
94,2008 PAN AMER. CONTINENTAL CHAMP.,PAN AM,7,,12514557,JAAN EHLVEST,2620 => 2645 (R),L
95,13TH ANNUAL BRADLEY OPEN!,OPEN!,4,,11257585,SERGEY KUDRIN,2618 => 2619 (R),D
96,36TH ANNUAL WORLD OPEN,OPEN,3,,13992000,ARUN PRASAD SUBRAMANIAN,2657 => 2685 (R),D
97,36TH ANNUAL WORLD OPEN,OPEN,6,,12875236,EVGENY NAJER,2689 => 2714 (R),W
98,2008 FKB USA CHAMPIONSHIP,CHAMP,6,,12473035,BORIS GULKO,2622 => 2613 (R),D
99,10TH ANNUAL FOXWOODS OPEN,FOX-OP,7,,12741541,YURY SHULMAN,2661 => 2673 (R),D
100,10TH ANNUAL FOXWOODS OPEN,FOX-OP,8,,12778049,JULIO J BECERRA,2627 => 2640 (R),D
101,EASTERN CLASS CHAMPIONSHIPS,MASTER,3,,11257585,SERGEY KUDRIN,2607 => 2592 (R),D
102,LAND OF THE SKY XXI,OPEN,5,,11257585,SERGEY KUDRIN,2610 => 2606 (R),W
103,34TH ANNUAL EASTERN OPEN,OPEN,4,,11257585,SERGEY KUDRIN,2601 => 2593 (R),D
104,129TH ANNUAL NY STATE CHAMPIONSHIP!,OPEN!!,2,,12576446,ILDAR IBRAGIMOV,2669 => 2672 (R),W
105,129TH ANNUAL NY STATE CHAMPIONSHIP!,OPEN!!,3,,12542077,LEONID G YUDASIN,2665 => 2662 (R),L
106,CONTINENTAL OPEN,CONO,4,,13388170,LEONID KRITZ,2674 => 2654 (R),D
107,CONTINENTAL OPEN,CONO,5,,12576446,ILDAR IBRAGIMOV,2673 => 2669 (R),L
108,35TH ANNUAL WORLD OPEN,O,2,,12942383,JIRI STOCEK,2693 => 2707 (R),D
109,35TH ANNUAL WORLD OPEN,O,3,,12576446,ILDAR IBRAGIMOV,2675 => 2673 (R),L
110,35TH ANNUAL WORLD OPEN,O,8,,11257585,SERGEY KUDRIN,2600 => 2606 (R),D
111,FRANK K. BERRY U.S. CHAMPIONSHIP,USCHAMP200,7,,12741541,YURY SHULMAN,2667 => 2676 (R),D
112,FRANK K. BERRY U.S. CHAMPIONSHIP,USCHAMP200,8,,12543746,GREGORY KAIDANOV,2685 => 2693 (R),L
113,FRANK K. BERRY U.S. CHAMPIONSHIP,USCHAMP200,9,,12576446,ILDAR IBRAGIMOV,2680 => 2675 (R),D
114,9TH ANNUAL FOXWOODS OPEN,FOX-OP,9,,12514557,JAAN EHLVEST,2669 => 2683 (R),D
115,39TH ANNUAL LIBERTY BELL OPEN,OPEN!,4,,12544264,ALEXANDER SHABALOV,2657 => 2653 (R),D
116,39TH ANNUAL LIBERTY BELL OPEN,OPEN!,6,,12514557,JAAN EHLVEST,2670 => 2669 (R),D
117,39TH ANNUAL LIBERTY BELL OPEN,OPEN!,7,,11257585,SERGEY KUDRIN,2612 => 2606 (R),D
118,33RD ANNUAL EASTERN OPEN,OPEN,7,,12715435,ALEXANDER STRIPUNSKY,2617 => 2613 (R),D
119,33RD ANNUAL EASTERN OPEN,OPEN,8,,11257585,SERGEY KUDRIN,2608 => 2612 (R),D
120,90TH MARSHALL CHAMPIONSHIP!,GM NORM!!,3,,12514557,JAAN EHLVEST,2672 => 2684 (R),D
121,90TH MARSHALL CHAMPIONSHIP!,GM NORM!!,5,,12922861,ZVIAD IZORIA,2684 => 2673 (R),D
122,90TH MARSHALL CHAMPIONSHIP!,GM NORM!!,8,,12542077,LEONID G YUDASIN,2689 => 2665 (R),D
123,90TH MARSHALL CHAMPIONSHIP!,GM NORM!!,9,,12715435,ALEXANDER STRIPUNSKY,2623 => 2619 (R),D
124,NATIONAL CHESS CONGRESS,NCCPR,6,,12514557,JAAN EHLVEST,2660 => 2672 (R),L
125,16TH ANNUAL EASTERN CHESS CONGRESS!,OPEN!,4,,12715435,ALEXANDER STRIPUNSKY,2647 => 2652 (R),D
126,CONTINENTAL OPEN,CONO,3,,12576446,ILDAR IBRAGIMOV,2670 => 2672 (R),L
127,34TH ANNUAL WORLD OPEN,WO-O,6,,10102511,JOEL BENJAMIN,2607 => 2632 (R),L
128,34TH ANNUAL WORLD OPEN,WO-O,8,,12077910,ALEXANDER FISHBEIN,2603 => 2617 (R),W
129,34TH ANNUAL WORLD OPEN,WO-O,9,,12740522,VARUZHAN AKOBIAN,2660 => 2656 (R),W
130,14TH ANNUAL NY STATE OPEN!,OPEN!,4,,12655637,RONEN HAR-ZVI,2617 => 2611 (R),W
131,8TH ANNUAL FOXWOODS OPEN,FOX-OPEN,4,,12514557,JAAN EHLVEST,2684 => 2685 (R),W
132,8TH ANNUAL FOXWOODS OPEN,FOX-OPEN,7,,12715435,ALEXANDER STRIPUNSKY,2642 => 2654 (R),L
133,2006 US CHAMPIONSHIP,"""B""",4,,12556825,IGOR NOVIKOV,2637 => 2647 (R),D
134,2006 US CHAMPIONSHIP,"""B""",5,,12741541,YURY SHULMAN,2626 => 2649 (R),L
135,2006 NORTHEAST CHESS WINTER GETAWAY,OPEN,4,,10460921,LARRY M CHRISTIANSEN,2632 => 2646 (R),L
136,1ST EASTERN ADULT & STUDENT CHAMP,OPEN!,3,,12514557,JAAN EHLVEST,2671 => 2678 (R),L
137,23RD WESTERN STATES OPEN,OPEN SECTI,4,,12715435,ALEXANDER STRIPUNSKY,2632 => 2637 (R),W
138,23RD WESTERN STATES OPEN,OPEN SECTI,5,,12534917,ALEX YERMOLINSKY,2614 => 2628 (R),L
139,23RD WESTERN STATES OPEN,OPEN SECTI,6,,11257585,SERGEY KUDRIN,2613 => 2618 (R),W
140,15TH ANNUAL EASTERN CHESS CONGRESS!,PREMIER!!,4,,12576446,ILDAR IBRAGIMOV,2678 => 2684 (R),L
141,CONTINENTAL OPEN,O,4,,12576446,ILDAR IBRAGIMOV,2682 => 2686 (R),D
142,CONTINENTAL OPEN,O,6,,12528454,ALEKS WOJTKIEWICZ,2609 => 2612 (R),D
143,11TH NORTHEAST OPEN!,OPEN!,3,,12576446,ILDAR IBRAGIMOV,2689 => 2682 (R),W
144,11TH NORTHEAST OPEN!,OPEN!,4,,11257585,SERGEY KUDRIN,2621 => 2623 (R),D
145,FIRST ANNUAL HB GLOBAL CHESS CHALLE,OPEN,5,,12556825,IGOR NOVIKOV,2655 => 2649 (R),D
146,FIRST ANNUAL HB GLOBAL CHESS CHALLE,OPEN,6,,12741532,VALERIJ FILIPPOV,2663 => 2664 (R),D
147,FIRST ANNUAL HB GLOBAL CHESS CHALLE,OPEN,7,,12528452,VLADIMIR EPISHIN,2654 => 2666 (R),D
148,FIRST ANNUAL HB GLOBAL CHESS CHALLE,OPEN,8,,12710286,VADIM MILOV,2695 => 2690 (R),D
149,7TH ANNUAL FOXWOODS OPEN,FOX-OP,8,,12528454,ALEKS WOJTKIEWICZ,2606 => 2626 (R),D
150,14TH EASTERN CLASS CHAMPIONSHIPS!,MASTERS!,4,,12576446,ILDAR IBRAGIMOV,2676 => 2673 (R),W
151,14TH EASTERN CLASS CHAMPIONSHIPS!,MASTERS!,5,,12514557,JAAN EHLVEST,2693 => 2698 (R),D
152,LAND OF THE SKY XVIII,OPEN,3,,12778049,JULIO J BECERRA,2634 => 2642 (R),D
153,2005 NORTHEAST CHESS WINTER GETAWAY,OPEN,3,,11257585,SERGEY KUDRIN,2654 => 2660 (R),D
154,64TH NEW ENGLAND OPEN,OPEN,4,,12576446,ILDAR IBRAGIMOV,2671 => 2676 (R),D
155,VERMONT RESORT OPEN,OPEN,1,,12528454,ALEKS WOJTKIEWICZ,2635 => 2622 (R),D
156,VERMONT RESORT OPEN,OPEN,3,,12715435,ALEXANDER STRIPUNSKY,2639 => 2642 (R),D
157,CONTINENTAL OPEN,O,3,,12576446,ILDAR IBRAGIMOV,2642 => 2656 (R),D
158,CONTINENTAL OPEN,O,4,,12715435,ALEXANDER STRIPUNSKY,2621 => 2639 (R),L
159,32ND ANNUAL WORLD OPEN,OPEN!!,6,,12528454,ALEKS WOJTKIEWICZ,2634 => 2644 (R),D
160,32ND ANNUAL WORLD OPEN,OPEN!!,9,,12556825,IGOR NOVIKOV,2686 => 2689 (R),D
161,CCA-ICC INTERNATIONAL,INTL,7,,12735968,DANIEL FRIDMAN,2614 => 2636 (R),L
162,CCA-ICC INTERNATIONAL,INTL,8,,12544264,ALEXANDER SHABALOV,2685 => 2694 (R),W
163,9TH BRADLEY OPEN?!,OPEN?!?,2,,12576446,ILDAR IBRAGIMOV,2611 => 2612 (R),D
164,6TH ANNUAL FOXWOODS OPEN,OPEN,6,,12746489,GIORGI KACHEISHVILI,2641 => 2648 (R),L
165,6TH ANNUAL FOXWOODS OPEN,OPEN,9,,12514557,JAAN EHLVEST,2696 => 2706 (R),L
166,13TH EASTERN CLASS CHAMPIONSHI,MASTERS!!,2,,12741541,YURY SHULMAN,2615 => 2614 (R),W
167,13TH EASTERN CLASS CHAMPIONSHI,MASTERS!!,3,,12746489,GIORGI KACHEISHVILI,2629 => 2638 (R),D
168,13TH EASTERN CLASS CHAMPIONSHI,MASTERS!!,4,,12528454,ALEKS WOJTKIEWICZ,2653 => 2636 (R),W
169,NORTH EAST CHESS WINTER GETAWA,OPEN,5,,11257585,SERGEY KUDRIN,2622 => 2616 (R),D
170,36TH ANNUAL LIBERTY BELL OPEN,OPEN!!,3,,12746489,GIORGI KACHEISHVILI,2648 => 2639 (R),D
171,36TH ANNUAL LIBERTY BELL OPEN,OPEN!!,5,,12542077,LEONID G YUDASIN,2675 => 2671 (R),W
172,36TH ANNUAL LIBERTY BELL OPEN,OPEN!!,6,,12528454,ALEKS WOJTKIEWICZ,2651 => 2663 (R),L
173,36TH ANNUAL LIBERTY BELL OPEN,OPEN!!,7,,12922861,ZVIAD IZORIA,2651 => 2668 (R),L
174,21ST ANNUAL WESTERN STATES OPE,OPEN SECTI,4,,12528454,ALEKS WOJTKIEWICZ,2661 => 2670 (R),L
175,EDWARD LEVY MEMORIAL COLORADO,OPEN!!,3,,12715435,ALEXANDER STRIPUNSKY,2649 => 2665 (R),L
176,EASTERN CHESS CONGRESS!,PREMIER!!,3,,12528454,ALEKS WOJTKIEWICZ,2651 => 2661 (R),D
177,8TH BRADLEY OPEN!,OPEN,4,,12576446,ILDAR IBRAGIMOV,2601 => 2599 (R),D
178,31ST ANNUAL WORLD OPEN,OPEN!!,7,,12556822,ALEXANDER GOLDIN,2688 => 2700 (R),L
179,CCA INTERNATIONAL,,9,,12544264,ALEXANDER SHABALOV,2660 => 2652 (R),W
180,CCA INTERNATIONAL,,10,,12514557,JAAN EHLVEST,2658 => 2672 (R),L
181,2003 NORTHEAST CHESS SPRING GE,OPEN,3,,11257585,SERGEY KUDRIN,2603 => 2601 (R),D
182,5TH ANNUAL FOXWOODS OPEN,OPEN,6,,12576446,ILDAR IBRAGIMOV,2625 => 2641 (R),L
183,12TH EASTERN CLASS CHAMPIONSHI,MASTERS,3,,12556825,IGOR NOVIKOV,2686 => 2687 (R),D
184,12TH EASTERN CLASS CHAMPIONSHI,MASTERS,5,,12542077,LEONID G YUDASIN,2654 => 2663 (R),D
185,2003 U. S. CHAMPIONSHIP!,CHAMPIONS!,7,,12473035,BORIS GULKO,2694 => 2697 (R),D
186,2002 NORTHEAST CHESS FALL GETA,OPEN,3,,12528454,ALEKS WOJTKIEWICZ,2647 => 2651 (R),D
187,3RD DAVID M LEES MEMORIAL,OPEN,5,,12576446,ILDAR IBRAGIMOV,2649 => 2651 (R),D
188,7TH BRADLEY OPEN!,OPEN!,5,,12576446,ILDAR IBRAGIMOV,2692 => 2691 (R),D
189,30TH ANNUAL WORLD OPEN,OPEN!,7,,12675584,ROLAND SCHMALTZ,2628 => 2621 (R),W
190,9TH NY STATE OPEN!,OPEN,4,,12715435,ALEXANDER STRIPUNSKY,2636 => 2637 (R),W
191,NYS GAME/45 CHAMPIONSHIP!,OPEN,4,,12715435,ALEXANDER STRIPUNSKY,2630 => 2636 (R),D
192,MILLENNIUM CHESS FESTIVAL III,OPEN,4,,12715435,ALEXANDER STRIPUNSKY,2650 => 2657 (R),D
193,MILLENNIUM CHESS FESTIVAL III,OPEN,5,,12544264,ALEXANDER SHABALOV,2682 => 2694 (R),L
194,2002 U. S. CHAMPIONSHIPS,,8,,12670753,GREGORY SERPER,2622 => 2624 (R),D
195,2001 NORTH EAST CHESS FALL GET,OPEN,5,,12528454,ALEKS WOJTKIEWICZ,2652 => 2664 (R),D
196,19TH ANNUAL WESTERN STATES OPE,OPEN,5,,12715435,ALEXANDER STRIPUNSKY,2640 => 2643 (R),D
197,2001 NEW JERSEY OPEN,1,2,,12556825,IGOR NOVIKOV,2672 => 2678 (R),D
198,2001 NEW JERSEY OPEN,1,5,,12542077,LEONID G YUDASIN,2689 => 2702 (R),D
199,SAMMOUR CHESS ACADEMY OPEN,OPEN,4,,10460921,LARRY M CHRISTIANSEN,2675 => 2664 (R),W
200,2001 NATIONAL OPEN,OPEN,5,,12650692,ROB CIFUENTES PARADA,2614 => 2615 (R),W
201,2001 NATIONAL OPEN,OPEN,6,,12835475,HAO YIN,2652 => 2681 (R),D
202,2001 NORTH EAST CHESS GETAWAY,OPEN,3,,10460921,LARRY M CHRISTIANSEN,2665 => 2670 (R),D
203,4TH LYMAN WINTER CHESSFEST,OPEN,3,,11257585,SERGEY KUDRIN,2620 => 2621 (R),D
204,4TH LYMAN WINTER CHESSFEST,OPEN,4,,10460921,LARRY M CHRISTIANSEN,2669 => 2672 (R),D
205,4TH LYMAN WINTER CHESSFEST,OPEN,5,,12715435,ALEXANDER STRIPUNSKY,2661 => 2670 (R),D
206,2000 US INVITATIONAL CHAMP,CHAMP,2,,12544264,ALEXANDER SHABALOV,2669 => 2684 (R),D
207,2000 US INVITATIONAL CHAMP,CHAMP,3,,10102511,JOEL BENJAMIN,2614 => 2642 (R),L
208,2000 US INVITATIONAL CHAMP,CHAMP,4,,12543746,GREGORY KAIDANOV,2693 => 2694 (R),D
209,2000 US INVITATIONAL CHAMP,CHAMP,5,,12212800,DMITRY GUREVICH,2644 => 2656 (R),D
210,2000 US INVITATIONAL CHAMP,CHAMP,7,,10460921,LARRY M CHRISTIANSEN,2666 => 2665 (R),D
211,2000 US INVITATIONAL CHAMP,CHAMP,8,,10469007,NICK E DE FIRMIAN,2663 => 2663 (R),W
212,2000 US INVITATIONAL CHAMP,CHAMP,10,,12534917,ALEX YERMOLINSKY,2672 => 2655 (R),D
213,2000 US INVITATIONAL CHAMP,CHAMP,11,,10604737,JOHN P FEDOROWICZ,2629 => 2622 (R),D
214,2000 US INVITATIONAL CHAMP,CHAMP,12,,12670753,GREGORY SERPER,2606 => 2605 (R),D
215,CONTINENTAL OPEN,OPEN,5,,12624969,PAVEL BLATNY,2633 => 2639 (R),D
216,CONTINENTAL OPEN,OPEN,9,,12528454,ALEKS WOJTKIEWICZ,2660 => 2679 (R),D
217,2ND CCA/CHESSWISE INTERNATIONA,,2,,12809260,VLADIMIR LAZAREV,2631 => 2546 (R),W
218,28TH ANNUAL WORLD OPEN,OPEN!,5,,12624969,PAVEL BLATNY,2608 => 2628 (R),W
219,28TH ANNUAL WORLD OPEN,OPEN!,7,,12556822,ALEXANDER GOLDIN,2683 => 2695 (R),D
220,28TH ANNUAL WORLD OPEN,OPEN!,8,,10102511,JOEL BENJAMIN,2622 => 2630 (R),D
221,28TH ANNUAL WORLD OPEN,OPEN!,9,,12545137,JULIAN HODGSON,2659 => 2656 (R),D
222,NEW YORK OPEN,OPEN,6,,12807414,PAVEL TREGUBOV,2665 => 2701 (R),D
223,NEW YORK OPEN,OPEN,7,,12596332,VICTOR BOLOGAN,2687 => 2678 (R),W
224,NEW YORK OPEN,OPEN,8,,12528452,VLADIMIR EPISHIN,2664 => 2651 (R),D
225,NEW YORK OPEN,OPEN,9,,12544264,ALEXANDER SHABALOV,2668 => 2654 (R),W
226,MCC SPRING SWISS,OPEN,4,,11257585,SERGEY KUDRIN,2607 => 2607 (R),D
227,2000 U.S. MASTERS,,7,,12543746,GREGORY KAIDANOV,2677 => 2685 (R),D
228,9TH EASTERN CLASS CHAMPIONSHIP,MASTERS!,3,,10460921,LARRY M CHRISTIANSEN,2655 => 2662 (R),D
229,9TH EASTERN CLASS CHAMPIONSHIP,MASTERS!,4,,11257585,SERGEY KUDRIN,2623 => 2624 (R),D
230,24TH QUEEN CITY OPEN,OPEN,4,,12528454,ALEKS WOJTKIEWICZ,2667 => 2670 (R),D
231,Land of the Sky XIII,Open,4,,12556822,ALEXANDER GOLDIN,2678 => 2673 (R),D
232,Land of the Sky XIII,Open,5,,12544264,ALEXANDER SHABALOV,2642 => 2639 (R),L
233,3RD HARRY LYMAN OPEN,OPEN,4,,10460921,LARRY M CHRISTIANSEN,2642 => 2655 (R),D
234,30TH NATIONAL CHESS CONGRESS:,OPEN,5,,10102511,JOEL BENJAMIN,2666 => 2673 (R),D
235,30TH NATIONAL CHESS CONGRESS:,OPEN,6,,12556822,ALEXANDER GOLDIN,2657 => 2670 (R),D
236,5TH ANNUAL BOSTON UNIVERSITY O,OPEN,4,,10102511,JOEL BENJAMIN,2665 => 2666 (R),D
237,17TH ANNUAL WESTERN STATES OPE,MASTER,5,,12534917,ALEX YERMOLINSKY,2696 => 2697 (R),L
238,66TH GREATER BOSTON OPEN,OPEN,4,,11257585,SERGEY KUDRIN,2605 => 2602 (R),W
239,27TH HARVARD OPEN,OPEN,3,,11257585,SERGEY KUDRIN,2605 => 2605 (R),D
240,INTERPLAY US CHESS CHAMP,SEC 2,1,,12543746,GREGORY KAIDANOV,2693 => 2677 (R),W
241,INTERPLAY US CHESS CHAMP,SEC 2,2,,10469007,NICK E DE FIRMIAN,2682 => 2676 (R),W
242,INTERPLAY US CHESS CHAMP,SEC 2,3,,12114210,ROMAN DZINDZICHASHVILI,2606 => 2605 (R),D
243,INTERPLAY US CHESS CHAMP,SEC 2,5,,12670753,GREGORY SERPER,2642 => 2659 (R),L
244,INTERPLAY US CHESS CHAMP,SEC 2,6,,10102511,JOEL BENJAMIN,2665 => 2669 (R),D
245,27TH ANNUAL WORLD OPEN,OPEN!!!,5,,10102511,JOEL BENJAMIN,2662 => 2681 (R),D
246,27TH ANNUAL WORLD OPEN,OPEN!!!,6,,12528454,ALEKS WOJTKIEWICZ,2673 => 2660 (R),W
247,27TH ANNUAL WORLD OPEN,OPEN!!!,7,,10460921,LARRY M CHRISTIANSEN,2663 => 2642 (R),W
248,CCA-CHESSWISE INTERNATIONAL!!,17 GMS!!,3,,12545919,GEORGE TIMOSHENKO,2620 => 2615 (R),D
249,CCA-CHESSWISE INTERNATIONAL!!,17 GMS!!,6,,12556825,IGOR NOVIKOV,2692 => 2687 (R),D
250,CCA-CHESSWISE INTERNATIONAL!!,17 GMS!!,9,,12544264,ALEXANDER SHABALOV,2639 => 2628 (R),L
251,8TH ANNUAL CHICAGO OPEN,OPEN!,3,,10469007,NICK E DE FIRMIAN,2688 => 2682 (R),D
252,MCC SPRING SWI...N TWO SECTION,OPEN,5,,11257585,SERGEY KUDRIN,2613 => 2621 (R),L
253,1ST ANNUAL FOXWOODS OPEN,OPEN,4,,12545919,GEORGE TIMOSHENKO,2632 => 2619 (R),L
254,8TH EASTERN CLASS CHAMPIONSHIP,MASTERS!!,4,,12556825,IGOR NOVIKOV,2676 => 2674 (R),D
255,12TH SUPER(!) SATURDAY IN NEW,LOOK ROBIN,4,,12746489,GIORGI KACHEISHVILI,2656 => 2674 (R),D
256,29TH NATIONAL CHESS CONGRESS!,OPEN!,5,,12746489,GIORGI KACHEISHVILI,2674 => 2681 (R),L
257,30TH ATLANTIC OPEN!!,OPEN!,3,,12528454,ALEKS WOJTKIEWICZ,2668 => 2672 (R),D
258,9TH VERMONT RESORT OPEN!,OPEN,2,,12528454,ALEKS WOJTKIEWICZ,2672 => 2672 (R),D
259,9TH VERMONT RESORT OPEN!,OPEN,5,,11257585,SERGEY KUDRIN,2609 => 2613 (R),D
260,3RD BRADLEY OPEN!,OPEN,4,,10460921,LARRY M CHRISTIANSEN,2662 => 2657 (R),W
261,26TH ANNUAL WORLD OPEN,OPEN,8,,12473035,BORIS GULKO,2691 => 2686 (R),D
262,7TH ANNUAL CHICAGO OPEN,OPEN!!!,3,,10460921,LARRY M CHRISTIANSEN,2655 => 2650 (R),D
263,7TH ANNUAL CHICAGO OPEN,OPEN!!!,4,,12670753,GREGORY SERPER,2616 => 2619 (R),D
264,7TH ANNUAL CHICAGO OPEN,OPEN!!!,5,,12543746,GREGORY KAIDANOV,2698 => 2688 (R),D
265,7TH ANNUAL CHICAGO OPEN,OPEN!!!,6,,12528452,VLADIMIR EPISHIN,2685 => 2682 (R),L
266,MARCHAND OPEN 20TH ANNUAL,OPEN,5,,12624969,PAVEL BLATNY,2656 => 2661 (R),D
267,1998 NATIONAL OPEN,OPEN,4,,10102511,JOEL BENJAMIN,2662 => 2660 (R),D
268,1998 NATIONAL OPEN,OPEN,5,,12514557,JAAN EHLVEST,2694 => 2705 (R),L
269,1998 New York Open,Open,3,,12493192,JULIO GRANDA-ZUNIGA,2619 => 2636 (R),D
270,1998 New York Open,Open,4,,12528412,MIKHAIL GUREVICH,2636 => 2662 (R),L
271,7TH EASTERN CLASS CHAMPIONSHIP,10 GM'S!!!,2,,12655634,ANDREI KHARLOV,2642 => 2659 (R),L
272,1ST HARRY LYMAN OPEN,OPEN,4,,11257585,SERGEY KUDRIN,2625 => 2618 (R),W
273,24TH EASTERN OPEN,OPEN,7,,11257585,SERGEY KUDRIN,2616 => 2625 (R),D
274,24TH EASTERN OPEN,OPEN,8,,12534917,ALEX YERMOLINSKY,2694 => 2694 (R),D
275,FOUR QUEENS HOLIDAY CLASS CHAM,MASTER,5,,12670753,GREGORY SERPER,2613 => 2628 (R),D
276,15TH ANNUAL WESTERN STATES OPE,OPEN,3,,11257585,SERGEY KUDRIN,2633 => 2641 (R),L
277,1997 INTERPLAY US CHAMP,SEC A,1,,10102511,JOEL BENJAMIN,2656 => 2675 (R),L
278,1997 INTERPLAY US CHAMP,SEC A,2,,10460921,LARRY M CHRISTIANSEN,2632 => 2655 (R),D
279,1997 INTERPLAY US CHAMP,SEC A,3,,10604737,JOHN P FEDOROWICZ,2601 => 2621 (R),L
280,1997 INTERPLAY US CHAMP,SEC A,4,,12534917,ALEX YERMOLINSKY,2698 => 2686 (R),L
281,1997 INTERPLAY US CHAMP,SEC A,5,,12473035,BORIS GULKO,2678 => 2670 (R),D
282,1997 INTERPLAY US CHAMP,SEC A,6,,10488192,WALTER S BROWNE,2625 => 2617 (R),L
283,98TH ANNUAL US OPEN - 1997,U.S. OPEN!,10,,12534917,ALEX YERMOLINSKY,2678 => 2698 (R),D
284,2ND BRADLEY OPEN!,OPEN,3,,12624969,PAVEL BLATNY,2675 => 2677 (R),L
285,25TH ANNUAL WORLD OPEN,OPEN!,5,,12528452,VLADIMIR EPISHIN,2654 => 2665 (R),D
286,4TH NY STATE OPEN,OPEN,5,,12528454,ALEKS WOJTKIEWICZ,2692 => 2690 (R),D
287,6TH ANNUAL CHICAGO OPEN,OPEN,3,,12624969,PAVEL BLATNY,2625 => 2631 (R),L
288,1997 NATIONAL OPEN,OPEN,5,,12218330,JOHANN HJARTARSON,2617 => 2617 (R),W
289,1997 NATIONAL OPEN,OPEN,6,,12708188,ALEXANDER BABURIN,2658 => 2670 (R),L
290,1997 New York Open,OPEN,3,,10604737,JOHN P FEDOROWICZ,2626 => 2622 (R),D
291,1997 New York Open,OPEN,5,,12536729,BORIS KREIMAN,2607 => 2590 (R),W
292,1997 New York Open,OPEN,6,,12576446,ILDAR IBRAGIMOV,2646 => 2667 (R),L
293,1997 New York Open,OPEN,9,,12077910,ALEXANDER FISHBEIN,2602 => 2609 (R),D
294,MID AMERICA CLASS CHAMPIONSHIP,MASTER,5,,12706957,ANTOANETA STEFANOVA,2670 => 2632 (R),L
295,14TH ANNUAL BERMUDA INT'L OPEN,1,4,,12545137,JULIAN HODGSON,2610 => 2614 (R),D
296,Land of the Sky X,OPEN,5,,12543746,GREGORY KAIDANOV,2692 => 2695 (R),D
297,29TH ANNUAL LIBERTY BELL OPEN,OPEN!,5,,11257585,SERGEY KUDRIN,2612 => 2614 (R),W
298,29TH ANNUAL LIBERTY BELL OPEN,OPEN!,6,,12544869,ILYA SMIRIN,2655 => 2671 (R),L
299,23RD EASTERN OPEN,OPEN,7,,12544264,ALEXANDER SHABALOV,2640 => 2636 (R),D
300,PINFORK GP 4 OF 4,OPEN,6,,11257585,SERGEY KUDRIN,2601 => 2600 (R),D
301,5TH KINGS ISLAND OPEN!,OPEN!,4,,12543746,GREGORY KAIDANOV,2687 => 2679 (R),W
302,5TH KINGS ISLAND OPEN!,OPEN!,5,,12528454,ALEKS WOJTKIEWICZ,2689 => 2687 (R),W
303,14TH ANNUAL WESTERN STATES OPE,OPEN,6,,12543746,GREGORY KAIDANOV,2679 => 2686 (R),D
304,97TH ANNUAL US OPEN - 1996,Traditiona,11,,12670753,GREGORY SERPER,2694 => 2703 (R),D
305,1996 INTERPLAY US CHAMPIONSHIP,,1,,12534917,ALEX YERMOLINSKY,2691 => 2714 (R),D
306,1996 INTERPLAY US CHAMPIONSHIP,,2,,12473035,BORIS GULKO,2683 => 2693 (R),D
307,1996 INTERPLAY US CHAMPIONSHIP,,3,,12543746,GREGORY KAIDANOV,2673 => 2686 (R),D
308,1996 INTERPLAY US CHAMPIONSHIP,,4,,12212800,DMITRY GUREVICH,2667 => 2673 (R),L
309,1996 INTERPLAY US CHAMPIONSHIP,,6,,10469007,NICK E DE FIRMIAN,2654 => 2640 (R),D
310,1996 INTERPLAY US CHAMPIONSHIP,,7,,10460921,LARRY M CHRISTIANSEN,2654 => 2640 (R),W
311,1996 INTERPLAY US CHAMPIONSHIP,,8,,10102511,JOEL BENJAMIN,2648 => 2636 (R),W
312,1996 INTERPLAY US CHAMPIONSHIP,,9,,12114210,ROMAN DZINDZICHASHVILI,2626 => 2620 (R),D
313,1996 INTERPLAY US CHAMPIONSHIP,,10,,12078790,LEV ALBURT,2624 => 2619 (R),L
314,1996 INTERPLAY US CHAMPIONSHIP,,11,,12544264,ALEXANDER SHABALOV,2608 => 2608 (R),W
315,1996 INTERPLAY US CHAMPIONSHIP,,13,,12237320,IGOR V IVANOV,2609 => 2592 (R),D
316,24TH ANNUAL WORLD OPEN,OPEN!,9,,12556822,ALEXANDER GOLDIN,2634 => 2651 (R),D
317,3RD ANNUAL FAR WEST OPEN,OPEN,4,,10488192,WALTER S BROWNE,2600 => 2609 (R),D
318,3RD ANNUAL FAR WEST OPEN,OPEN,5,,12237320,IGOR V IVANOV,2613 => 2624 (R),D
319,NATIONAL OPEN,CHAMPION,6,,10469007,NICK E DE FIRMIAN,2645 => 2655 (R),D
320,MID-AMERICA CLASS CHAMPIONSHIP,MASTER,3,,12212800,DMITRY GUREVICH,2657 => 2643 (R),W
321,MID-AMERICA CLASS CHAMPIONSHIP,MASTER,4,,12534917,ALEX YERMOLINSKY,2669 => 2665 (R),D
322,1996 BERMUDA INTERNATIONAL,OPEN,5,,10469007,NICK E DE FIRMIAN,2681 => 2688 (R),D
323,CHESS-IN-THE-SCHOOLS INT. QUAL,,3,,12114210,ROMAN DZINDZICHASHVILI,2622 => 2634 (R),D
324,CHESS-IN-THE-SCHOOLS INT. QUAL,,4,,10604737,JOHN P FEDOROWICZ,2609 => 2610 (R),W
325,CHESS-IN-THE-SCHOOLS INT. QUAL,,5,,12670753,GREGORY SERPER,2676 => 2695 (R),L
326,24TH ANNUAL EMPIRE CITY OPEN!!,,4,,10469007,NICK E DE FIRMIAN,2694 => 2701 (R),D
327,1995 INTERPLAY US CHAMP,,1,,11343406,PATRICK G WOLFF,2679 => 2695 (R),D
328,1995 INTERPLAY US CHAMP,,2,,10469007,NICK E DE FIRMIAN,2678 => 2694 (R),L
329,1995 INTERPLAY US CHAMP,,4,,12534917,ALEX YERMOLINSKY,2636 => 2657 (R),D
330,1995 INTERPLAY US CHAMP,,5,,12473035,BORIS GULKO,2686 => 2685 (R),W
331,1995 INTERPLAY US CHAMP,,7,,10102511,JOEL BENJAMIN,2648 => 2634 (R),D
332,1995 INTERPLAY US CHAMP,,8,,12114210,ROMAN DZINDZICHASHVILI,2631 => 2622 (R),D
333,1995 INTERPLAY US CHAMP,,9,,12212800,DMITRY GUREVICH,2624 => 2617 (R),W
334,1995 INTERPLAY US CHAMP,,10,,12543746,GREGORY KAIDANOV,2690 => 2656 (R),D
335,1995 INTERPLAY US CHAMP,,12,,12556361,IGOR KHMELNITSKY,2623 => 2601 (R),W
336,6TH JOE SPARKS OPEN,MASTERS,4,,12542086,GENNADY ZAITCHIK,2613 => 2613 (R),W
337,13TH ANNUAL SAND REGENCY WESTE,OPEN,6,,11257585,SERGEY KUDRIN,2624 => 2607 (R),W
338,1995 US CLASS CHAMPIONSHIPS,1,4,,12534917,ALEX YERMOLINSKY,2648 => 2643 (R),D
339,117TH ANNUAL NY STATE CHAMPION,CHAMPIONS,4,,12542086,GENNADY ZAITCHIK,2609 => 2617 (R),L
340,117TH ANNUAL NY STATE CHAMPION,CHAMPIONS,5,,11512798,VICTOR J FRIAS,2600 => 2612 (R),L
341,4TH ANNUAL NYS ACTION CHAMPION,,4,,10102511,JOEL BENJAMIN,2644 => 2649 (R),D
342,27TH ANNUAL ATLANTIC OPEN,OPEN,5,,12542086,GENNADY ZAITCHIK,2605 => 2609 (R),D
343,3RD ANNUAL NY STATE OPEN,OPEN,5,,12534917,ALEX YERMOLINSKY,2639 => 2636 (R),D
344,6TH ANNUAL VERMONT RESORT OPEN,OPEN,3,,12542086,GENNADY ZAITCHIK,2609 => 2623 (R),L
345,6TH ANNUAL VERMONT RESORT OPEN,OPEN,5,,12534917,ALEX YERMOLINSKY,2642 => 2641 (R),W
346,2ND ANNUAL PCA/INTEL NY QUALIF,,3,,12544264,ALEXANDER SHABALOV,2682 => 2648 (R),L
347,2ND ANNUAL PCA/INTEL NY QUALIF,,5,,12624973,EVGENY PIGUSOV,2628 => 2649 (R),L
348,2ND ANNUAL PCA/INTEL NY QUALIF,,6,,10102511,JOEL BENJAMIN,2663 => 2624 (R),L
349,4TH ANNUAL CHICAGO OPEN,OPEN,3,,10102511,JOEL BENJAMIN,2660 => 2663 (R),D
350,4TH ANNUAL CHICAGO OPEN,OPEN,4,,12534917,ALEX YERMOLINSKY,2633 => 2629 (R),L
351,4TH ANNUAL CHICAGO OPEN,OPEN,6,,12543746,GREGORY KAIDANOV,2663 => 2677 (R),L
352,1995 New York Open,Open,6,,12650690,VLADISLAV TKACHIEV,2647 => 2656 (R),L
353,1995 New York Open,Open,8,,12650691,PAUL VAN DER STERREN,2635 => 2637 (R),L
354,3RD BUFFALO OPEN,OPEN,4,,12534917,ALEX YERMOLINSKY,2673 => 2672 (R),D
355,EMPIRE CITY OPEN,OPEN,3,,12534917,ALEX YERMOLINSKY,2665 => 2669 (R),D
356,EMPIRE CITY OPEN,OPEN,4,,12077910,ALEXANDER FISHBEIN,2648 => 2636 (R),W
357,3RD NEW ENGLAND CLASS CHAMPION,MASTERS!,3,,10047871,MICHAEL A ROHDE,2671 => 2670 (R),D
358,3RD NEW ENGLAND CLASS CHAMPION,MASTERS!,5,,10469007,NICK E DE FIRMIAN,2650 => 2639 (R),W
359,1994 NAT'L US CHAMPIONSHIP,,1,,12473035,BORIS GULKO,2654 => 2695 (R),D
360,1994 NAT'L US CHAMPIONSHIP,,2,,10509459,YASSER SEIRAWAN,2660 => 2676 (R),D
361,1994 NAT'L US CHAMPIONSHIP,,4,,12544264,ALEXANDER SHABALOV,2662 => 2670 (R),L
362,1994 NAT'L US CHAMPIONSHIP,,5,,12534917,ALEX YERMOLINSKY,2656 => 2665 (R),L
363,1994 NAT'L US CHAMPIONSHIP,,6,,10102511,JOEL BENJAMIN,2654 => 2663 (R),L
364,1994 NAT'L US CHAMPIONSHIP,,8,,10488192,WALTER S BROWNE,2648 => 2643 (R),D
365,1994 NAT'L US CHAMPIONSHIP,,9,,12543746,GREGORY KAIDANOV,2694 => 2668 (R),L
366,1994 NAT'L US CHAMPIONSHIP,,10,,10469007,NICK E DE FIRMIAN,2679 => 2650 (R),D
367,1994 NAT'L US CHAMPIONSHIP,,11,,12212800,DMITRY GUREVICH,2651 => 2629 (R),D
368,1994 NAT'L US CHAMPIONSHIP,,12,,11264417,BENJAMIN P FINEGOLD,2623 => 2594 (R),W
369,61ST GREATER BOSTON OPEN,OPEN,3,,12627195,MIKHAIL PERELSHTEYN,2674 => 2604 (R),W
370,22ND ANNUAL WORLD OPEN,OPEN,8,,12438054,YEHUDA GRUENFELD,2619 => 2618 (R),D
371,22ND ANNUAL WORLD OPEN,OPEN,9,,12498016,UTUT ADIANTO,2625 => 2639 (R),D
372,3RD ANNUAL CHICAGO OPEN,OPEN,7,,12212800,DMITRY GUREVICH,2651 => 2666 (R),D
373,NEW YORK OPEN - 1994,OPEN,5,,10102511,JOEL BENJAMIN,2676 => 2688 (R),D
374,NEW YORK OPEN - 1994,OPEN,6,,12077910,ALEXANDER FISHBEIN,2611 => 2612 (R),W
375,NEW YORK OPEN - 1994,OPEN,7,,12561112,VLADIMIR AKOPIAN,2671 => 2681 (R),D
376,MID-AMERICA CLASS CHAMPIONSHIP,MASTER,3,,10469007,NICK E DE FIRMIAN,2656 => 2653 (R),L
377,EASTERN CLASS CHAMPIONSHIPS,MASTERS,5,,11343406,PATRICK G WOLFF,2659 => 2670 (R),D
378,PACIFIC COAST OPEN,OPEN,4,,10488192,WALTER S BROWNE,2626 => 2639 (R),D
379,3RD  ANNUAL NORTH AMERICAN OPEN,OPEN,5,,12212800,DMITRY GUREVICH,2682 => 2692 (R),D
380,3RD  ANNUAL NORTH AMERICAN OPEN,OPEN,6,,10488192,WALTER S BROWNE,2646 => 2643 (R),L
381,NAT'L US CHAMPIONSHIP,,4,,12212800,DMITRY GUREVICH,2675 => 2682 (R),D
382,NAT'L US CHAMPIONSHIP,,8,,10102511,JOEL BENJAMIN,2685 => 2666 (R),L
383,NAT'L US CHAMPIONSHIP,,10,,11343406,PATRICK G WOLFF,2664 => 2651 (R),D
384,NAT'L US CHAMPIONSHIP,,11,,12114210,ROMAN DZINDZICHASHVILI,2628 => 2615 (R),D
385,NAT'L US CHAMPIONSHIP,,12,,12473035,BORIS GULKO,2694 => 2657 (R),D
386,29TH ANNUAL AMERICAN OPEN,OPEN,5,,12212800,DMITRY GUREVICH,2692 => 2675 (R),W
387,29TH ANNUAL AMERICAN OPEN,OPEN,6,,12577974,LOEK VAN WELY,2684 => 2693 (R),D
388,29TH ANNUAL AMERICAN OPEN,OPEN,8,,11343406,PATRICK G WOLFF,2659 => 2664 (R),D
389,4TH ANNUAL VERMONT RESORT OPEN,OPEN,4,,10047871,MICHAEL A ROHDE,2662 => 2645 (R),W
390,94TH ANNUAL US OPEN - 1993,,7,,12543746,GREGORY KAIDANOV,2699 => 2702 (R),W
391,94TH ANNUAL US OPEN - 1993,,8,,12544264,ALEXANDER SHABALOV,2695 => 2719 (R),L
392,94TH ANNUAL US OPEN - 1993,,9,,10469007,NICK E DE FIRMIAN,2634 => 2651 (R),L
393,21ST ANNUAL WORLD OPEN,OPEN,4,,10469007,NICK E DE FIRMIAN,2608 => 2634 (R),L
394,21ST ANNUAL WORLD OPEN,OPEN,8,,12078790,LEV ALBURT,2612 => 2621 (R),W
395,21ST ANNUAL WORLD OPEN,OPEN,9,,12544264,ALEXANDER SHABALOV,2696 => 2695 (R),D
396,2ND ANNUAL CHICAGO OPEN,OPEN,5,,12212800,DMITRY GUREVICH,2639 => 2649 (R),D
397,2ND ANNUAL CHICAGO OPEN,OPEN,7,,11264417,BENJAMIN P FINEGOLD,2608 => 2615 (R),W
398,PHILADELPHIA OPEN,OPEN,4,,12534917,ALEX YERMOLINSKY,2680 => 2670 (R),D
399,PHILADELPHIA OPEN,OPEN,5,,11257585,SERGEY KUDRIN,2657 => 2671 (R),D
400,PACIFIC COAST OPEN,OPEN,5,,12212800,DMITRY GUREVICH,2623 => 2633 (R),D
401,FIDE ZONAL & US INVIT CHESS CH,,1,,11343406,PATRICK G WOLFF,2658 => 2697 (R),L
402,FIDE ZONAL & US INVIT CHESS CH,,2,,12473035,BORIS GULKO,2684 => 2705 (R),D
403,FIDE ZONAL & US INVIT CHESS CH,,4,,10509459,YASSER SEIRAWAN,2651 => 2667 (R),W
404,FIDE ZONAL & US INVIT CHESS CH,,5,,12212800,DMITRY GUREVICH,2630 => 2653 (R),L
405,FIDE ZONAL & US INVIT CHESS CH,,6,,10604737,JOHN P FEDOROWICZ,2644 => 2655 (R),L
406,FIDE ZONAL & US INVIT CHESS CH,,8,,10102511,JOEL BENJAMIN,2686 => 2676 (R),L
407,FIDE ZONAL & US INVIT CHESS CH,,9,,12256450,ILYA GUREVICH,2604 => 2621 (R),W
408,FIDE ZONAL & US INVIT CHESS CH,,10,,12114210,ROMAN DZINDZICHASHVILI,2630 => 2630 (R),D
409,FIDE ZONAL & US INVIT CHESS CH,,12,,10488192,WALTER S BROWNE,2633 => 2616 (R),D
410,FIDE ZONAL & US INVIT CHESS CH,,13,,11478239,STUART RACHELS,2610 => 2601 (R),L
411,MIDWEST CLASS CHAMPIONSHIPS,MASTER,4,,11257585,SERGEY KUDRIN,2679 => 2681 (R),L
412,20TH ANNUAL WORLD OPEN,OPEN,7,,12528454,ALEKS WOJTKIEWICZ,2606 => 2610 (R),L
413,1ST ANNUAL CHICAGO OPEN,OPEN,4,,12237320,IGOR V IVANOV,2608 => 2614 (R),D
414,1ST ANNUAL CHICAGO OPEN,OPEN,6,,12212800,DMITRY GUREVICH,2603 => 2633 (R),L
415,1ST ANNUAL CHICAGO OPEN,OPEN,7,,12543746,GREGORY KAIDANOV,2657 => 2679 (R),D
416,VERMONT RESORT OPEN,OPEN,3,,12237320,IGOR V IVANOV,2619 => 2616 (R),D
417,NOR'EASTER OPEN,OPEN,3,,11435629,MAXIM DLUGY,2680 => 2685 (R),D
418,MID-AMERICA CLASS CHAMP IN CHI,MASTER,4,,12114210,ROMAN DZINDZICHASHVILI,2655 => 2666 (R),D
419,2ND  ANNUAL NORTH AMERICAN OPEN,,4,,12237320,IGOR V IVANOV,2601 => 2607 (R),D
420,2ND  ANNUAL NORTH AMERICAN OPEN,,5,,12212800,DMITRY GUREVICH,2604 => 2605 (R),D
421,EASTERN OPEN,OPEN,8,,10047871,MICHAEL A ROHDE,2641 => 2647 (R),W
422,NATIONAL CHESS CONGRESS,MASTER SEC,3,,10604737,JOHN P FEDOROWICZ,2632 => 2632 (R),D
423,NATIONAL CHESS CONGRESS,MASTER SEC,4,,11257585,SERGEY KUDRIN,2627 => 2651 (R),L
2,80TH NEW ENGLAND OPEN,CHAMPIONSHIP,3,B,15524414,JIANCHAO ZHOU,2716 => 2724 (R),L
3,LAURENCE SCHMITT MEMORIAL,OPEN,3,W,15524414,JIANCHAO ZHOU,2711 => 2714 (R),D
4,BOSTON ELITE THANKSGIVING OPEN,MASTER,4,W,15524414,JIANCHAO ZHOU,2716 => 2710 (R),D
5,WESTFORD OCTOBER OPEN,CHAMPIONSHIP,3,B,15524414,JIANCHAO ZHOU,2717 => 2716 (R),D
6,79TH NEW ENGLAND OPEN,CHAMPIONSHIP,6,W,15524414,JIANCHAO ZHOU,2716 => 2717 (R),D
7,49TH ANNUAL CONTINENTAL OPEN,PREMIER,6,B,15524414,JIANCHAO ZHOU,2701 => 2716 (R),L
8,24TH BRADLEY OPEN,MAJOR,2,W,15105277,YAROSLAV ZHEREBUKH,2706 => 2706 (R),D
9,WESTFORD JANUARY OPEN,CHAMPIONSHIP,4,W,15524414,JIANCHAO ZHOU,2714 => 2714 (R),D
10,78TH NEW ENGLAND OPEN,CHAMPIONSHIP,4,W,13493815,SAMUEL SEVIAN,2727 => 2727 (R),D
11,2018 SACO OPEN,OPEN,4,W,15524414,JIANCHAO ZHOU,2702 => 2702 (R),D
12,6TH ANNUAL BOSTON CHESS CONGRESS,PREMIER,5,W,15105277,YAROSLAV ZHEREBUKH,2705 => 2701 (R),D
13,MILLIONAIRE CHESS 3,OPEN,2,B,16110022,ADHIBAN BASKARAN,2763 => 2697 (R),D
14,MILLIONAIRE CHESS 3,OPEN,3,W,14255497,RAUF MAMEDOV,2721 => 2734 (R),L
15,45TH ANNUAL CONTINENTAL OPEN,OPEN,6,,12528459,GATA KAMSKY,2768 => 2769 (R),D
16,2014 MILLIONAIRE CHESS OPEN,OPEN,2,,13145890,WESLEY SO,2780 => 2798 (R),L
17,2014 MILLIONAIRE CHESS OPEN,OPEN,5,,12875236,EVGENY NAJER,2715 => 2714 (R),L
18,3RD ANNUAL RENO - LARRY EVANS MEMOR,OPEN,5,,13262157,TIMUR GAREYEV,2751 => 2755 (R),L
19,43RD ANNUAL CONTINENTAL OPEN,OPEN!,6,,14651144,TAMAZ GELASHVILI,2700 => 2703 (R),D
20,2013 U.S. CHAMPIONSHIP,SECTION1,1,W,12847250,RAY ROBSON,2700 => 2698 (R),D
21,BOSTON CHESS CONGRESS,PREMIER,5,,14979697,CHAO LI,2777 => 2792 (R),D
22,21ST ANNUAL EASTERN CLASS,MASTER,4,,14651144,TAMAZ GELASHVILI,2721 => 2716 (R),W
23,CONTINENTAL OPEN,OPEN,3,,14651144,TAMAZ GELASHVILI,2714 => 2735 (R),L
24,ATLANTIC CITY INTERNATIONAL 2010,OPEN,3,,12528459,GATA KAMSKY,2797 => 2804 (R),L
25,38TH ANNUAL WORLD OPEN,OPEN,4,,12544869,ILYA SMIRIN,2758 => 2767 (R),D
26,38TH ANNUAL WORLD OPEN,OPEN,5,,12577974,LOEK VAN WELY,2721 => 2729 (R),L
27,27TH WESTERN STATES,OPEN,5,,12577974,LOEK VAN WELY,2733 => 2711 (R),D
28,37TH ANNUAL WORLD OPEN,OPEN,2,,12528459,GATA KAMSKY,2773 => 2767 (R),D
29,37TH ANNUAL WORLD OPEN,OPEN,6,,12741541,YURY SHULMAN,2712 => 2695 (R),D
30,2009 NATIONAL OPEN CHAMPIONSHIP,OPEN,3,,12577974,LOEK VAN WELY,2728 => 2733 (R),L
31,11TH ANNUAL FOXWOODS OPEN,OPEN,3,,12641216,HIKARU NAKAMURA,2736 => 2730 (R),D
32,11TH ANNUAL FOXWOODS OPEN,OPEN,8,,12577974,LOEK VAN WELY,2730 => 2734 (R),L
33,36TH ANNUAL WORLD OPEN,OPEN,7,,13992042,PARIMARJAN NEGI,2730 => 2746 (R),D
34,36TH ANNUAL WORLD OPEN,OPEN,9,,13043173,ALEXANDER MOISEENKO,2716 => 2727 (R),L
35,FRANK K. BERRY U.S. CHAMPIONSHIP,USCHAMP200,3,,12625186,ALEXANDER ONISCHUK,2712 => 2728 (R),L
36,NATIONAL CHESS CONGRESS,NCCPR,4,,12641216,HIKARU NAKAMURA,2707 => 2724 (R),L
37,11TH ANNUAL BRADLEY OPEN!,OPEN!,5,,12542077,LEONID G YUDASIN,2720 => 2719 (R),D
38,8TH ANNUAL FOXWOODS OPEN,FOX-OPEN,5,,12544869,ILYA SMIRIN,2797 => 2799 (R),L
39,2006 US CHAMPIONSHIP,"""B""",9,,12543746,GREGORY KAIDANOV,2712 => 2687 (R),D
40,33RD ANNUAL WORLD OPEN,WO-O,5,,12528459,GATA KAMSKY,2712 => 2713 (R),D
41,FIRST ANNUAL HB GLOBAL CHESS CHALLE,OPEN,9,,12577974,LOEK VAN WELY,2724 => 2718 (R),D
42,7TH ANNUAL FOXWOODS OPEN,FOX-OP,7,,12514557,JAAN EHLVEST,2703 => 2705 (R),D
43,22ND ANNUAL WESTERN STATES OPE,OPEN SECTI,6,,12641216,HIKARU NAKAMURA,2723 => 2742 (R),D
44,32ND ANNUAL WORLD OPEN,OPEN!!,8,,12514557,JAAN EHLVEST,2712 => 2717 (R),D
45,CCA-ICC INTERNATIONAL,INTL,5,,12514557,JAAN EHLVEST,2712 => 2706 (R),D
46,6TH ANNUAL FOXWOODS OPEN,OPEN,4,,12556822,ALEXANDER GOLDIN,2700 => 2712 (R),L
47,2003 U. S. CHAMPIONSHIP!,CHAMPIONS!,9,,12543746,GREGORY KAIDANOV,2742 => 2743 (R),D
48,3RD DAVID M LEES MEMORIAL,OPEN,3,,12556825,IGOR NOVIKOV,2724 => 2723 (R),D
49,30TH ANNUAL WORLD OPEN,OPEN!,5,,12625186,ALEXANDER ONISCHUK,2749 => 2754 (R),L
50,EDWARD LEVY MEMORIAL COLO CLAS,OPEN,5,,12543746,GREGORY KAIDANOV,2720 => 2730 (R),L
51,19TH ANNUAL WESTERN STATES OPE,OPEN,4,,12625186,ALEXANDER ONISCHUK,2723 => 2735 (R),D
52,33RD ANNUAL LIBERTY BELL OPEN,OPEN,6,,12544264,ALEXANDER SHABALOV,2716 => 2699 (R),W
53,2000 US INVITATIONAL CHAMP,CHAMP,1,,10509459,YASSER SEIRAWAN,2703 => 2709 (R),D
54,2000 US INVITATIONAL CHAMP,CHAMP,9,,12473035,BORIS GULKO,2752 => 2714 (R),D
55,CONTINENTAL OPEN,OPEN,8,,12544869,ILYA SMIRIN,2772 => 2789 (R),D
56,2ND CCA/CHESSWISE INTERNATIONA,,7,,12514557,JAAN EHLVEST,2732 => 2733 (R),L
57,28TH ANNUAL WORLD OPEN,OPEN!,6,,12543746,GREGORY KAIDANOV,2701 => 2695 (R),D
58,NEW YORK OPEN,OPEN,3,,12544869,ILYA SMIRIN,2756 => 2772 (R),D
59,2000 U.S. MASTERS,,3,,12556825,IGOR NOVIKOV,2701 => 2705 (R),L
60,4TH ANNUAL GOVERNOR'S CUP,OPEN,4,,12534917,ALEX YERMOLINSKY,2701 => 2703 (R),D
61,INTERPLAY US CHESS CHAMP,SEC 2,4,,10509459,YASSER SEIRAWAN,2702 => 2701 (R),L
62,27TH ANNUAL WORLD OPEN,OPEN!!!,8,,12514557,JAAN EHLVEST,2734 => 2741 (R),D
63,27TH ANNUAL WORLD OPEN,OPEN!!!,9,,12561112,VLADIMIR AKOPIAN,2729 => 2734 (R),L
64,CCA-CHESSWISE INTERNATIONAL!!,17 GMS!!,5,,12528454,ALEKS WOJTKIEWICZ,2701 => 2681 (R),W
65,CCA-CHESSWISE INTERNATIONAL!!,17 GMS!!,7,,12556822,ALEXANDER GOLDIN,2728 => 2696 (R),D
66,8TH ANNUAL CHICAGO OPEN,OPEN!,4,,12556822,ALEXANDER GOLDIN,2716 => 2728 (R),L
67,8TH ANNUAL CHICAGO OPEN,OPEN!,7,,12596331,ARTASHES MINASIAN,2715 => 2706 (R),W
68,8TH EASTERN CLASS CHAMPIONSHIP,MASTERS!!,3,,12556822,ALEXANDER GOLDIN,2700 => 2701 (R),D
69,26TH ANNUAL WORLD OPEN,OPEN,9,,12528454,ALEKS WOJTKIEWICZ,2719 => 2727 (R),L
70,EMPIRE STATE OPEN,OPEN,2,,12543746,GREGORY KAIDANOV,2702 => 2696 (R),D
71,EMPIRE STATE OPEN,OPEN,4,,12543746,GREGORY KAIDANOV,2702 => 2696 (R),D
72,6TH KINGS ISLAND OPEN!,OPEN,4,,12544264,ALEXANDER SHABALOV,2725 => 2719 (R),D
73,98TH ANNUAL US OPEN - 1997,U.S. OPEN!,9,,12544264,ALEXANDER SHABALOV,2747 => 2729 (R),W
74,2ND BRADLEY OPEN!,OPEN,5,,12528454,ALEKS WOJTKIEWICZ,2704 => 2690 (R),W
75,2ND ANNUAL PCA/INTEL NY QUALIF,,1,,12514557,JAAN EHLVEST,2708 => 2721 (R),L
76,1995 MERMAID BEACH CLUB GRANDM,,2,,10469007,NICK E DE FIRMIAN,2700 => 2682 (R),D
77,3RD ANNUAL CHICAGO OPEN,OPEN,6,,10469007,NICK E DE FIRMIAN,2705 => 2705 (R),D
78,NEW YORK OPEN - 1994,OPEN,8,,12544264,ALEXANDER SHABALOV,2718 => 2727 (R),D
79,NAT'L US CHAMPIONSHIP,,1,,12534917,ALEX YERMOLINSKY,2725 => 2751 (R),L
80,NAT'L US CHAMPIONSHIP,,2,,12544264,ALEXANDER SHABALOV,2708 => 2739 (R),D
81,NAT'L US CHAMPIONSHIP,,3,,12528459,GATA KAMSKY,2762 => 2756 (R),D
82,NAT'L US CHAMPIONSHIP,,6,,12543746,GREGORY KAIDANOV,2702 => 2696 (R),W
83,NEW YORK OPEN 1993,OPEN,8,,12556825,IGOR NOVIKOV,2749 => 2681 (R),D
84,FIDE ZONAL & US INVIT CHESS CH,,7,,12534917,ALEX YERMOLINSKY,2717 => 2696 (R),W
85,MIDWEST CLASS CHAMPIONSHIPS,MASTER,3,,12543746,GREGORY KAIDANOV,2725 => 2728 (R),D
2,2011 U.S. CHAMPIONSHIP,GROUP A,1,,12528459,GATA KAMSKY,2808 => 2807 (R),D
